HRR,HRR name,Provider ID,Hospital Name,City,State,System,Table 1. Hospital information (2006),,Table 2. Medicare spending per decedent by site of care during the last two years of life (deaths occurring 2006),,,,,,,,,Table 3. Medicare Part B spending by type of service (BETOS category) per decedent during the last two years of life (deaths occurring 2006),,,,,,Table 4. The Medical Care Cost Equation: Disaggregation of hospital (facility) reimbursements per decedent into contributions of volume (patient days per decedent) and price (average reimbursements per day in hospital) during the last two years of life (deaths occurring 2006),,,,,,,,Table 5. The Medical Care Cost Equation: Disaggregation of payments for physician visits per decedent into contributions of volume (physician visits per decedent) and price (average payments per physician visit) during the last two years of life (deaths occurring 2006),,,,,,,,"Table 6. Resource inputs per 1,000 decedents during the last two years of life (deaths occurring 2006)",,,,,,,,,,,Table 7. The patient experience of end-of-life care (deaths occurring 2006),,,,,,,,,,,"Table 7, continued. The patient experience of end-of-life care (deaths occurring 2006)",,,,,,,,
,,,,,,,Number of deaths among chronically ill patients assigned to hospital,Hospital care intensity index (standardized ratio of inpatient days and inpatient visits),Total Medicare spending,Inpatient sector,Outpatient sector,SNF/Long-term care sector,Home health sector,Hospice sector,Ambulance,Durable medical equipment,Other,Total Part B spending,Evaluation & management services,Procedures,Imaging,Tests,Other,Hospital reimbursements per decedent,Hospital days per decedent,Reimbursements per patient day,Ratios to U.S. average,,,,,Payments for physician visits per decedent,Physician visits per decedent,Payments per physician visit,Ratios to U.S. average,,,,,Hospital beds,Intensive care beds,,,Medical & surgical unit beds,SNF beds,Standardized FTE physician labor,,,,RNs required under proposed federal standards,Hospital days per decedent*,Intensive care days per decedent*,,,Medical & surgical unit days per decedent*,SNF days per decedent*,Physician visits per decedent*,,,,Home health agency visits per decedent*,Percent of deaths occurring in hospital,Percent of deaths that included an ICU admission,Percent enrolled in hospice*,Hospice days per decedent*,Percent of patient seeing 10 or more different physicians*,Number of different physicians seen per decedent*,Average co-payments per decedent during the last two years of life,,
,,,,,,,,,,,,,,,,,,,,,,,,,,,Hospital reimbursements,=,Hospital days,x,Reimbursements per day,,,,Physician visit payments,=,Physician visits,x,Payments per visit,,Total,High-intensity,Intermediate-intensity,,,Total,Medical specialist,Primary care,Ratio MS/PC,,,Total,High-intensity,Intermediate-intensity,,,Total,Medical specialist,Primary care,Ratio MS/PC,,,,,,,,Total,Physician services,Durable medical equipment
312,NC- DURHAM,490079,Memorial Hospital,Martinsville,VA,"LifePoint Hospitals, Inc",416,0.920472621917725,46397.9796981812,24713.3484036922,6536.13205367327,8737.50304389,2984.71671700478,843.5863177,677.894274830818,1760.6839376688,144.117217970383,6628.67124938965,3212.7438931683,1270.70062051444,634.463207607494,441.638509775487,1069.06958074868,21883.7034860812,22.9719738008747,952.626171112061,0.78999999910593,=,1.0599999986589,x,0.743341062217951,3215.67999997735,55.6408086012103,57.789999961853,0.679999999701977,=,0.78999999910593,x,0.859558906406164,62.9399719238281,27.2699890136719,11.0599975585938,16.2099914550781,35.6599731445313,92.9199829101563,22.2779946885122,7.32411910176337,10.7342635458906,0.681999683380127,59.552978515625,13.880258113883,6.2544787312001,2.95665081316524,3.29782791803486,7.62577938268287,16.9399871826172,31.986412523421,11.3082071893653,18.2810416330179,0.61899995803833,7.95999908447266,45.0433215868547,27.4803105657466,12.0664520263672,4.76101303100586,29.1200442344469,7.65663056706631,2505.16547214985,2000.42268371582,504.742788460106
312,NC- DURHAM,490075,Danville Regional Medical Center,Danville,VA,"LifePoint Hospitals, Inc",543,0.865677833557129,45633.8060836792,24162.2065427303,9376.42147147655,6920.36206191778,1603.24857094884,453.5335028,773.205618709326,2214.7448400557,130.038032106087,11098.421875,4037.06485628705,1934.02071204109,1089.7801686123,779.813966739746,3257.67474859953,20569.1725815865,19.5903260342373,1049.96580886841,0.739999998360872,=,0.899999998509884,x,0.819295883178711,4060.25999999046,62.1026709941246,65.3799998760223,0.859999999403954,=,0.879999998956919,x,0.972388751804829,53.6699829101563,4.56999969482422,4.07999801635742,0.489999771118164,49.0999755859375,73.1099853515625,24.2266336550921,9.7865776195509,8.94139837758513,1.09499931335449,43.4369812011719,12.1492116939676,1.23263495671576,1.14931800179998,0.0833169549157846,10.9165767372519,14.5399932861328,31.1528648935229,15.9020870603469,12.8831064125515,1.23399925231934,5.05999755859375,43.6922133520635,13.6629849581297,10.8782348632813,3.41519165039063,46.9468456318134,9.61262924115296,3308.48031765223,2693.1875,615.292817674577
312,NC- DURHAM,490013,Halifax Regional Health System,Halifax,VA, ,277,,,,,,,,,,,,,,,,,23101.2074328669,19.1067766328415,1209.05832672119,0.829999998211861,=,0.879999998956919,x,0.943436920642853,,,,,,,,,52.3499755859375,8.32999420166016,7.46999740600586,0.859999656677246,44.0099792480469,63.7699890136719,,,,,45.0799865722656,11.9471240036284,2.25007919645307,2.12370442254205,0.126374773911015,9.6970448071753,11.6899948120117,,,,,4.01999664306641,43.9940734838154,17.3836835483646,19.6713714599609,7.12168502807617,,,,,
320,NC- WINSTON-SALEM,490115,Twin County Regional Hospital,Galax,VA, ,212,,,,,,,,,,,,,,,,,20801.499285204,16.6085215044387,1252.45942306519,0.75,=,0.759999999776483,x,0.977303108200431,,,,,,,,,45.5,10.0499954223633,8.3699951171875,1.67999935150146,35.4499816894531,114.819946289063,,,,,40.8269958496094,9.8418131675503,2.47058109857881,2.25610336337842,0.214477735200398,7.37123206897148,17.6599884033203,,,,,13.7799987792969,40.9011253310058,20.122678284929,17.1802520751953,6.67132568359375,,,,,
376,TN- KINGSPORT,490127,Buchanan General Hospital,Grundy,VA, ,87,,,,,,,,,,,,,,,,,29942.2132673344,31.7164248634435,944.060163497925,1.07999999821186,=,1.45999999716878,x,0.736656943336129,,,,,,,,,86.8899536132813,15.7599945068359,11.7799987792969,3.97999954223633,71.1299438476563,80.7999877929688,,,,,75.0009765625,17.9943571501751,3.88570768231277,3.04396747909136,0.841740203221406,14.1086494678623,14.1799926757813,,,,,14.5799942016602,53.0356754350591,26.6668652723515,26.048583984375,11.9311981201172,,,,,
376,TN- KINGSPORT,490114,Wellmont Lonesome Pine Hospital,Big Stone Gap,VA,Wellmont Health System,94,,,,,,,,,,,,,,,,,25668.340249439,25.1355314528547,1021.19743347168,0.919999999925494,=,1.15999999642372,x,0.796847712248564,,,,,,,,,68.8599853515625,31.5299987792969,10.4099960327148,21.1199951171875,37.3399963378906,83.5499877929688,,,,,64.7329711914063,15.9841987689902,8.39003322154965,2.46827335874446,5.92175986280518,7.59416554744059,15.6199951171875,,,,,16.9499969482422,28.3630107634439,19.8800983031775,34.4505615234375,5.99498748779297,,,,,
376,TN- KINGSPORT,490002,Russell County Medical Center,Lebanon,VA, ,101,,,,,,,,,,,,,,,,,24968.0920524475,25.8953087922182,964.193639755249,0.899999998509884,=,1.18999999761581,x,0.752367241308093,,,,,,,,,70.949951171875,21.9299926757813,7.02999877929688,14.8999938964844,49.0199890136719,66.5499877929688,,,,,62.2059936523438,14.5456359978886,6.1107215670374,1.74966952895018,4.36105203808722,8.43491443085125,14.6899948120117,,,,,28.6699981689453,45.7975393626072,30.5522143781315,23.7032165527344,9.42905426025391,,,,,
376,TN- KINGSPORT,490012,Lee Regional Medical Center,Pennington Gap,VA,Wellmont Health System,90,,,,,,,,,,,,,,,,,24200.677726897,30.8231655202889,785.14575958252,0.869999999180436,=,1.41999999806285,x,0.612654890865088,,,,,,,,,84.449951171875,13.0299987792969,11.2899932861328,1.75,71.4199829101563,92.9099731445313,,,,,72.2359619140625,17.038764388991,2.96883552765996,2.75482143355746,0.2140140941025,14.0699288613311,11.879997253418,,,,,9.52999877929688,44.6923560333728,26.6987706800307,,,,,,,
376,TN- KINGSPORT,490060,Clinch Valley Medical Center,Richlands,VA,"LifePoint Hospitals, Inc",139,,,,,,,,,,,,,,,,,23568.260809321,29.1822217130446,807.623937606812,0.849999999627471,=,1.33999999985099,x,0.630194773897529,,,,,,,,,79.949951171875,9.79999542236328,7.32999801635742,2.47999954223633,70.1499633789063,29.0099945068359,,,,,66.0779418945313,17.5792815801617,2.74525609408528,2.03369779400267,0.711558300082606,14.8340254860764,6.79999923706055,,,,,23.9399871826172,40.3374612468801,19.3035587353263,38.3402099609375,18.8183135986328,,,,,
376,TN- KINGSPORT,490053,Johnston Memorial Hospital,Abingdon,VA, ,254,,,,,,,,,,,,,,,,,18568.1760241772,16.7789696240611,1106.63386535645,0.669999999925494,=,0.769999999552965,x,0.863514374941587,,,,,,,,,45.969970703125,8.72999572753906,6.19999694824219,2.52999877929688,37.239990234375,49.5399780273438,,,,,39.7619934082031,10.7040070742012,1.98440258678427,1.48046944114391,0.503933145640353,8.71960448741691,11.0999984741211,,,,,15.3699951171875,36.7619724381226,20.4320119422815,39.3233032226563,11.7224578857422,,,,,
376,TN- KINGSPORT,490038,Smyth County Community Hospital,Marion,VA,Mountain States Hlth Alliance,164,,,,,,,,,,,,,,,,,17543.9153426291,17.497915558439,1002.62887191772,0.629999998956919,=,0.809999998658895,x,0.782358529046178,,,,,,,,,47.9399719238281,8.94999694824219,6.84999847412109,2.09999847412109,38.989990234375,59.6599731445313,,,,,41.614990234375,11.4987860537336,2.07863463477981,1.73349548810437,0.345139146675448,9.42015141895381,12.4199981689453,,,,,11.6799926757813,41.4821295888656,20.7176886579918,29.2906494140625,12.8761749267578,,,,,
426,VA- ARLINGTON,490040,Inova Alexandria Hospital,Alexandria,VA,Inova Health System,431,1.38617134094238,66096.1313323975,34214.0276865959,14085.0575664043,9951.4261225462,2490.62926545739,2929.645404,888.523966453969,1123.15476793051,410.953540343308,15523.8879699707,6439.22012175759,2813.66437923382,1494.39243506767,862.011167217285,3914.66169208288,28564.3490403821,29.5008079169398,968.256500244141,1.0299999974668,=,1.35999999940395,x,0.755537519231439,6439.8599999547,88.1649331214966,73.039999961853,1.35999999940395,=,1.25,x,1.08636794611812,80.8199462890625,42.75,11.8099975585938,30.9499969482422,38.0699768066406,70.4299926757813,33.9541438119957,15.5622407438429,11.9072283094651,1.30699920654297,77.208984375,16.8057310753051,9.19646441140347,2.90150446708689,6.29495994431659,7.60926666390161,12.7199935913086,42.0466346570388,24.4839631515329,15.3466200535215,1.59499931335449,4.29999923706055,32.5166501963695,27.3830226314002,41.7843933105469,13.501594543457,54.8432496410902,11.8909763498953,4379.40325373411,4087.91833496094,291.484918791801
426,VA- ARLINGTON,490050,Virginia Hospital Center,Arlington,VA, ,526,1.08720302581787,65077.3037261963,33897.9676823616,12231.9343129396,8867.23213303089,3796.4749673903,3851.097029,579.920721434057,1442.07373166084,410.6675187616,13020.5536804199,5440.27337072258,2408.898534849,1342.06369358055,729.497075411601,3099.84000810981,29676.376278048,25.1962875440175,1177.80749130249,1.06999999657273,=,1.15999999642372,x,0.919051667675376,5441.21999996901,72.6212649160715,74.9299998283386,1.14999999850988,=,1.0299999974668,x,1.11436847597361,69.0299682617188,13.8099975585938,10.4099960327148,3.39999961853027,55.219970703125,59.1999816894531,29.9029819047863,12.6769967495446,10.7927628734117,1.17499923706055,60.4339904785156,14.5531190720566,3.61141770734477,2.96646062688419,0.644957080460576,10.9417013647118,10.4299926757813,35.611788720544,19.5491391699753,12.5373322512916,1.55899906158447,7.47999954223633,33.0789799084647,22.8768313793039,49.0180053710938,16.1153106689453,54.6927050971727,11.2112441709687,3765.67532902956,3388.94338989258,376.731939163059
426,VA- ARLINGTON,490063,Inova Fairfax Hospital,Falls Church,VA,Inova Health System,859,1.08077144622803,63350.5468597412,31302.6574394703,13481.4199467897,8847.9023360014,2544.32239452004,3991.126508,1023.15335582197,1446.24699991941,712.920034209106,15405.3403930664,5719.7834784216,2766.89019502872,2016.3855685128,1012.83737993347,3889.45447662473,27047.0045362805,23.3043236062092,1160.60028076172,0.969999998807907,=,1.06999999657273,x,0.905624756589532,5721.3599999547,78.4220972948318,72.9599997997284,1.20999999716878,=,1.10999999940395,x,1.08506760373712,63.8499755859375,29.5199890136719,8.85999298095703,20.6699981689453,34.3199768066406,65.97998046875,31.2109172060357,15.1298269828489,10.5951284044502,1.42799949645996,59.6959838867188,13.9379055888071,6.72092552227001,2.08542631312427,4.63549920914574,7.21698006653711,13.1499938964844,37.1317937062088,22.4311044611766,12.4403739766255,1.80299949645996,5.93999862670898,29.5665532860377,22.2826505159797,50.81201171875,16.7656402587891,54.7506603602215,11.8865475547258,4291.44210350513,3919.79251098633,371.649592548609
426,VA- ARLINGTON,490101,Inova Fair Oaks Hospital,Fairfax,VA,Inova Health System,259,,,,,,,,,,,,,,,,,28390.8769301902,23.617377943649,1202.11807250977,1.01999999955297,=,1.08999999985099,x,0.938021391630173,,,,,,,,,64.7099609375,37.1899719238281,10.5,26.6899871826172,27.5199890136719,54.0399780273438,,,,,63.073974609375,14.8815766492972,8.8164236539797,3.13650194830124,5.67992170567847,6.06515299531745,11.7899932861328,,,,,5.79999923706055,25.3128425391696,19.4838600060639,53.2257690429688,19.6013793945313,,,,,
426,VA- ARLINGTON,490113,Potomac Hospital,Woodbridge,VA, ,222,,,,,,,,,,,,,,,,,28087.0065028845,23.3710657829753,1201.7854347229,1.00999999791384,=,1.07999999821186,x,0.937761830165982,,,,,,,,,64.0299682617188,14.7599945068359,11.3499984741211,3.41999816894531,49.2699890136719,50.5,,,,,57.3879699707031,14.4723655427886,4.17768860017881,3.27227508438594,0.905413515792869,10.2946769426098,9.80999755859375,,,,,8.35999298095703,38.7343844977979,26.8029644257191,39.8865966796875,13.6887054443359,,,,,
426,VA- ARLINGTON,490107,Reston Hospital Center,Reston,VA,HCA,196,,,,,,,,,,,,,,,,,27528.3369602873,24.8145864981118,1109.36109924316,0.989999998360872,=,1.13999999687076,x,0.865642454475164,,,,,,,,,67.989990234375,27.739990234375,8.02999877929688,19.7099914550781,40.25,56.1299743652344,,,,,61.93798828125,13.927960896499,6.12054132521521,1.96196883414591,4.15857249106929,7.8074195712838,10.3199996948242,,,,,4.6099967956543,35.0640509695973,20.2111444763784,53.2022094726563,30.2180633544922,,,,,
426,VA- ARLINGTON,490122,Inova Mount Vernon Hospital,Alexandria,VA,Inova Health System,243,,,,,,,,,,,,,,,,,26599.7907349533,25.8480698144284,1029.08228302002,0.959999999031425,=,1.18999999761581,x,0.803000316023827,,,,,,,,,70.8199462890625,32.9499816894531,11.879997253418,21.0699920654297,37.8699951171875,54.7699890136719,,,,,67.2889404296875,15.7137791483284,7.60994987610871,3.33615349783869,4.27379637827002,8.10382927221967,10.5599975585938,,,,,6.33999633789063,28.5143281506688,21.3241778364677,46.084716796875,13.5287551879883,,,,,
426,VA- ARLINGTON,490023,Fauquier Hospital,Warrenton,VA, ,190,,,,,,,,,,,,,,,,,26027.2633261569,21.7376244364651,1197.337059021,0.929999999701977,=,1,x,0.9342907294631,,,,,,,,,59.5599975585938,11.4499969482422,9.56999969482422,1.8799991607666,48.1099853515625,67.2699584960938,,,,,52.3159790039063,12.8957547081054,2.93317515231538,2.61684636773352,0.316328784581856,9.96257955579001,12.0999984741211,,,,,7.64999771118164,35.0754605995505,20.4237261793212,44.7268676757813,10.9430770874023,,,,,
426,VA- ARLINGTON,490043,Inova Loudoun Hospital,Leesburg,VA,Inova Health System,265,,,,,,,,,,,,,,,,,24021.8813292094,23.5816583766817,1018.66802215576,0.859999999403954,=,1.08999999985099,x,0.794873993843794,,,,,,,,,64.6099853515625,11.4899978637695,8.72999572753906,2.7599983215332,53.1199951171875,64.3299560546875,,,,,55.6929931640625,14.5419905945129,2.98777367867484,2.37210811425314,0.615665564421707,11.5542169158381,12.0499954223633,,,,,5.72999954223633,24.6480942772798,16.9876695759433,61.8840637207031,28.6053619384766,,,,,
426,VA- ARLINGTON,490045,Prince William Hospital,Manassas,VA, ,250,,,,,,,,,,,,,,,,,23061.416619732,17.3021123825088,1332.86711502075,0.829999998211861,=,0.799999998882413,x,1.04004580900073,,,,,,,,,47.3999938964844,10.5599975585938,8.28999328613281,2.26999855041504,36.8399963378906,48.0799865722656,,,,,42.3369750976563,10.8459774455019,2.93416975359579,2.35660164955881,0.577568104036978,7.91180769190607,9.69999694824219,,,,,6.61999893188477,27.7206050399979,17.6482422021337,56.4246826171875,15.7295608520508,,,,,
427,VA- CHARLOTTESVILLE,490009,University of Virginia Med Ctr,Charlottesville,VA, ,551,0.651813507080078,61861.3933410645,37928.07924366,10066.2356024981,6903.14095544815,2115.59113863111,2114.542725,1309.56336991489,1200.70206545293,221.979319333525,7362.70852661133,2449.43826399023,1640.88011902565,1146.59545080944,365.15024959635,1760.54770688713,35738.5620468333,18.5561319812563,1925.97045898438,1.2799999974668,=,0.849999999627471,x,1.50284861773252,2710.17999997735,46.9197562843031,57.7599999904633,0.569999998435378,=,0.669999999925494,x,0.859090209007263,50.8399963378906,16.489990234375,15.7299957275391,0.759999752044678,34.3499755859375,70.0499877929688,21.5798382432792,9.56086266568241,6.30460356366078,1.51599979400635,50.1179809570313,11.9152555393074,4.0605762304379,3.90375833012301,0.156817900314888,7.85467930886955,13.8499984741211,22.4781721260667,12.4748981347268,8.60458779527798,1.44999980926514,5.62999725341797,34.9271115085139,20.7122400350154,35.0746154785156,13.8629150390625,45.5585580729485,9.61219999495199,2746.67241859436,2398.23684692383,348.435571685433
427,VA- CHARLOTTESVILLE,490018,Augusta Health Care,Fishersville,VA, ,527,0.723949909210205,55064.6557312012,26307.4821591377,12447.5182706118,10265.2545253038,1943.12058199942,1772.585381,499.400366868824,1645.41885448992,183.856974232279,10280.0033569336,3275.85157622231,2008.02128044822,577.799182606031,410.930256785123,4007.46364110708,23705.8353765498,18.8393966572127,1258.31181335449,0.849999999627471,=,0.869999999180436,x,0.981869770213962,3285.12999999523,52.1050398079399,63.0499999523163,0.689999999478459,=,0.739999998360872,x,0.937711533159018,51.6099853515625,18.0099945068359,5.8599967956543,12.1499938964844,33.6099853515625,100.989990234375,22.1000807432005,6.55794722728981,10.7578252405313,0.609999656677246,46.1409912109375,10.8043064217783,3.5549383011399,1.17861685295414,2.37632144818576,7.24936812063838,18.3599853515625,23.5794012351756,8.51997892309818,13.2933719725321,0.640999794006348,6.08999633789063,36.1478426245252,18.4624444154275,28.6151123046875,9.48536682128906,39.7034878757152,8.95490216171845,3230.42523902655,2793.60360717773,436.821631874889
427,VA- CHARLOTTESVILLE,490004,Rockingham Memorial Hospital,Harrisonburg,VA, ,515,0.846229553222656,53909.3773651123,28796.8964965343,10057.707659483,9152.23585534096,1787.48581214249,1517.897047,1008.78292271495,1306.51741610467,281.762764777361,7402.02046203613,3526.5228161471,1527.48607531974,683.728259233927,542.649118420166,1121.56541235745,25740.7979826957,20.9514779311178,1228.59103393555,0.919999999925494,=,0.959999999031425,x,0.958678431808949,3664.91999998689,56.3949096355545,64.9899997711182,0.769999999552965,=,0.799999998882413,x,0.966541033238173,57.3999938964844,13.5699996948242,5.75,7.81999969482422,43.8299865722656,86.2899780273438,23.4135462765635,9.08577219779628,9.51942618075961,0.953999996185303,49.3189697265625,12.1001320222552,2.98971298976704,1.52209537803957,1.46761761172747,9.11041903248813,16.2999877929688,27.2623994195867,11.3643341652634,12.7984729743664,0.887999534606934,4.86999893188477,36.7290892917468,19.7954722731649,23.4725952148438,10.3132095336914,52.7800452169214,10.3524396433832,2417.18816426396,2066.06195068359,351.126213591546
427,VA- CHARLOTTESVILLE,490077,Martha Jefferson Hospital,Charlottesville,VA, ,437,0.622852802276611,49379.2584609985,22891.3787031174,11848.8312369585,6120.77484869957,2681.63692867756,3419.100044,360.802649337798,1979.64365787804,76.0706861616434,11717.7152404785,3289.18574679785,2018.08763991575,576.33284275781,412.893640764694,5421.25639057159,20614.3226626337,14.8454540159216,1388.59495925903,0.739999998360872,=,0.679999999701977,x,1.08353064954281,3292.58999997377,54.0605477090995,60.9099999666214,0.699999999254942,=,0.769999999552965,x,0.905844535678625,40.6699829101563,5.01999664306641,4.63999938964844,0.379999876022339,35.6599731445313,46.5599975585938,21.888590591945,9.17276402724577,8.41394630409714,1.08999919891357,34.0769958496094,9.05127148251111,1.17799969656307,1.1172153984948,0.0607842980682697,7.87327178594804,9.64999389648438,23.2809894039102,11.650861725515,10.3778439632154,1.12299919128418,7.27999877929688,38.3351405299194,12.818926546296,37.4570922851563,18.2670440673828,35.0490884529761,9.06765462616941,3562.98432821035,3055.33673095703,507.647597253323
427,VA- CHARLOTTESVILLE,490019,Culpeper Regional Hospital,Culpeper,VA, ,192,,,,,,,,,,,,,,,,,27358.0565796604,17.7235581214972,1543.59843444824,0.97999999858439,=,0.819999998435378,x,1.20448097214103,,,,,,,,,48.5599975585938,10.2799987792969,9.92999267578125,0.349999904632568,38.2799987792969,67.699951171875,,,,,43.9509887695313,11.3086455266172,2.96103810767618,2.94446513319292,0.0165729744832622,8.34760741894099,12.9099960327148,,,,,5,36.1982535375798,19.1510703617259,20.8262329101563,7.13680648803711,,,,,
428,VA- LYNCHBURG,490021,Centra Health,Lynchburg,VA, ,1000,0.840753555297852,47358.6152954102,25438.8345520496,7537.28746503592,8402.58351206779,1964.97529679537,1703.828845,487.831700086594,1768.84205809236,54.4595090390924,8818.22677612305,3230.8094895792,1888.22268421746,841.07328409377,583.003216164667,2275.03727474809,22695.6496153642,20.6732483487526,1097.82696914673,0.819999998435378,=,0.949999999254942,x,0.856642290949821,3255.43999999762,57.5757391178265,56.539999961853,0.689999999478459,=,0.819999998435378,x,0.840942205861211,56.6399841308594,15.9699935913086,7.53999710083008,8.42999267578125,40.6699829101563,77.6799926757813,21.7313768362581,8.23089177424969,9.9894310624402,0.823999881744385,50.2419738769531,12.559137083434,3.5761847966113,1.88696843967907,1.68921635693223,8.98295228682268,14.8899993896484,28.8219832651438,12.7738278152447,14.2649334533728,0.894999980926514,5.30999755859375,32.7014848643467,17.7841264454689,26.4094848632813,10.3143692016602,44.0812186506621,9.37823056544715,2900.84078881145,2414.43978881836,486.400999996811
428,VA- LYNCHBURG,490088,Bedford Memorial Hospital,Bedford,VA,Carilion Clinic,105,,,,,,,,,,,,,,,,,17095.4547956803,15.7426386462345,1085.93325042725,0.609999999403954,=,0.719999998807907,x,0.847361536696553,,,,,,,,,43.1299743652344,11.9899978637695,7.83999633789063,4.15999984741211,31.1399993896484,48.1199951171875,,,,,39.2649841308594,9.34110716772073,3.18875762337884,1.9638697743984,1.22488784898044,6.15234954434189,10.0499954223633,,,,,3.18999862670898,26.1875809032354,18.390253199808,32.4078674316406,14.8624038696289,,,,,
429,VA- NEWPORT NEWS,490093,Sentara CarePlex Hospital,Hampton,VA,Sentara Healthcare,427,1.09941864013672,56974.795135498,27490.9176094532,14289.9317594767,6100.02393084764,2451.09372341633,1018.510531,3049.53085443377,2188.4805932343,386.276392413902,14848.9427490234,4824.30276932014,2892.1968451018,902.802092605536,850.006088251296,5379.58173745871,23160.825471914,23.513429503768,985.00414276123,0.829999998211861,=,1.07999999821186,x,0.768605824559927,4847.25999999046,81.2234813505882,59.6799999475479,1.01999999955297,=,1.14999999850988,x,0.887587571516633,64.4199829101563,18.25,8.97999572753906,9.26999664306641,46.1699829101563,52.0599975585938,29.9994871336333,15.7475711389704,8.00079901855429,1.96799945831299,57.3699951171875,15.2467425042283,4.74198974495063,2.69686868939106,2.04512105555957,10.5047527592777,12.1599960327148,44.9064199732479,28.5225133208343,13.5477896516716,2.10499954223633,8.02999877929688,42.1586198394046,23.2512039826752,22.6224060058594,7.21403503417969,63.4720818444358,13.3610328230575,4754.44743347168,4116.38888549805,638.058548003435
429,VA- NEWPORT NEWS,490052,Riverside Regional Med Ctr,Newport News,VA,Riverside Health System,570,0.746399402618408,48829.0331726074,23574.0556771755,11540.7440268993,6379.75975394249,2190.81664258242,1537.992166,1241.63831780851,1957.98949117959,405.981342290699,11413.2900085449,3393.16004849686,2307.83787060352,698.350257554099,892.162765283585,4121.73554813862,21116.6329005758,17.7144587496308,1192.05633926392,0.759999999776483,=,0.819999998435378,x,0.930170148611069,3403.75,58.6124904428888,58.0699999332428,0.719999998807907,=,0.829999998211861,x,0.863700499758124,48.5299987792969,15.4899978637695,7.25,8.25,33.0399780273438,58.25,22.7195999992068,10.0474292436689,7.57119892989716,1.32699966430664,43.8979797363281,10.9019320472699,3.49439872837973,1.91185658074843,1.5825421476313,7.40753331889013,12.2199935913086,28.44434135832,14.2074215694986,12.1783342265502,1.16699981689453,7.2599983215332,35.5342183196937,23.6972609216108,27.8215484619141,9.91734313964844,54.4230794233911,10.645393121894,3632.52092027664,3105.59460449219,526.926315784454
429,VA- NEWPORT NEWS,490066,Sentara Williamsburg Regional Med Ctr,Williamsburg,VA,Sentara Healthcare,285,,,,,,,,,,,,,,,,,21115.1911227641,19.0360474237327,1109.22139358521,0.759999999776483,=,0.879999998956919,x,0.865533443167806,,,,,,,,,52.1499938964844,19.3499908447266,6.12999725341797,13.2199935913086,32.7999877929688,57.5099792480469,,,,,47.0189819335938,11.9705006720566,4.41041418329313,1.62896969420597,2.78144448908715,7.5600864887635,9.47999572753906,,,,,8.78999328613281,39.7197348256698,25.7988225420856,34.9722900390625,9.29170227050781,,,,,
429,VA- NEWPORT NEWS,490041,Mary Immaculate Hospital,Newport News,VA,"Bon Secours Health System, Inc",188,,,,,,,,,,,,,,,,,20407.7864102925,21.3074501858959,957.777030944824,0.72999999858439,=,0.97999999858439,x,0.747360315173864,,,,,,,,,58.3799743652344,12.6999969482422,9.62999725341797,3.06999969482422,45.6799926757813,68.8699951171875,,,,,51.7749938964844,14.6566916601759,3.4356743307434,2.73698215033228,0.69869218041112,11.2210173294325,15.0499954223633,,,,,5.8599967956543,46.7428399233551,23.7147607215648,14.0661544799805,3.16856575012207,,,,,
429,VA- NEWPORT NEWS,490130,Riverside Walter Reed Hospital,Gloucester,VA,Riverside Health System,207,,,,,,,,,,,,,,,,,18738.6108057112,18.7937921582403,997.063850402832,0.669999999925494,=,0.859999999403954,x,0.778016103431582,,,,,,,,,51.489990234375,20.8299865722656,8.79999542236328,12.0299987792969,30.6599884033203,46.6299743652344,,,,,48.2219848632813,10.1818686190984,4.05950918519001,2.24638814797143,1.81312103721858,6.12235943390839,8.1199951171875,,,,,4.28999710083008,29.2290914404211,20.3669730855018,35.5635070800781,12.5074310302734,,,,,
430,VA- NORFOLK,490057,Sentara Virginia Beach Hospital,Virginia Beach,VA,Sentara Healthcare,524,1.171950340271,59315.3119506836,26042.4512748718,15286.1368237734,8213.67354142666,2846.50738146901,3016.835861,1030.91217906773,2227.92086866498,650.824659673049,16760.514465332,5550.45419513488,2729.72683875399,1424.64030346501,931.314110802015,6124.35197722912,21582.3072372057,23.9525957897944,901.042516708374,0.779999999329448,=,1.09999999776483,x,0.703089965507388,5550.44999998808,86.5694531727632,64.1199998855591,1.16999999806285,=,1.22999999672174,x,0.953586319461465,65.6199951171875,12.2399978637695,4.7599983215332,7.46999740600586,53.3899841308594,70.8199462890625,36.1419643702223,16.5209350489573,13.0862670237344,1.26199913024902,54.6589965820313,15.5918948827889,2.46386494321067,1.39833770341117,1.0655272397995,13.1280299395783,14,41.7803240139512,22.4032088954379,16.0710369542039,1.39399909973145,9.08999633789063,42.1496589231143,18.8828312627978,36.083984375,16.0459136962891,68.3208406588591,13.6635910080604,5014.95897036791,4425.31774902344,589.641221366823
430,VA- NORFOLK,490046,Sentara Leigh Hospital,Norfolk,VA,Sentara Healthcare,573,0.941521644592285,54830.2130737305,25497.5127975941,11542.0181475878,9663.82656729221,2696.67817249894,2244.862638,908.882218629122,1978.53667134047,297.873921931355,13094.0165405273,4559.49449100865,1931.33255864182,989.762618660843,767.634502408268,4845.8008210659,22082.2150219166,22.5083002360548,981.069862365723,0.78999999910593,=,1.03999999910593,x,0.765535878017545,4559.48999994993,63.7713329292324,71.5,0.959999999031425,=,0.909999998286366,x,1.06337724626064,61.6699829101563,17.1399993896484,7.89999771118164,9.25,44.5199890136719,67.4199829101563,25.5064639690222,10.0623413398691,10.2982429829315,0.976999759674072,54.4849853515625,13.396683250358,4.1824202384833,1.98866382084547,2.19375641763783,9.21426301187471,12.2399978637695,28.8845671023241,13.1620087284215,13.8449521968898,0.950999736785889,7.48999786376953,41.3270412295463,23.3160430925757,28.7012329101563,13.3760223388672,55.5853393112524,11.3958865208103,4028.33237692714,3455.7966003418,572.535776607692
430,VA- NORFOLK,490017,Maryview Medical Center,Portsmouth,VA,"Bon Secours Health System, Inc",516,0.986703395843506,52646.6500091553,26037.2597293854,11258.3278697729,7465.65763783455,3202.92539158463,1376.483847,1126.47025753558,1823.04063113034,356.395914008528,11251.1429443359,4399.17886648594,2328.36297094264,888.341792675143,710.530299418699,2924.70993191004,22303.3996751555,20.6534045262131,1079.88973999023,0.799999998882413,=,0.949999999254942,x,0.842645741999149,4402.13999998569,73.7838441878291,59.6599999666214,0.929999999701977,=,1.04999999701977,x,0.887357704341412,56.5799865722656,8.33999633789063,6.44999694824219,1.88999938964844,48.25,59.3299865722656,26.9248265320386,11.7729705978594,9.53339285797611,1.23499965667725,47.7449951171875,12.2568278374759,2.13847664112657,1.68983985931057,0.448636781815996,10.1183511963494,11.9699935913086,37.3846414367581,20.1729038952518,14.7935939322836,1.36399936676025,10.0199966430664,36.4505701983915,14.0929328401081,34.1544494628906,10.1649932861328,56.2148088378656,11.4524255569196,3715.06817293167,3186.62243652344,528.445736430585
430,VA- NORFOLK,490120,Chesapeake General Hospital,Chesapeake,VA, ,554,0.994590759277344,51978.2359161377,26402.4057590961,8593.40121269226,8548.91651415825,3621.52498364449,1443.78122,1183.71331752837,1940.73692980409,243.836151651178,9675.91235351563,4371.126754876,1626.8961123186,734.352258783723,568.870913369269,2374.70637232065,22949.5773065736,23.7150048992042,967.7239112854,0.819999998435378,=,1.08999999985099,x,0.755121937021613,4372.3599999547,64.4757540672015,67.8099999427795,0.919999999925494,=,0.919999999925494,x,1.0085928440094,64.969970703125,11.0899963378906,8.34999847412109,2.73999977111816,53.8799743652344,66.2599487304688,26.4928332714833,9.88857609763931,10.8926697315478,0.907999992370605,55.6769714355469,13.7688137293836,2.5897687129573,2.01180156137166,0.577967151585639,11.1790450164263,12.5699996948242,29.1501696004879,12.4823332656398,14.3088232651489,0.871999740600586,10.8099975585938,34.6144078557493,15.6970195868062,24.9321136474609,9.57674407958984,48.9252322767831,10.6228119458632,3201.67440143228,2645.29895019531,556.375451259315
430,VA- NORFOLK,490007,Sentara Norfolk General Hospital,Norfolk,VA,Sentara Healthcare,363,,,,,,,,,,,,,,,,,27268.2364716626,24.9659496250275,1092.2170715332,0.97999999858439,=,1.14999999850988,x,0.852264847606421,,,,,,,,,68.3999633789063,23.5099945068359,9.79999542236328,13.7099990844727,44.8899841308594,63.8199768066406,,,,,62.0749816894531,15.4070860036666,6.05944069839666,2.88411957371349,3.17532112468317,9.34764530526994,11.7099990844727,,,,,8.20999908447266,41.1238817016967,29.3433337343963,27.1661071777344,9.50433349609375,,,,,
430,VA- NORFOLK,490011,Bon Secours DePaul Med Ctr,Norfolk,VA,"Bon Secours Health System, Inc",353,,,,,,,,,,,,,,,,,22195.5036607465,20.5266615519279,1081.3011932373,0.799999998882413,=,0.939999999478459,x,0.843747109174728,,,,,,,,,56.239990234375,11.9799957275391,9.34999847412109,2.6299991607666,44.2599792480469,74.0799560546875,,,,,49.8479919433594,11.7839881787711,3.06412665417645,2.58407165820467,0.480054995971779,8.71986152459467,13.6599960327148,,,,,8.40999603271484,36.2185679131495,20.927325688591,31.8882141113281,15.1493225097656,,,,,
430,VA- NORFOLK,490092,Southampton Memorial Hospital,Franklin,VA,"Community Health Systems, Inc",124,,,,,,,,,,,,,,,,,22006.335421131,18.4152696645942,1195.00478744507,0.78999999910593,=,0.849999999627471,x,0.93247084133327,,,,,,,,,50.4499816894531,24.2999877929688,11.9699935913086,12.3399963378906,26.1499938964844,64.47998046875,,,,,49.8979797363281,11.4199436526286,6.62096821908475,3.21344208926265,3.4075261298221,4.79897543354384,13.9899978637695,,,,,8.71999359130859,39.6996789823638,31.7193734862085,23.013916015625,7.54288482666016,,,,,
430,VA- NORFOLK,490037,Shore Memorial Hospital,Nassawadox,VA, ,224,,,,,,,,,,,,,,,,,20946.0871789027,19.9783106877515,1048.44135665894,0.75,=,0.919999999925494,x,0.818106340244412,,,,,,,,,54.739990234375,12.7199935913086,10.8399963378906,1.8799991607666,42.0199890136719,60.75,,,,,49.6499938964844,11.0513054240539,2.62481873667743,2.44291219162479,0.18190654505264,8.42648668737646,10.7099990844727,,,,,8.1199951171875,26.4929512222768,17.9934065218263,53.9385681152344,26.9588165283203,,,,,
430,VA- NORFOLK,490119,Sentara Bayside Hospital,Virginia Beach,VA,Sentara Healthcare,255,,,,,,,,,,,,,,,,,20748.0850590459,20.0121283491242,1036.7755317688,0.75,=,0.919999999925494,x,0.809003414586186,,,,,,,,,54.8299865722656,12.6199951171875,5.56999969482422,7.04999923706055,42.2099914550781,82.9299926757813,,,,,47.0599975585938,11.9524572367158,2.98970570774809,1.617663589262,1.37204211848609,8.96275152896771,14.2199935913086,,,,,9.78999328613281,34.98383205195,19.8772105342121,33.6051635742188,14.1999969482422,,,,,
430,VA- NORFOLK,490044,Sentara Obici Hospital,Suffolk,VA,Sentara Healthcare,364,,,,,,,,,,,,,,,,,18441.9655916282,17.1627808880747,1074.53248214722,0.659999998286366,=,0.78999999910593,x,0.838465435430408,,,,,,,,,47.0199890136719,22.3399963378906,4.20999908447266,18.1299896240234,24.6799926757813,76,,,,,42.9549865722656,10.6414030093364,5.02975755053619,1.25444096775989,3.7753165827763,5.61164545880017,17.3299865722656,,,,,7.67999649047852,38.9549819423043,21.0153106841941,28.2417907714844,8.17664337158203,,,,,
431,VA- RICHMOND,490022,Mary Washington Hospital,Fredericksburg,VA, ,744,1.04000186920166,60338.5462799072,34607.9723958969,9679.4215426445,8005.23349040747,2299.5553765893,3209.743623,757.877356037498,1490.43284367025,288.36120514829,12154.1083374023,4415.76843119709,2498.99540094792,1356.57505455376,658.957867336655,3223.77478098869,30296.519061956,22.9002807824575,1322.97587585449,1.08999999985099,=,1.04999999701977,x,1.03232760354877,4469.12999999523,69.7552939212193,64.0699999332428,0.939999999478459,=,0.989999998360872,x,0.95288922265172,62.739990234375,17.7099914550781,6.11999893188477,11.5899963378906,45.0299987792969,72.449951171875,29.3302790229207,12.6190209547602,11.1336517159901,1.13299942016602,54.5449829101563,12.9777087514748,3.65781669675238,1.62071261510255,2.03710408164983,9.31989205472242,13.129997253418,32.8433770971051,15.3897793980043,14.8365628806107,1.03699970245361,5.52999877929688,34.3520557218829,17.7703634714103,43.5269775390625,16.4563751220703,48.7872313888164,10.9010043104163,3699.95504200459,3293.17950439453,406.775537632406
431,VA- RICHMOND,490059,Bon Secours St. Mary's Hospital,Richmond,VA,"Bon Secours Health System, Inc",593,1.03585624694824,56669.7190246582,27605.1341488361,10850.9995794296,8855.03283369541,2387.4319396615,3402.450401,1367.55859830976,1711.51922795177,487.251623322925,11290.0113830566,4133.06349620012,2445.06950956962,993.574590344068,562.664662210167,3155.65513089299,23974.2240143126,23.5401580178049,1018.4393825531,0.859999999403954,=,1.07999999821186,x,0.794695584103465,4149.27999997139,68.4953193113833,60.5799999237061,0.879999998956919,=,0.969999998807907,x,0.900965979322791,64.489990234375,12.0299987792969,9.01999664306641,3.0099983215332,52.469970703125,59.4599914550781,26.4726854594034,11.5608190827122,9.68047222158666,1.19399929046631,55.8849792480469,13.7215561886545,2.88343231403192,2.21559163704525,0.667840676986672,10.8381238746226,11.379997253418,33.0579959654386,18.1964381622374,12.8370662526098,1.41699981689453,6.37999725341797,38.6755527547464,14.484911922206,47.5616760253906,17.0196533203125,53.5561009958831,10.6647465064837,3354.71836793423,2902.6171875,452.101180437952
431,VA- RICHMOND,490112,CJW Medical Center,Richmond,VA,HCA,918,1.07771873474121,52067.7053375244,26357.6606936455,8969.20699453354,7741.41869729757,2970.54807454348,2676.228669,879.840250767767,2061.19786691666,411.552972807228,10024.5074462891,4120.28815488802,2016.92594609723,920.424434944418,627.419463823866,2339.35776227713,22753.1676648128,24.2346018341584,938.871114730835,0.819999998435378,=,1.11999999731779,x,0.732607891783118,4186.14999997616,71.007072624282,58.9499999284744,0.879999998956919,=,1.00999999791384,x,0.876817557960749,66.3999633789063,27.5199890136719,9.04999542236328,18.4699859619141,38.8699951171875,61.3699951171875,25.3749727289741,11.2349060137786,8.97742089817541,1.25099945068359,61.2029724121094,14.5944977198826,6.15051739839008,2.3662084201386,3.78430897825147,8.44398032149257,11.0499954223633,36.5635664901891,18.9217675943562,15.363101288207,1.23199939727783,7.77999877929688,34.0753750599126,21.75666809734,45.8684997558594,15.6205978393555,55.9737519666975,12.1620117284015,3284.10846602917,2703.67709350586,580.43137254566
431,VA- RICHMOND,490118,Henrico Doctors' Hospital,Richmond,VA,HCA,699,1.02034664154053,51198.2271118164,24773.0725643635,8890.62889361382,8741.67757105827,2074.64315199852,3953.028157,487.609458625317,2090.8944401145,186.757778357075,9878.4889831543,3869.5865042529,1886.72249938943,945.779691323816,567.003178994645,2609.39096319675,21485.2764578244,23.6719989534353,907.624086380005,0.769999999552965,=,1.08999999985099,x,0.7082256115973,3876.65999999642,66.0711682558638,58.6699999570847,0.819999998435378,=,0.939999999478459,x,0.872653534635901,64.8499755859375,24.6499938964844,6.46999740600586,18.1799926757813,40.1999816894531,62.8599853515625,24.3160354694901,10.7891335709894,8.77554926380746,1.22899913787842,58.0379943847656,12.810018467085,4.668814180809,1.50892711880488,3.15988706200412,8.14120428627596,10.7199935913086,31.8752472387333,17.8289568968006,12.3549308624704,1.44299983978271,5.05999755859375,33.342397584652,17.5532311103109,49.0918579101563,18.771728515625,53.2091944503673,10.8261532764585,3192.22863018513,2642.4375,549.791130185127
431,VA- RICHMOND,490069,Memorial Regional Medical Center,Mechanicsville,VA,"Bon Secours Health System, Inc",621,0.839836120605469,48817.8808441162,23097.9142456055,10343.2972739935,8551.57214868069,2367.78917646408,1812.72986,656.675394423306,1717.06886361539,270.787323365152,10576.0979003906,3664.86724453997,2230.96724069422,960.010930792921,617.417911791226,3102.84958830476,19737.583301801,18.6795049464945,1056.64381027222,0.709999999031425,=,0.859999999403954,x,0.824506774544716,3687.34999999404,60.8710618444229,60.5799999237061,0.779999999329448,=,0.859999999403954,x,0.900947820395231,51.1799926757813,5.83999633789063,4.8599967956543,0.979999542236328,45.3399963378906,65.4299926757813,24.6187677569531,9.76988538663306,9.84810015028312,0.991999626159668,42.27099609375,11.0522728306033,1.40929849957834,1.26326059166594,0.146037907912405,9.642974331025,12.4299926757813,27.0396032838471,12.1334344903317,13.4099800676997,0.904999732971191,5.65999984741211,35.1403415169753,10.7336729043055,38.5892944335938,12.0642013549805,45.6307924888776,9.70333646975379,3494.69576185942,2998.94213867188,495.753623187542
431,VA- RICHMOND,490032,VCU Health System,Richmond,VA, ,305,,,,,,,,,,,,,,,,,30948.7701614197,19.0651678591081,1623.31484985352,1.10999999940395,=,0.879999998956919,x,1.26668426766992,,,,,,,,,52.22998046875,17.5099945068359,10.7699966430664,6.73999786376953,34.72998046875,56.469970703125,,,,,48.9339904785156,11.9706201278519,4.38456220119981,2.77553371943642,1.60902848176339,7.58605792665211,11.1899948120117,,,,,6.96999740600586,41.6495198139324,26.3543409649832,32.35546875,11.9328842163086,,,,,
431,VA- RICHMOND,490020,John Randolph Medical Center,Hopewell,VA,HCA,227,,,,,,,,,,,,,,,,,26918.0776276457,30.6096700485677,879.397836685181,0.969999998807907,=,1.40999999642372,x,0.686200464144349,,,,,,,,,83.8599853515625,29.4199981689453,12.9699935913086,16.4499969482422,54.4499816894531,79.0899658203125,,,,,76.7349853515625,18.4507456944222,6.65047987441998,3.3875376973034,3.26294217711659,11.8002658200022,15.1599960327148,,,,,6.76999664306641,42.4040051090259,22.5536025786699,31.2003021240234,10.9659881591797,,,,,
431,VA- RICHMOND,490071,Retreat Hospital,Richmond,VA,HCA,178,,,,,,,,,,,,,,,,,26325.0844929691,31.1293401470381,845.667924880981,0.949999999254942,=,1.42999999970198,x,0.659880772233009,,,,,,,,,85.2899780273438,27.9299926757813,9.46999359130859,18.4699859619141,57.3499755859375,93.7699584960938,,,,,75.6819458007813,17.8475591738622,6.09279171223068,2.12258152236253,3.97021018986815,11.7547674616315,15.629997253418,,,,,5.5099983215332,36.9952935248031,22.2620639974432,38.8190002441406,14.288444519043,,,,,
431,VA- RICHMOND,490067,Southside Regional Med Ctr,Petersburg,VA,"Community Health Systems, Inc",379,,,,,,,,,,,,,,,,,24214.9332645476,25.5046246584702,949.433036804199,0.869999999180436,=,1.16999999806285,x,0.740849435329437,,,,,,,,,69.8799438476563,23.8699951171875,9.53999328613281,14.3299942016602,46.0099792480469,70.2999877929688,,,,,63.1439819335938,15.7646171090065,5.62240960981347,2.66541354822416,2.95699606158931,10.142207499193,14.0499954223633,,,,,6.09999847412109,41.5838810210932,25.7520070118268,30.825439453125,11.9103851318359,,,,,
431,VA- RICHMOND,490090,Southside Community Hospital,Farmville,VA, ,184,,,,,,,,,,,,,,,,,21734.157975219,21.4264961422341,1014.35894203186,0.779999999329448,=,0.989999998360872,x,0.791511587798595,,,,,,,,,58.6999816894531,15.6499938964844,8.06999969482422,7.56999969482422,43.0599975585938,95.2699584960938,,,,,51.9739990234375,12.6514269156257,3.24480390132194,1.87779370449568,1.36701019682626,9.40662301430375,18.8599853515625,,,,,6.33999633789063,30.4577371828503,15.8438630062426,30.6156005859375,15.2151260375977,,,,,
431,VA- RICHMOND,490098,Community Memorial Healthcenter,South Hill,VA, ,205,,,,,,,,,,,,,,,,,21257.7415456457,20.8164179979192,1021.20074272156,0.759999999776483,=,0.959999999031425,x,0.796850293874741,,,,,,,,,57.0299987792969,9.89999389648438,8.46999359130859,1.42999935150146,47.1399841308594,59.7099914550781,,,,,49.4809875488281,12.7775011861137,2.41695253216018,2.13739560123369,0.279556930926488,10.3605486539535,13.4899978637695,,,,,3.72999954223633,42.4067969501925,21.9968925748912,15.138069152832,6.84804916381836,,,,,
431,VA- RICHMOND,490097,Southern Virginia Reg Med Ctr,Emporia,VA,"Community Health Systems, Inc",118,,,,,,,,,,,,,,,,,20453.8761296169,19.2578216160117,1062.10746383667,0.72999999858439,=,0.889999998733401,x,0.828770104795694,,,,,,,,,52.7599792480469,9.65999603271484,5,4.65999984741211,43.0999755859375,70.8099975585938,,,,,44.4829711914063,11.6077108601986,1.97343294484391,1.13420461882608,0.839228326017831,9.63427791535465,14.9699935913086,,,,,3.19999885559082,43.0999935145719,20.7025601396205,10.0696334838867,4.96543884277344,,,,,
431,VA- RICHMOND,490084,Riverside Tappahannock Hospital,Tappahannock,VA,Riverside Health System,137,,,,,,,,,,,,,,,,,19410.9993134631,14.2509882538369,1362.08092498779,0.699999999254942,=,0.659999998286366,x,1.0628415569663,,,,,,,,,39.0399780273438,12.3699951171875,7.06999969482422,5.29999923706055,26.6699981689453,42.0899963378906,,,,,35.9129943847656,8.39021722662599,2.63689514997777,1.43758440405415,1.19931074592362,5.75332207664822,9.00999450683594,,,,,7.80999755859375,27.4741677798152,18.8068177912895,39.6626281738281,20.6151275634766,,,,,
431,VA- RICHMOND,490123,Rappahannock General Hospital,Kilmarnock,VA, ,168,,,,,,,,,,,,,,,,,15636.7905690199,16.1838434242961,966.197591781616,0.559999998658895,=,0.739999998360872,x,0.753930939361453,,,,,,,,,44.3399963378906,14.9499969482422,13.2799987792969,1.66999912261963,29.3899993896484,38.1899719238281,,,,,43.6339721679688,9.41742481192757,3.1106252899738,2.95240426810331,0.158221021870488,6.30679952195377,8.00999450683594,,,,,10.4599990844727,36.9378159228215,19.6752075570592,25.9982757568359,8.17183685302734,,,,,
432,VA- ROANOKE,490048,Lewis-Gale Medical Center,Salem,VA,HCA,630,0.941747188568115,50431.5869445801,22134.1000473499,12278.4512124062,9331.2739828825,1760.23819422722,1941.555055,1033.40361683071,1668.23319248855,284.361743543932,13902.5621337891,3938.53317232356,2145.72278280603,679.642484886152,689.115780029691,6449.55650359392,19024.8016921239,21.1605709195192,899.068449020386,0.679999999701977,=,0.969999998807907,x,0.701549585908651,3939.58999997377,65.6207148575908,60.039999961853,0.829999998211861,=,0.929999999701977,x,0.892907856032252,57.969970703125,9.89999389648438,8.41999816894531,1.47999954223633,48.0799865722656,82.4299926757813,22.6634588296869,10.3387518135011,8.09525662867641,1.27699947357178,50.1659851074219,12.6709845209283,2.63913319643518,2.28144330132901,0.357689895106167,10.0318513244931,15.1999969482422,32.2384240445608,17.9976844635226,12.0023469148431,1.5,4.88999938964844,34.8177630197481,19.0338272844611,31.0814971923828,12.1024398803711,48.634642504393,9.85397956654225,4035.8726143837,3577.64404296875,458.228571426123
432,VA- ROANOKE,490024,Carilion Medical Center,Roanoke,VA,Carilion Clinic,1015,0.923677444458008,49204.8585891724,26597.478972435,8409.49299442768,8255.12148857117,1673.06579127908,1624.938491,1055.60127981007,1267.30676543713,321.793385105814,9341.41928100586,3390.25743998333,2034.37273054992,679.87465573247,724.084333457474,2512.74455410242,23508.1426428672,22.2947718208715,1054.42400360107,0.839999999850988,=,1.0299999974668,x,0.822774644941092,3408.33999997377,59.7787562313951,57.0199999809265,0.719999998807907,=,0.849999999627471,x,0.847992734983563,61.0799865722656,25.5899963378906,8.06999969482422,17.5199890136719,35.489990234375,84.8799438476563,22.7011593512741,8.26583810397068,8.92289734386418,0.925999641418457,56.2449951171875,13.6643566896205,5.6877284251177,1.90632062218906,3.78140780292864,7.97662826450279,16.5699920654297,29.0921532589864,12.0914980150262,14.3607770742599,0.841999530792236,4.77999877929688,40.9978228543659,26.4402839647254,27.2278289794922,11.9712448120117,41.9918948124444,9.98852848629273,2990.08822357655,2635.54339599609,354.544827584177
432,VA- ROANOKE,490116,Pulaski Community Hospital,Pulaski,VA,HCA,134,,,,,,,,,,,,,,,,,28602.7543943567,25.9065522517091,1104.07413864136,1.0299999974668,=,1.18999999761581,x,0.861517000943422,,,,,,,,,70.97998046875,12.5599975585938,9.16999816894531,3.39999961853027,58.4099731445313,94.719970703125,,,,,60.9559936523438,16.4208441150476,3.54325804866587,2.85315301179851,0.690105036867364,12.8775860663817,20.1599884033203,,,,,6.52999877929688,44.9859697706679,31.1382785073701,17.619384765625,6.51982879638672,,,,,
432,VA- ROANOKE,491302,Carilion Giles Memorial Hospital,Pearisburg,VA,Carilion Clinic,100,,,,,,,,,,,,,,,,,25020.4166900647,20.8544918954212,1199.76150894165,0.899999998509884,=,0.959999999031425,x,0.936182545498014,,,,,,,,,57.1399841308594,12.4899978637695,5.92999649047852,6.55999755859375,44.6499938964844,58.7899780273438,,,,,48.9369812011719,10.2318431166771,2.36228635652569,1.17337249945848,1.18891385706721,7.86955676015145,11.0899963378906,,,,,4.73999786376953,38.1518018649503,19.3327656950572,16.5646362304688,7.65582656860352,,,,,
432,VA- ROANOKE,490110,Montgomery Regional Hospital,Blacksburg,VA,HCA,206,,,,,,,,,,,,,,,,,23062.8420256575,24.4362463953664,943.796424865723,0.829999998211861,=,1.11999999731779,x,0.736451147124171,,,,,,,,,66.949951171875,37.4099731445313,5.83999633789063,31.5699920654297,29.5299987792969,71.719970703125,,,,,62.4859924316406,14.4391313366948,8.24059561563253,1.5687179204677,6.67187769516483,6.19853572106222,10.8999938964844,,,,,7.27999877929688,49.0321402056888,35.4064076255587,34.2122192382813,11.9347381591797,,,,,
432,VA- ROANOKE,490126,Alleghany Regional Hospital,Low Moor,VA,HCA,153,,,,,,,,,,,,,,,,,22462.8675103304,27.8471601872129,806.648410797119,0.809999998658895,=,1.2799999974668,x,0.629433562979102,,,,,,,,,76.2899780273438,17.0299987792969,9.60999298095703,7.41999816894531,59.2599792480469,93.43994140625,,,,,66.2839965820313,14.9899208736405,3.19986596175883,1.93421789953465,1.26564806222418,11.7900549118816,15.1799926757813,,,,,10.8099975585938,28.4773117210706,19.539408974793,40.6070251464844,15.5063247680664,,,,,
432,VA- ROANOKE,490089,Carilion Franklin Memorial Hosp,Rocky Mount,VA,Carilion Clinic,142,,,,,,,,,,,,,,,,,20625.5070889271,18.1382000427223,1137.1308631897,0.739999998360872,=,0.829999998211861,x,0.887311400845647,,,,,,,,,49.6899719238281,10.3999938964844,5.86999893188477,4.52999877929688,39.2999877929688,108.47998046875,,,,,42.802978515625,10.0172901104858,1.87901865705573,1.08486737558312,0.79415128147261,8.13827145343009,17.0799865722656,,,,,3.60999870300293,41.8242648108367,13.8916379349564,18.9688262939453,8.86334228515625,,,,,
432,VA- ROANOKE,490042,Carilion New River Vly Med Ctr,Christiansburg,VA,Carilion Clinic,258,,,,,,,,,,,,,,,,,19438.7223949701,18.4122829635309,1055.74753570557,0.699999999254942,=,0.849999999627471,x,0.823807405307889,,,,,,,,,50.4399719238281,21.3699951171875,5.5099983215332,15.8699951171875,29.0699920654297,48.7699890136719,,,,,45.9299926757813,10.500829975561,4.2661578430855,1.34746480997348,2.91869303311202,6.23467213247549,10.5699996948242,,,,,8.97999572753906,36.9098174854228,21.1895706884614,43.6642761230469,17.0178375244141,,,,,
432,VA- ROANOKE,490111,Wythe County Community Hospital,Wytheville,VA,"LifePoint Hospitals, Inc",138,,,,,,,,,,,,,,,,,19189.1450093475,18.9631214509851,1011.91911125183,0.689999999478459,=,0.869999999180436,x,0.789607768878341,,,,,,,,,51.9499816894531,10.6999969482422,6.06999969482422,4.62999725341797,41.2599792480469,79.2999877929688,,,,,44.6719970703125,10.6186671006834,2.62245643949176,1.24527477781002,1.37718166168175,7.99621066119169,15.4899978637695,,,,,8.85999298095703,44.5550770238695,23.5664436045761,35.3039855957031,14.2905883789063,,,,,
432,VA- ROANOKE,491304,Carilion Stonewall Jackson Hsp,Lexington,VA,Carilion Clinic,117,,,,,,,,,,,,,,,,,18805.1138237464,15.4392582226186,1218.00630187988,0.679999999701977,=,0.709999999031425,x,0.950419088825583,,,,,,,,,42.2999877929688,14.3099975585938,9.80999755859375,4.5099983215332,27.9799957275391,69.3999633789063,,,,,40.2069702148438,10.0298881292238,4.01011806769185,2.59335862037825,1.4167594473136,6.01977006153193,12.379997253418,,,,,6.80999755859375,29.88385388485,18.8055273242989,42.6088256835938,15.4146194458008,,,,,
435,VA- WINCHESTER,490005,Winchester Medical Center,Winchester,VA,Valley Health System,728,0.766464710235596,47442.6633300781,26934.7843604088,6829.39135509729,5957.52564793825,1608.933604002,3638.053404,471.257477279752,1807.16822619736,195.604611472657,7931.88629150391,2828.11484733813,1647.00222827292,693.062546333518,574.418255753767,2189.25085690618,24440.1036892394,18.8311991156207,1297.85169219971,0.879999998956919,=,0.869999999180436,x,1.01272302120924,2876.16999998689,51.6795212447718,55.6499999761581,0.609999999403954,=,0.72999999858439,x,0.827737405896187,51.5899963378906,6.72999954223633,6.20999908447266,0.529999732971191,44.8599853515625,47.3499755859375,21.2236092821403,6.84877680579474,10.346277730799,0.661999702453613,43.4819946289063,10.9753605660956,1.72001786914819,1.66995147362524,0.0500663955229521,9.25534269694744,9.25999450683594,24.4973707722786,8.39967920576165,14.0860256382364,0.595999717712402,3.95999908447266,32.6294557216242,12.968554301802,44.3388061523438,20.6010894775391,39.1507183577244,9.39077916518363,3080.13089457154,2577.23666381836,502.894230768085
435,VA- WINCHESTER,490033,Warren Memorial Hospital,Front Royal,VA,Valley Health System,143,,,,,,,,,,,,,,,,,22341.1415373312,17.3474345439019,1287.86429214478,0.799999998882413,=,0.799999998882413,x,1.00492978096008,,,,,,,,,47.5299987792969,7.31999969482422,6.88999938964844,0.429999828338623,40.1999816894531,64.8499755859375,,,,,40.9229736328125,9.18970267577336,1.53057373628126,1.50085385790687,0.0297198783743934,7.6591289394921,10.3099975585938,,,,,5.09999847412109,31.4372260637286,12.4717482564643,43.4100341796875,15.0215148925781,,,,,
435,VA- WINCHESTER,491305,Shenandoah Memorial Hospital,Woodstock,VA,Valley Health System,108,,,,,,,,,,,,,,,,,21764.0705676009,14.1833632666219,1534.47882080078,0.779999999329448,=,0.649999998509884,x,1.19736487418413,,,,,,,,,38.8599853515625,6.21999740600586,5.69999694824219,0.519999980926514,32.6399841308594,76.4099731445313,,,,,33.5479736328125,8.21675706777067,1.38668332341356,1.3599018858369,0.0267814375766568,6.83007374435711,13.8399963378906,,,,,3.80999946594238,21.9220515028509,,49.3924560546875,26.1209259033203,,,,,
