HRR,HRR name,Provider ID,Hospital Name,City,State,System,Table 1. Hospital information (2003-07),,,Table 2. Medicare spending per decedent by site of care during the last two years of life (deaths occurring 2003-07),,,,,,,,,Table 3. Medicare Part B spending by type of service (BETOS category) per decedent during the last two years of life (deaths occurring 2003-07),,,,,,Table 4. The Medical Care Cost Equation: Disaggregation of hospital (facility) reimbursements per decedent into contributions of volume (patient days per decedent) and price (average reimbursements per day in hospital) during the last two years of life (deaths occurring 2003-07),,,,,,,,Table 5. The Medical Care Cost Equation: Disaggregation of payments for physician visits per decedent into contributions of volume (physician visits per decedent) and price (average payments per physician visit) during the last two years of life (deaths occurring 2003-07),,,,,,,,"Table 6. Resource inputs per 1,000 decedents during the last two years of life (deaths occurring 2003-07)",,,,,,,,,,,Table 7. The patient experience of end-of-life care (deaths occurring 2003-07),,,,,,,,,,,"Table 7, continued. The patient experience of end-of-life care (deaths occurring 2003-07)",,,,,,,,,"Table 8. CMS Hospital Compare technical process quality measures (all patients, 2007)",,,
,,,,,,,Number of deaths among chronically ill patients assigned to hospital,Percent of enrollees' medical inpatient days at hospital to which they were assigned,Hospital care intensity index (standardized ratio of inpatient days and inpatient visits),Total Medicare spending,Inpatient sector,Outpatient sector,SNF/Long-term care sector,Home health sector,Hospice sector,Ambulance,Durable medical equipment,Other,Total Part B spending,Evaluation & management services,Procedures,Imaging,Tests,Other,Hospital reimbursements per decedent,Hospital days per decedent,Reimbursements per patient day,Ratios to U.S. average,,,,,Payments for physician visits per decedent,Physician visits per decedent,Payments per physician visit,Ratios to U.S. average,,,,,Hospital beds,Intensive care beds,,,Medical & surgical unit beds,SNF beds,Standardized FTE physician labor,,,,RNs required under proposed federal standards,Hospital days per decedent*,Intensive care days per decedent*,,,Medical & surgical unit days per decedent*,SNF days per decedent*,Physician visits per decedent*,,,,Home health agency visits per decedent*,Percent of deaths occurring in hospital,Percent of deaths that included an ICU admission,Percent enrolled in hospice*,Hospice days per decedent*,Percent of patient seeing 10 or more different physicians*,Number of different physicians seen per decedent*,Average co-payments per decedent during the last two years of life,,,Composite quality score,AMI score,CHF score,Pneumonia score
,,,,,,,,,,,,,,,,,,,,,,,,,,,,Hospital reimbursements,=,Hospital days,x,Reimbursements per day,,,,Physician visit payments,=,Physician visits,x,Payments per visit,,Total,High-intensity,Intermediate-intensity,,,Total,Medical specialist,Primary care,Ratio MS/PC,,,Total,High-intensity,Intermediate-intensity,,,Total,Medical specialist,Primary care,Ratio MS/PC,,,,,,,,Total,Physician services,Durable medical equipment,,,,
312,NC- DURHAM,490079,Memorial Hospital,Martinsville,VA,"LifePoint Hospitals, Inc",1967,94.9099999992177,0.879125118255615,44371.2363490305,23345.1300849915,6861.50770974159,8061.81708085537,2976.28584900498,618.0665743,612.499739281833,1725.39330406487,170.503485318907,6507.0088154382,3113.29580540444,1462.88213715094,583.162057211966,429.923847769558,917.688025429845,20523.308558088,21.840922296759,939.672246932983,0.769999999552965,=,1,x,0.774153722450137,3131.66999998689,53.3427162717239,58.7099999189377,0.679999999701977,=,0.759999999776483,x,0.901854284107685,59.8399963378906,26.1099853515625,9.72999572753906,16.3799896240234,33.72998046875,86.3099975585938,21.6995745281811,6.99897733132223,10.4830317116092,0.667999744415283,56.2729797363281,12.7669173521957,5.70663643123606,2.54500378109161,3.16163265014444,7.06028092095965,15.5799942016602,26.4955638109422,8.64054652077907,16.1184929173142,0.535999774932861,8.40999603271484,44.9157049833965,27.8467126118271,12.6891937255859,4.68015289306641,19.3486522718753,6.60246426346719,2357.16811913252,1869.94696968794,487.22114944458,89.6,89.75,87,90.75
312,NC- DURHAM,490075,Danville Regional Medical Center,Danville,VA,"LifePoint Hospitals, Inc",2897,97.4199999999255,0.842423439025879,44031.9489443258,23170.3153500557,9460.06962966919,6705.30951249599,1648.09172211587,528.5935558,547.843518845737,1855.25798657537,116.433671976729,10679.2164257511,3685.12197126343,1694.12457220725,917.795639420151,699.634076068702,3682.55207693577,20056.9340072035,19.1320637295071,1048.3413734436,0.75,=,0.869999999180436,x,0.863681331276894,3716.12999999523,61.8549497458102,60.0799999237061,0.809999998658895,=,0.879999998956919,x,0.922891993075609,52.4199829101563,5.3599967956543,5.01999664306641,0.339999914169312,47.0599975585938,71.1399536132813,22.6489511762876,9.14868517352162,8.72935408088985,1.04799938201904,43.1599731445313,11.9881944082352,1.38375107619337,1.33475443922549,0.0489966369678788,10.6044433320418,14.7299957275391,31.4345608847602,15.9257005452781,13.4206686003152,1.18699932098389,4.91999816894531,43.3002048343715,14.7854677439685,11.2239685058594,3.75326728820801,39.197925941457,8.75329510271792,3272.59117674828,2754.04060912132,518.550567626953,84.2727272727273,90.2,75,81.5
312,NC- DURHAM,490013,Halifax Regional Health System,Halifax,VA, ,1433,94.929999999702,0.802482128143311,42834.5568905976,25231.9916212559,6831.30572897196,5041.40656620264,1732.39491447806,998.4344448,1030.92525833845,1857.42637467384,110.657255750031,8093.12524965129,3251.97655232155,1417.30973812852,520.111816619525,596.858212777344,2306.87258371711,22342.6370304359,20.3406948535718,1098.42053985596,0.839999999850988,=,0.929999999701977,x,0.904939303174615,3511.45999997854,55.1056456936177,63.7199999094009,0.769999999552965,=,0.779999999329448,x,0.978872930631042,55.72998046875,8.12999725341797,7.38999938964844,0.739999771118164,47.5999755859375,52.8999938964844,19.4171656280091,9.07759113438386,6.49984851924433,1.39699935913086,47.5229797363281,12.3297911464842,2.1604912492014,2.02171931617025,0.138771933031154,10.1692998972828,10.3099975585938,27.2552297895082,17.1729407101839,8.32832930246598,2.06199836730957,5.28999710083008,40.9483350619154,17.6807683196538,22.9355163574219,6.804443359375,26.7576980262647,7.61722894606336,2576.84289929271,2065.8749999702,510.96789932251,90,97,97.5,79.25
320,NC- WINSTON-SALEM,490115,Twin County Regional Hospital,Galax,VA, ,1116,91.4399999994785,0.643087863922119,45907.2880017766,22001.992862463,6350.03027737141,8872.70919704437,3774.24801763892,1332.006747,1354.25741374493,2081.70542436838,140.316983446596,7663.00112137547,3045.0193629146,1336.88893382826,570.221110349101,473.946331903334,2237.01827454567,19727.3673256301,17.3516467526033,1136.91614151001,0.739999998360872,=,0.78999999910593,x,0.936654100194573,3090.11999997497,47.3858657663116,65.2099997997284,0.679999999701977,=,0.669999999925494,x,1.00175536796451,47.5399780273438,9.63999938964844,7.8599967956543,1.77999973297119,37.8999938964844,92.7099609375,19.4227781774047,3.35046827926875,12.5025461145607,0.267999887466431,41.9939880371094,10.5992277728042,2.42666886487088,2.05838719740828,0.368281667462601,8.17255890793337,16.6899871826172,21.7198639598344,4.03824883688846,16.1358927362974,0.25,14.0499954223633,41.4977408767541,20.4083832479487,19.5407409667969,7.78709030151367,21.7470313250924,7.05320131391625,2516.93385824561,1959.34246574342,557.59139251709,,,,
320,NC- WINSTON-SALEM,491306,RJ Reynolds Patrick Cty Mem Hosp,Stuart,VA, ,346,87.8799999998882,,,,,,,,,,,,,,,,,15882.5393971691,16.9473409085192,937.169994354248,0.599999999627471,=,0.769999999552965,x,0.772092228755355,,,,,,,,,46.4299926757813,,,,,90.1799926757813,,,,,,10.3188930121293,,,,,16.6999969482422,,,,,9.84999847412109,36.959256568305,,8.57376861572266,3.20124053955078,,,,,,,,,
376,TN- KINGSPORT,490002,Russell County Medical Center,Lebanon,VA, ,497,87.429999999702,1.08649635314941,57427.0404133851,28528.9301159382,5393.15659582615,7070.40235209465,10012.4720413685,1776.955933,2220.26979464293,2192.47630953789,232.334738256251,7991.07540391492,3586.95425609611,769.557551080372,542.397959607262,449.528880274822,2642.55572858453,25400.8625356813,27.6707352291159,917.9684715271,0.949999999254942,=,1.25999999791384,x,0.756272956728935,4062.75999999046,63.1535494858747,64.3299999237061,0.889999998733401,=,0.899999998509884,x,0.988231526687741,75.8099975585938,16.1999969482422,7.33999633789063,8.85999298095703,59.6099853515625,63.5799865722656,22.2420377598154,4.45085317558031,14.5191811205283,0.306999921798706,64.5769653320313,16.1179619615723,4.09173225125741,1.89428888716804,2.19744336408937,12.0262297103149,13.609992980957,30.6645071902312,7.09336291677412,21.3867963660593,0.331999778747559,32.1399841308594,45.3175350326013,25.2604935993829,22.2443237304688,10.0396041870117,24.4945160467695,7.54559421295887,2535.45243805647,1912.34579437971,623.106643676758,,,,
376,TN- KINGSPORT,490114,Wellmont Lonesome Pine Hospital,Big Stone Gap,VA,Wellmont Health System,461,84.5699999993667,1.01029396057129,57294.1517308324,28046.6816384792,7521.37230497599,10167.4616237879,5833.24110364914,1047.203512,2043.54782983661,2011.33574703336,623.233079872847,9640.38294577706,3761.56221933556,1235.159022279,667.659465861366,782.862590639586,3193.1616127789,25137.2093691813,27.2091461648911,923.851457595825,0.939999999478459,=,1.23999999836087,x,0.761119684204459,3992.26999998093,59.4402121812183,67.1599998474121,0.869999999180436,=,0.849999999627471,x,1.03174893930554,74.5499877929688,23.9299926757813,10.859992980957,13.0699996948242,50.6199951171875,84.68994140625,23.948353096192,4.81425682808832,14.9737785933632,0.321999788284302,67.322998046875,15.3348274199331,5.6471241976047,2.52873968675308,3.11838451085162,9.68770322232844,15.2099990844727,26.9381876121288,4.39291983096689,21.0428045134532,0.208999991416931,17.0899963378906,34.1717441443714,22.9034583118918,28.3256683349609,6.70591735839844,23.6303464719632,7.16918057681975,3171.1975903511,2616.08695650101,555.110633850098,,,,
376,TN- KINGSPORT,490060,Clinch Valley Medical Center,Richlands,VA,"LifePoint Hospitals, Inc",628,90.8199999993667,1.10050106048584,52570.3551926539,26237.4982373714,7972.24752390385,4163.97301727533,7084.4509678483,2749.18056,1561.29932780564,2670.99371403456,130.73540256752,8368.77757368109,3041.91752668897,1284.39801471616,712.492197591039,446.378513542615,2883.48634058237,23152.6482100553,28.2890864764935,818.430393218994,0.869999999180436,=,1.28999999910593,x,0.674268009141088,3498.69999998808,62.8093218240055,55.6999999284744,0.769999999552965,=,0.889999998733401,x,0.855690998956561,77.5,8.90999603271484,6.47999954223633,2.42999839782715,68.5999755859375,32.8799743652344,22.8913294212592,5.65983602510539,13.7863164977855,0.410999774932861,63.5959777832031,15.7272163154238,2.12305626475252,1.56111551591375,0.561940748838763,13.6041600506713,7.21999740600586,30.4872485866424,8.48529861828901,20.5972077972353,0.411999940872192,24.0999908447266,40.8055538777013,17.4443730226643,26.8614349365234,15.5907669067383,25.8306901208284,7.04382006495524,3168.72492218018,2377.5625,791.162422180176,92.1,91,90,94.25
376,TN- KINGSPORT,490127,Buchanan General Hospital,Grundy,VA, ,431,90.6599999992177,1.24760437011719,52132.7009216427,30385.7539801598,6062.72403264046,5852.96358758211,3218.11591166258,2419.121489,1760.92380648851,2370.49008840322,62.5594627950253,8185.16535732309,3150.34374461352,1216.4537541633,489.106642802334,250.866172366915,3078.32389521599,27186.5197198362,34.27703298234,793.140985488892,1.01999999955297,=,1.5599999986589,x,0.653433201834559,3433.50999999046,60.0560935430202,57.1699999570847,0.75,=,0.849999999627471,x,0.878245409578085,93.9099731445313,19.0899963378906,15.1899948120117,3.90999984741211,74.8199462890625,60.25,20.635657751723,4.25817469168511,12.7063930047189,0.334999799728394,82.7989501953125,18.5281613163576,4.17307235520787,3.30151616952196,0.871556185685904,14.3550889611497,9.93999481201172,28.2634121132342,5.29263710583545,20.7202723347392,0.254999876022339,9.96999359130859,43.3094084001873,25.6674103391431,26.7256164550781,15.5581893920898,,5.90187313631192,2882.80250558257,2192.867469877,689.935035705566,,,,
376,TN- KINGSPORT,490012,Lee Regional Medical Center,Pennington Gap,VA,Wellmont Health System,481,91.3299999991432,1.04007911682129,49596.7167634905,27307.2164635658,6222.10990458727,7455.37638026476,4512.05580353737,526.5522177,1383.15909664333,2027.26551939547,162.925593672073,7571.88106330002,3112.04321374642,1288.93022220444,546.904011632654,335.294994761926,2288.77834489942,24336.9299743867,27.5607211898653,883.029502868652,0.909999998286366,=,1.25999999791384,x,0.727488311007619,3683.64999997616,57.3490070847976,64.2299997806549,0.809999998658895,=,0.819999998435378,x,0.986706174910069,75.5099487304688,13.1499938964844,9.82999420166016,3.31999969482422,62.3599853515625,72.3499755859375,23.0830556206408,5.59756569452934,13.7116640640756,0.407999992370605,64.833984375,16.293469429621,3.19751835945937,2.50219797479336,0.695320384666008,13.0959510701617,12.6999969482422,26.3441865804516,5.41084997776905,19.3729108592582,0.278999805450439,14.0699996948242,50.8273801952907,25.5543187524513,10.2484359741211,3.64863014221191,25.4779342732115,7.49479232828183,2676.93482092023,2102.96808508039,573.966735839844,,,,
376,TN- KINGSPORT,490053,Johnston Memorial Hospital,Abingdon,VA, ,1275,91.3999999994412,0.755857467651367,48784.2373375198,20630.5395345688,8805.16214501858,7166.79024738073,4725.7636680603,2028.709471,3217.73389932513,1811.11362025142,398.438497345736,11428.0083509296,2806.28338603454,1479.09178853284,571.087384814128,658.318529601968,5913.25792783499,18212.0979435967,18.3403606847125,993.006530761719,0.679999999701977,=,0.839999999850988,x,0.818093439564109,2908.28999999166,51.8848657164556,56.0499999523163,0.639999998733401,=,0.739999998360872,x,0.861057950183749,50.25,10.3999938964844,6.56999969482422,3.81999969482422,39.8499755859375,58.7099914550781,19.6415248017675,7.18525933623981,8.45607742258164,0.849999904632568,43.5709838867188,11.0561151381543,2.34745817185426,1.68868035158194,0.658777820272316,8.70865696630009,11.4199981689453,26.0852744046839,10.5815388785528,13.6384619313119,0.775999546051025,15.1999969482422,39.5483195429451,19.6423731392237,32.3096923828125,13.0882110595703,29.2161301342476,7.60847245790917,3513.65019449592,3008.64705881476,505.003135681152,85.1,89.75,72,87
376,TN- KINGSPORT,490038,Smyth County Community Hospital,Marion,VA,Mountain States Hlth Alliance,765,92.0099999997765,0.619472980499268,40383.7076149786,18489.2161278725,6083.06536412239,6323.79165256023,3453.90925556421,1755.868314,2084.8225491941,1966.22532017529,226.799288714305,8423.83202195173,2519.02335369068,1275.11330664141,464.962066495185,425.453622181652,3739.09431266785,16375.6711759752,16.7489065278826,977.715837478638,0.619999999180436,=,0.759999999776483,x,0.8054961245507,2677.75,40.877560632635,65.5099999904633,0.589999999850988,=,0.579999998211861,x,1.00628126785159,45.8899841308594,8.20999908447266,5.83999633789063,2.36999893188477,37.6799926757813,53.8199768066406,16.5399813135208,3.75365272033759,9.15988291437362,0.409999847412109,39.3869934082031,10.4239967404274,1.91111629751113,1.45759822502678,0.45351807248435,8.51288044291624,11,19.2532388052427,4.0715323826973,13.0217712758486,0.312999963760376,10.9299926757813,39.7854321487265,18.3775632190261,24.2326354980469,10.884895324707,19.0000227584071,6.49239366235105,2758.54199895263,2212.64788731933,545.894111633301,,,,
376,TN- KINGSPORT,491303,Dickenson Community Hospital,Clintwood,VA, ,146,72.4599999999627,,,,,,,,,,,,,,,,,29505.1227316527,26.2725055982317,1123.04182815552,1.10999999940395,=,1.19999999925494,x,0.925223676487803,,,,,,,,,71.97998046875,16.8299865722656,11.9399948120117,4.87999725341797,55.1499938964844,67.8399658203125,,,,,64.1629638671875,14.6671221379181,4.18105983640521,3.04606927186381,1.1349905645414,10.4860623015128,14.3999938964844,,,,,25.9699859619141,43.8500067658115,26.7083594214086,18.9971466064453,13.7124633789063,,,,,,,,,
376,TN- KINGSPORT,490027,Mountain View Regional Med Ctr,Norton,VA,Wellmont Health System,335,85.3099999995902,,,,,,,,,,,,,,,,,28601.9614067196,29.1599176864938,980.865642547607,1.06999999657273,=,1.32999999821186,x,0.808091107755899,,,,,,,,,79.8899536132813,15.7899932861328,9.8699951171875,5.91999816894531,64.0999755859375,61.4599914550781,,,,,68.7989501953125,16.190984418174,3.83937799175013,2.63515613749692,1.20422185425321,12.3516064264239,10.3099975585938,,,,,13.75,44.0257538190447,20.4513441645156,17.3370819091797,4.34495544433594,,,,,,,,,
376,TN- KINGSPORT,490001,Norton Community Hospital,Norton,VA, ,396,82.7999999998137,,,,,,,,,,,,,,,,,28238.5970583313,25.5657364895562,1104.54854202271,1.0599999986589,=,1.16999999806285,x,0.909987891092896,,,,,,,,,70.0399780273438,21.4699859619141,16.1499938964844,5.31999969482422,48.5799865722656,50.1099853515625,,,,,65.9749755859375,14.5536175958472,5.23800369370762,3.88202931066546,1.35597438304216,9.31561390213959,9.10999298095703,,,,,21.4399871826172,45.9212687341037,31.2450308363824,25.6823883056641,13.6455459594727,,,,,,,,,
426,VA- ARLINGTON,490040,Inova Alexandria Hospital,Alexandria,VA,Inova Health System,2133,90.0799999991432,1.43949222564697,62097.894662363,34621.5900411606,10723.427496314,8973.42534863949,2599.45712283254,3147.111569,579.018289640546,1114.06305475533,339.224493278141,14084.0931056063,6487.34560045183,2456.36565942133,1431.85758960379,711.18489026976,2997.34161430597,28877.053846609,30.6600119497007,941.847442626953,1.08999999985099,=,1.39999999850988,x,0.775945765897632,6488.20999997854,91.828623587274,70.6599998474121,1.41999999806285,=,1.3099999986589,x,1.08538062125444,84,38.2999877929688,12.2299957275391,26.0699920654297,45.6999816894531,70.3399658203125,34.8602543244776,15.8844672203905,12.9103611758973,1.22999954223633,78.6909790039063,18.3558788373482,8.65144829507898,3.10322071983192,5.54822757524706,9.70443054226926,12.6899948120117,47.3246244681717,26.1488051169835,18.7410434334606,1.39499950408936,5.5099983215332,36.8896232151545,28.1023435608499,39.9398803710938,13.0495681762695,57.0205629975792,12.6346151170976,4004.03343716264,3715.74370709062,288.289730072021,95.5454545454545,97,93.5,94.75
426,VA- ARLINGTON,490050,Virginia Hospital Center,Arlington,VA, ,2528,91.3099999995902,1.20674514770508,60019.9111740974,32360.9426660538,10304.4805645943,8543.88371276855,3220.09933680296,3677.925103,481.32242007181,1109.8728260994,320.003936127267,12376.8869485352,5807.86288370594,2321.02759654688,1128.43848543842,650.506221023076,2469.03584942222,27447.3075058015,25.7529882896615,1065.79116821289,1.0299999974668,=,1.16999999806285,x,0.878057431429625,5811.41999995708,80.8070423073907,71.9199998378754,1.26999999955297,=,1.14999999850988,x,1.10476107150316,70.5599975585938,13.7399978637695,10.4399948120117,3.29999923706055,56.8199768066406,62.1499938964844,32.7620373280141,14.1003526586202,12.3871300125034,1.13799953460693,61.5709838867188,15.3469639222336,3.44085764732796,2.78188656477357,0.658971082554393,11.9061062749057,10.5799942016602,43.3675517921526,23.4241059329318,17.155456493861,1.36499977111816,6.45999908447266,34.611122747598,20.6833243571005,43.4827270507813,14.9816360473633,52.883660865903,11.2999439460362,3476.18837475777,3187.45736432076,288.731010437012,95.1818181818182,94.2,96.5,95.75
426,VA- ARLINGTON,490107,Reston Hospital Center,Reston,VA,HCA,986,87.8299999991432,1.20904064178467,59388.6091683568,31023.6761100292,9533.90791428089,7996.79000073671,2796.79487845302,5650.71902,562.276897326112,1389.06648367643,435.400971716177,12668.2011513108,5899.85096992341,2331.63716603967,1413.25605258587,720.562247172458,2302.86667501926,26312.8226042433,25.3967176428959,1036.07178497314,0.989999998360872,=,1.15999999642372,x,0.853572966530919,5901.36999994516,84.3339667710898,69.9799997806549,1.28999999910593,=,1.19999999925494,x,1.07494279369712,69.5799560546875,25.7099914550781,9.19999694824219,16.5099945068359,43.8699951171875,56.4499816894531,32.7244554509288,12.416983645389,14.9670761130544,0.829999923706055,63.2139892578125,14.5905582930714,5.62853730248531,2.33759090330336,3.29094639918195,8.9620209905861,9.27999877929688,39.2461718154436,19.2050838355056,18.2554591103913,1.05199909210205,5.47999954223633,30.6834209950959,19.5282349227187,52.9199523925781,25.0363616943359,48.5261009767454,11.1681537769582,3605.07379683852,3244.74316939712,360.330627441406,95.5,94,95,97.25
426,VA- ARLINGTON,490063,Inova Fairfax Hospital,Falls Church,VA,Inova Health System,4049,88.9899999992922,1.06944465637207,59126.741223489,30357.40645504,11528.1755136251,7968.31450438499,2645.64164784551,4139.874156,568.979239121079,1394.11802698672,523.521940230812,14208.759630507,5459.64873735663,2468.09412117876,1660.45652479138,880.312230246671,3740.24104481936,26053.3810327759,23.0824841102016,1128.70784759521,0.97999999858439,=,1.04999999701977,x,0.929891657084227,5462.08999997377,76.0309744730447,71.8399999141693,1.18999999761581,=,1.07999999821186,x,1.1035777926445,63.239990234375,29.7799987792969,9.03999328613281,20.739990234375,33.4599914550781,60.8799743652344,30.0223125652482,14.5215197083729,10.0479086378524,1.44499969482422,59.3949890136719,13.6873101812807,6.78475514762299,2.37380029305238,4.41095485457061,6.90255503365773,11.3899993896484,37.7641164898741,22.6824300848476,12.8119673867285,1.76999950408936,6.08999633789063,31.1539283125975,23.871760851329,47.7481384277344,17.9823913574219,52.0329132696456,11.3575926454093,4212.23734813929,3853.16943126917,359.067916870117,94.0909090909091,97.2,95,89.75
426,VA- ARLINGTON,490101,Inova Fair Oaks Hospital,Fairfax,VA,Inova Health System,1219,83.3699999991804,1.16893577575684,58951.4129850226,31903.4352252483,9705.30896139145,7776.9796988368,2812.78795921803,4113.507631,808.615550085902,1366.67445425689,464.059500402544,12729.9633724215,5524.2041065649,2172.66487208392,1336.02084627922,723.340890188958,2973.7518196106,27179.6563144144,24.1017641281078,1127.70401763916,1.01999999955297,=,1.09999999776483,x,0.929064646363258,5525.33999997377,77.6585114574099,71.1499998569489,1.20999999716878,=,1.10999999940395,x,1.09296183660626,66.0299682617188,33.2799987792969,11.2099990844727,22.0699920654297,32.7599792480469,58.2099914550781,29.553114263946,12.9142970067072,11.6923114336081,1.10499954223633,63.447998046875,14.666231706317,7.63107299721132,3.01840274515943,4.61267025205189,7.03515870910564,11.1799926757813,43.3255108169155,24.3615499285471,17.3726856480288,1.40199947357178,5.31999969482422,30.6102765195679,24.6481761489836,48.3129272460938,17.6516876220703,55.9226454248584,12.7783287325507,3507.56177455187,3152.66513758898,354.896636962891,,,,
426,VA- ARLINGTON,490043,Inova Loudoun Hospital,Leesburg,VA,Inova Health System,1293,93.2899999991059,1.11529731750488,58160.8501934794,27350.9903223515,10080.9099531174,8756.23216223717,2458.54482159019,7186.140581,491.729141730815,1301.28508108854,534.841602463252,12083.7306968805,5274.93771172698,2148.10881367012,1121.70521200159,855.850485643394,2683.16116011143,23249.0785437835,23.7688927097684,978.130483627319,0.869999999180436,=,1.07999999821186,x,0.805837733671069,5275.41999995708,80.1434399314116,65.8199999332428,1.14999999850988,=,1.13999999687076,x,1.01116993650794,65.1199951171875,10.8399963378906,8.80999755859375,2.02999877929688,54.2799987792969,62.8199768066406,31.3941396919646,15.7713184889374,10.3303165034079,1.52699947357178,55.9549865722656,14.1940431210739,2.92615385311182,2.49901535267531,0.42713850043651,11.2678892679621,11.2699966430664,41.8029961201787,25.3643888743294,14.2567684939261,1.77899932861328,5.06999969482422,30.1900737882849,17.3215878203656,58.3512573242188,27.607177734375,49.5704065547475,11.0199541076848,3610.73009112477,3258.42537310719,352.304718017578,95.7,95.75,94,96.5
426,VA- ARLINGTON,490122,Inova Mount Vernon Hospital,Alexandria,VA,Inova Health System,1318,89.7199999997392,1.21651649475098,57347.8105540972,30962.8795862198,10716.6100295782,7561.65502125025,2799.89888781309,3120.694887,537.44410584867,1339.36056804657,309.286797600773,12740.3284311925,5825.0853735414,2333.99919078212,1147.10470729174,809.323499476879,2624.83306613564,26290.9454166695,25.8375302059121,1017.54870414734,0.989999998360872,=,1.17999999970198,x,0.83831263333559,5825.5,84.5736158038172,68.8799998760223,1.26999999955297,=,1.19999999925494,x,1.05811658129096,70.7899780273438,34,11.5099945068359,22.5,36.7799987792969,54.5,30.8345534759182,13.0522899026214,12.4280095196395,1.04999923706055,67.343994140625,15.7362504622015,7.92403924774753,3.25966105591796,4.66437819182957,7.812211214454,10.1199951171875,44.2421497294388,22.9748542958227,19.2518252559537,1.19299983978271,6.23999786376953,31.7798193022142,24.5991830928364,44.1647644042969,14.2479705810547,58.2197484539804,12.2191144909532,3620.13559362292,3271.95501729846,348.180576324463,95.1,96.75,96.5,92.75
426,VA- ARLINGTON,490113,Potomac Hospital,Woodbridge,VA, ,1018,91.089999999851,1.14870929718018,56073.5687813992,30188.5583260059,11177.6943861246,6261.83033412695,2810.48801347613,2922.994586,369.676964793354,1805.2730165273,537.071971883609,13259.5261090349,5570.02013488116,2397.59731734547,1165.51940269672,700.184668359161,3426.21917849779,25591.2853829862,23.4896152490573,1089.47230911255,0.959999999031425,=,1.06999999657273,x,0.897567259147763,5570.01999998093,82.736734180792,67.3199999332428,1.21999999880791,=,1.17999999970198,x,1.03417339920998,64.3599853515625,12.8199996948242,9.64999389648438,3.16999816894531,51.5299987792969,49.6699829101563,31.8055887108572,15.2965767319874,11.4046065197981,1.34099960327148,56.2949829101563,14.1140302238484,3.28856215867808,2.73647271852206,0.552089440156018,10.8254680651703,9.63999938964844,41.0939336362217,24.2804712675745,15.0670218957695,1.61099910736084,6.78999710083008,33.5381388095626,22.6574837714903,45.9397583007813,14.4594573974609,45.2386026018789,9.78669130904301,4082.41169655323,3576.67005074024,505.741645812988,,,,
426,VA- ARLINGTON,490023,Fauquier Hospital,Warrenton,VA, ,1007,93.1599999992177,0.94920825958252,55211.3072896515,29588.5714378357,10233.6993819475,7906.15067726374,2208.27956664562,2974.765826,500.764635622501,1371.288051337,427.779388429688,8887.82377555476,4142.45070525015,1782.18453334985,783.882733274948,638.248076757957,1541.11463591456,26122.5064781096,22.2795040480293,1172.49048233032,0.97999999858439,=,1.01999999955297,x,0.965962199494243,4147.27999997139,63.0898908647863,65.7399997711182,0.909999998286366,=,0.899999998509884,x,1.00980627536774,61.0399780273438,12.1899948120117,10.0799942016602,2.10999870300293,48.8499755859375,65.989990234375,24.1938931401287,8.91249475794024,10.8596130947547,0.820999622344971,53.8669738769531,13.1297483089568,2.98413391235146,2.58989660072314,0.39423731162832,10.1456143966053,12.1899948120117,31.2338103986471,13.7826865779594,15.2486820736398,0.903999805450439,6.07999801635742,31.9911442812496,19.1985098621496,44.6577758789063,14.3870544433594,43.1433971991372,9.74139283657808,2580.27400237322,2196.07936507463,384.194637298584,,,,
426,VA- ARLINGTON,490045,Prince William Hospital,Manassas,VA, ,1309,91.9399999994785,0.833434581756592,48531.8160067231,26015.7261352539,7894.35903048515,6867.19850516319,2283.52855056524,3348.588805,460.76679309085,1293.82613649964,367.817298137938,9537.92171782288,4123.38250438461,1704.50284319038,951.222104108465,517.983295078994,2240.89904108644,22772.9274137301,18.2531871849932,1247.61375427246,0.859999999403954,=,0.829999998211861,x,1.02785288542509,4125.08999997377,60.8065252340598,67.8399999141693,0.899999998509884,=,0.869999999180436,x,1.04212181270123,50.0099792480469,9.34999847412109,7.32999801635742,2.01999855041504,40.6599731445313,55.6199951171875,23.3523729307213,8.96685918822691,9.93923256402953,0.901999950408936,43.5069885253906,10.8871233225324,2.43448651906192,2.00736598299926,0.42712053606266,8.45263680347049,10.6999969482422,31.1031119599679,15.1801115510606,13.9814233432772,1.08599948883057,4.87999725341797,29.482392222925,15.8090119580677,47.6099853515625,15.8395233154297,41.2890993361967,10.1219559214803,2849.90535980463,2491.04210525751,358.863254547119,94.5,95.75,91.5,94.75
427,VA- CHARLOTTESVILLE,490009,University of Virginia Med Ctr,Charlottesville,VA, ,2678,88.2199999997392,0.675443649291992,59211.3422197243,36112.2394361496,9738.87601709366,6737.34766101837,2358.95515096188,2179.269276,561.914271369576,1374.54518942535,147.885213749599,6099.13599810041,2326.01084203474,1399.08559883802,877.447753528411,291.066926517623,1205.51622670889,34066.1416303085,18.5724273182263,1834.23205947876,1.2799999974668,=,0.849999999627471,x,1.51114133745432,2470.41999998689,47.5491024645722,51.9599999189377,0.53999999910593,=,0.679999999701977,x,0.798110796138644,50.8799743652344,14.6699981689453,13.4399948120117,1.22999954223633,36.219970703125,63.4199829101563,20.6220801513553,9.52462595830936,5.87481687829755,1.62099933624268,48.5479736328125,11.5063996834317,3.71477431368717,3.42618094889806,0.288593364789119,7.79162536974451,12.2299957275391,22.4496072957849,12.5854328327043,7.94660274327179,1.58399963378906,6.45999908447266,35.2769822228841,20.68366053093,32.4866027832031,13.8515853881836,40.0143187362998,9.22759876713675,2557.21778923273,2166.89814811945,390.319641113281,96.2727272727273,98,96.5,94
427,VA- CHARLOTTESVILLE,490019,Culpeper Regional Hospital,Culpeper,VA, ,889,87.9799999995157,0.715057849884033,51320.1179241108,28703.7715687752,8997.13607490063,8164.86310517788,1598.90095470846,1282.254607,839.31041175127,1434.63465768099,299.302290376919,8716.44914391981,3463.95140932605,1746.98707688659,684.091656800136,711.383540341482,2110.06331828237,25954.6702181027,18.5162528311274,1401.72368621826,0.97999999858439,=,0.839999999850988,x,1.15481713041663,3472.37999999523,52.3123333963472,66.3799998760223,0.759999999776483,=,0.739999998360872,x,1.01966786757112,50.72998046875,9,8.51999664306641,0.479999780654907,41.72998046875,70.6799926757813,21.1650191187183,6.70959900388039,10.1064491293267,0.663999557495117,44.5569763183594,11.1138711184704,2.34182840375492,2.25830390024049,0.0835245035144378,8.77204271471546,13.859992980957,23.8506958543781,8.26690941107027,13.8425898525989,0.596999645233154,4.07999801635742,34.6937319903292,17.5650339691481,22.1782379150391,7.78808975219727,35.2099699496078,8.87297988739276,2646.45638757944,2258.72972971201,387.726657867432,,,,
427,VA- CHARLOTTESVILLE,490077,Martha Jefferson Hospital,Charlottesville,VA, ,2300,94.339999999851,0.623905181884766,50044.3292361833,23175.0390644073,11602.3327264786,7125.26545417309,2392.31678491831,3506.697732,380.1870251894,1702.45447811484,159.835473442299,9758.92408696478,3052.54759610608,1819.86598711773,509.268630785299,427.71818371704,3949.55272617936,21055.6008571209,15.5626695017195,1352.95559692383,0.78999999910593,=,0.709999999031425,x,1.11463929712772,3070.65999999642,51.8699200885881,59.1999999284744,0.669999999925494,=,0.739999998360872,x,0.909391257911921,42.6399841308594,5.26999664306641,4.76999664306641,0.5,37.3699951171875,57.8499755859375,20.2204597545337,8.18384388617281,8.26871894319503,0.989999771118164,35.6819763183594,9.25149244889537,1.23891424426932,1.14812121336157,0.0907930309077495,8.01257820462605,11.1699981689453,23.6561559502246,11.0261538385677,11.1968063528073,0.984999656677246,6.43999862670898,34.2310142735829,12.1909828105422,38.5146179199219,17.7399749755859,34.6960907088885,8.83297899031797,2980.28601038456,2537.89775049686,442.388259887695,93.2727272727273,97,97.5,86.5
427,VA- CHARLOTTESVILLE,490004,Rockingham Memorial Hospital,Harrisonburg,VA, ,2703,95.339999999851,0.847807884216309,49890.1427336898,27692.5407903194,8792.17602562904,8394.63642299175,1538.74522472918,1358.854917,589.335765905678,1266.66651676595,257.136919150525,7088.34089108781,3537.72761940536,1533.8823094117,634.055873708111,519.098083326908,863.5344036147,24704.4641897356,21.4150750658111,1153.6015663147,0.929999999701977,=,0.97999999858439,x,0.950400471687317,3605.93999999762,55.5750889963144,64.8799998760223,0.78999999910593,=,0.78999999910593,x,0.996719855815172,58.6699829101563,12.7199935913086,5.62999725341797,7.09999847412109,45.9499816894531,82.3799438476563,22.238201631225,8.34725569020523,9.37754971850375,0.889999866485596,49.9969787597656,12.2326258090492,2.76146840672309,1.45154551890435,1.30992288781874,9.47115740232608,15.3399963378906,25.9181870792661,11.0920427898222,12.5605628322776,0.882999897003174,4.13999938964844,36.2682080995977,18.7860996257564,24.2785186767578,9.33028411865234,44.8710798192231,9.46307940422626,2250.44507551193,1914.136531353,336.308544158936,88.3636363636364,90.8,84.5,87.25
427,VA- CHARLOTTESVILLE,490018,Augusta Health Care,Fishersville,VA, ,2567,94.9099999992177,0.731052875518799,48691.5535157217,24222.1155943871,9998.55029439926,8935.34689772129,1707.03756955266,1829.835241,373.814116053283,1442.98821012676,181.848773780461,8394.06476882731,3241.89532066872,1654.58086076756,545.076986601505,360.432529161114,2592.1197104156,21728.0683910953,18.4331509256385,1178.74954986572,0.819999998435378,=,0.839999999850988,x,0.971118764951825,3253.04999998212,54.3485624316191,59.8599998950958,0.709999999031425,=,0.769999999552965,x,0.919470015913248,50.5,17.1299896240234,5.19999694824219,11.9299926757813,33.3699951171875,91.6799926757813,21.6660186055207,5.96573430235399,11.0790457170702,0.537999629974365,44.7579956054688,10.317383016846,3.40330122333211,1.11830115152565,2.28500007180646,6.91408179351394,15.8399963378906,24.6648266007204,7.41215748877474,15.315552175814,0.483999967575073,5.42999649047852,34.9733215410202,16.9852000252634,28.9878997802734,11.2926254272461,35.8526830619566,8.61361871996644,2667.62029948831,2279.94052043557,387.679779052734,96.6,98.5,96.5,94.75
427,VA- CHARLOTTESVILLE,491300,Bath Community Hospital,Hot Springs,VA, ,138,83.4699999997392,,,,,,,,,,,,,,,,,31376.7014509811,21.7571799533105,1442.13089370728,1.17999999970198,=,0.989999998360872,x,1.18810681253672,,,,,,,,,59.6099853515625,,,,,90,,,,,,10.9677491996136,,,,,18.9099884033203,,,,,6.94999694824219,27.6853860306404,,28.1747741699219,19.9569396972656,,,,,,,,,
428,VA- LYNCHBURG,490021,Centra Health,Lynchburg,VA, ,4908,97.6499999994412,0.804318428039551,46144.5115588784,23904.2322909832,8515.3107881546,8316.52663898468,1675.08877472579,1490.809602,472.253730099648,1689.25069132447,81.0625739618959,8873.26831209962,3133.6832371992,1771.74504391988,724.336679878052,504.519275315758,2738.94388440251,21246.6343042647,20.0886393608003,1057.64426803589,0.799999998882413,=,0.919999999925494,x,0.87134556658566,3158.3599999845,55.2393362973324,57.1799999475479,0.689999999478459,=,0.78999999910593,x,0.878311716020107,55.0399780273438,16.3999938964844,7.75,8.64999389648438,38.6399841308594,77.8999633789063,20.3870493879815,7.47757801579155,9.29334487885254,0.804999828338623,49.2519836425781,11.9551727817377,3.51169782903706,1.90756475821809,1.60413307081897,8.44347495270062,14.6199951171875,26.1570925558965,10.7401435348536,13.9305352646676,0.770999908447266,4.3599967956543,36.4914961556995,21.7126576605915,23.5452423095703,9.59870147705078,38.3995854711723,8.89534681343234,2871.93324497342,2406.03898838162,465.894256591797,97.4545454545455,99.2,96,96
428,VA- LYNCHBURG,490088,Bedford Memorial Hospital,Bedford,VA,Carilion Clinic,538,90.7299999995157,0.595840454101563,35410.4431368563,18913.452914238,6397.89804327488,4913.74205636978,1382.25982874632,1986.587079,197.260795911774,1501.186837852,118.10810419354,6534.90115505642,2760.22408969881,1231.16968647833,481.898931311917,381.449306029378,1680.21360316873,16867.1172593818,16.6931734708949,1010.42005348206,0.629999998956919,=,0.759999999776483,x,0.832439659163356,2763.6099999845,39.2655492648951,70.3799998760223,0.599999999627471,=,0.559999998658895,x,1.08118491247296,45.72998046875,12.6699981689453,8.76999664306641,3.89999961853027,33.0599975585938,44.6599731445313,16.3344550994182,2.76931888256909,10.7004802982057,0.258999824523926,41.8559875488281,9.65362040901888,2.95390918216195,2.07638838815094,0.877520794011003,6.69971122685693,9.55999755859375,17.4232295392982,3.19425245236828,13.0458114594363,0.244999885559082,3.58999824523926,33.9706897468916,20.320269586865,20.9927978515625,11.4989700317383,20.9920389658632,6.59332366894995,1999.80114910007,1598.60784313083,401.193305969238,,,,
429,VA- NEWPORT NEWS,490093,Sentara CarePlex Hospital,Hampton,VA,Sentara Healthcare,2179,92.2199999997392,1.03757572174072,48136.9585893346,25043.252928257,10477.7331271172,5649.0246142149,2340.50009566545,1286.157431,1297.55489425361,1778.63135997951,264.132986695322,11689.7966176878,4273.84087484243,2307.30296260283,772.025429003301,676.198519721576,3660.4484628439,21183.0138061596,22.8204763312344,928.245908737183,0.799999998882413,=,1.03999999910593,x,0.764740075916052,4290.09999996424,74.5381565440285,57.5599999427795,0.939999999478459,=,1.0599999986589,x,0.884144531562924,62.5199890136719,17.0499877929688,8.84999847412109,8.19999694824219,45.469970703125,47.8499755859375,26.6607122413502,12.2664996127901,8.72015392808039,1.4069995880127,55.5799865722656,14.5845562168013,4.51527566621356,2.49863349050054,2.01664217571302,10.0692805505877,9.92999267578125,39.934416216081,22.017455716783,15.3357092785072,1.43599987030029,8.03999328613281,43.712062937648,26.4531556000026,21.9232025146484,8.49008178710938,58.2750869755667,12.0162120018295,3776.5492105782,3264.74012473226,511.809085845947,98,99.25,99,96.25
429,VA- NEWPORT NEWS,490052,Riverside Regional Med Ctr,Newport News,VA,Riverside Health System,2986,90.6599999992177,0.862577438354492,46360.1704950867,23476.8018181324,9538.98511862755,6724.20593440533,2004.21327850223,1469.979722,1213.58842106164,1639.30565090477,293.087249375041,10506.9856862858,3455.03962714644,2023.05461094409,647.81860551,688.334757796227,3692.70712634921,20665.5083326326,19.8499282068647,1041.08730697632,0.779999999329448,=,0.909999998286366,x,0.857705030590296,3479.17999997735,62.8286650800113,55.3799999952316,0.759999999776483,=,0.889999998733401,x,0.850657312199473,54.3799743652344,19.0999908447266,8.82999420166016,10.2699966430664,35.2899780273438,61.1499938964844,22.8656933552059,9.91900521028985,8.05514643290751,1.23099994659424,49.9749755859375,12.1948686967988,4.39525808663435,2.28510942699873,2.11014865963561,7.79961061016446,12.1399993896484,30.6358001923914,14.7944042166404,13.4700236396683,1.09799957275391,6.42999649047852,37.4059078305504,23.196834162683,24.3257598876953,9.64230346679688,48.6276103496548,10.3897850092099,3317.33516943455,2868.32646048069,449.008708953857,95.8181818181818,97.2,97.5,93.25
429,VA- NEWPORT NEWS,490066,Sentara Williamsburg Regional Med Ctr,Williamsburg,VA,Sentara Healthcare,1543,93.0799999991432,0.678823947906494,43630.6511213907,20798.8137733936,10406.6198568344,6302.24854457378,2741.80329272151,1327.391888,347.086036518216,1572.22542728484,134.503072115732,10647.8389617677,3265.32871678781,2422.56042536057,629.669918940072,550.021661049653,3780.2234403193,18681.8061798624,18.0642110607241,1034.18887710571,0.699999999254942,=,0.819999998435378,x,0.852021723985672,3276.97999998927,51.4120722876,63.7399998903275,0.719999998807907,=,0.72999999858439,x,0.979137323796749,49.489990234375,16.989990234375,5.69999694824219,11.2999954223633,32.5,55.9099731445313,20.1519437769508,8.64499400267622,7.10368214824365,1.21699905395508,44.2149963378906,11.2082857862864,3.72472293026773,1.45105447853449,2.27366845173324,7.4835628560187,10.6799926757813,23.5296437454391,12.5236636415318,9.21506556584195,1.35899925231934,9.00999450683594,37.9736091519069,20.5069041581668,31.0668640136719,8.51470184326172,35.4962105305987,8.79742008702321,3292.67028015852,2881.08116883039,411.589111328125,97.8,99,99.5,95.75
429,VA- NEWPORT NEWS,490130,Riverside Walter Reed Hospital,Gloucester,VA,Riverside Health System,900,90.2299999995157,0.733035564422607,42373.4488221948,21366.0443947315,7883.16247218847,6523.23725110292,2278.41058579087,1959.28607,412.681943014264,1707.06984972954,243.594691364387,7738.64774939383,3034.13950399951,1556.42957429294,456.307891704159,555.381516376696,2136.3712836206,19095.2721150557,20.1140638523159,949.349283218384,0.719999998807907,=,0.919999999925494,x,0.782126195728779,3034.19999998808,48.6235570490232,62.3999999761581,0.659999998286366,=,0.689999999478459,x,0.958587670698762,55.1099853515625,18.4399871826172,9.27999877929688,9.15999603271484,36.6699829101563,59.5099792480469,18.6633151048738,5.29213885727766,9.56055343613581,0.553999900817871,50.5789794921875,11.6071347875672,4.03298579892197,2.26048581593639,1.77249998298558,7.57414898864528,11.4599990844727,21.0854713382833,5.49525563045873,13.6103271150789,0.403999805450439,5.41999816894531,33.7194820175007,21.5804872809028,29.9581604003906,11.4338912963867,28.2276887577773,7.32614902250076,2304.72262737155,1857.8315217346,446.891105651855,,,,
429,VA- NEWPORT NEWS,490041,Mary Immaculate Hospital,Newport News,VA,"Bon Secours Health System, Inc",1042,86.3899999996647,0.895382881164551,40047.2852718136,21731.4559547901,6386.29296553135,6860.61894857883,1839.15235367417,774.8408549,571.701784484088,1732.10033945739,151.120091299743,8135.5021359292,3618.30961785542,1531.00202025306,628.249136725956,471.96131495272,1885.9800414592,18866.188516644,20.993059190322,898.686958312988,0.709999999031425,=,0.959999999031425,x,0.740387784317136,3618.30999997258,60.0637382155789,60.2399998903275,0.78999999910593,=,0.859999999403954,x,0.925397539511323,57.5199890136719,12.7399978637695,9.87999725341797,2.85999870300293,44.7799987792969,61.7699890136719,21.0219254601847,8.62122872683125,8.39107856279979,1.02699947357178,51.260986328125,13.8414122583775,3.5223145847365,2.88668757835974,0.635627006376758,10.319097673641,13.1599960327148,34.0891527025395,18.466963652214,14.013637703071,1.31799983978271,5.46999740600586,41.2308193538057,21.5111945165274,16.8258514404297,5.58150100708008,46.2680685757571,9.80032040292818,2663.35794723034,2171.46543776989,491.892509460449,94.1,99.25,94.5,88.75
430,VA- NORFOLK,490007,Sentara Norfolk General Hospital,Norfolk,VA,Sentara Healthcare,1911,86.8699999991804,1.03661727905273,55109.3309820314,28813.4144618511,10417.4793995619,9233.68881118298,2342.14612463117,1210.077252,983.879449561238,1792.50688110292,316.128322920674,11256.0252175099,4262.56519145344,2322.20643372473,899.298622060196,691.6681147573,3080.23849496245,24886.3892836975,23.6614131995048,1051.77104187012,0.939999999478459,=,1.07999999821186,x,0.866506880149245,4274.61999994516,69.839684938521,61.2099999189377,0.929999999701977,=,0.989999998360872,x,0.940222291275859,64.8299560546875,23.2799987792969,9.27999877929688,14,41.5499877929688,68.2999877929688,27.7039250584424,10.979650709177,10.5891853293558,1.03699970245361,59.0779724121094,14.8526871459396,5.79236848956757,2.63936785273148,3.15300063683609,9.06031865637204,12.8499984741211,36.9547600567595,17.4183097397534,16.7074173708652,1.04299926757813,7.73999786376953,41.1768757483539,27.6665016272466,23.7374420166016,8.90460968017578,52.6860449936453,11.6854598669349,3822.05703812838,3302.01308900118,520.043949127197,96.5454545454545,96.6,99,95.25
430,VA- NORFOLK,490046,Sentara Leigh Hospital,Norfolk,VA,Sentara Healthcare,2778,87.3499999996275,0.954984664916992,51397.6219733228,24853.8112201691,10646.8657000065,8427.87872922421,2390.29013091326,1925.889645,1003.3461329639,1901.08287939429,248.446640077331,12281.0808690207,4501.32492419266,2035.74712661164,943.435429563969,661.187939740361,4139.35769593716,21206.6216184712,21.7918153574592,973.146167755127,0.799999998882413,=,0.989999998360872,x,0.801731379702687,4501.70999997854,67.9616628212586,66.2399997711182,0.97999999858439,=,0.969999998807907,x,1.01753341406584,59.6999816894531,16.5799865722656,8.14999389648438,8.42999267578125,43.1199951171875,65.9199829101563,26.4499243620998,9.94244840684613,11.0362648859218,0.900999546051025,52.9969787597656,13.3459984511482,3.98869925218463,2.05879824312894,1.92990100905569,9.35729919896358,11.8899993896484,33.9831964115142,14.3661439683331,17.2456474938231,0.832999706268311,6.92999649047852,41.5657704592557,22.7314519200001,28.5699768066406,12.244026184082,54.9190779567526,11.8024093046456,3884.50157141685,3346.58436942101,537.91720199585,97.0909090909091,98.8,94,96.5
430,VA- NORFOLK,490057,Sentara Virginia Beach Hospital,Virginia Beach,VA,Sentara Healthcare,2731,93.2599999997765,1.0875415802002,51221.012508165,24941.8950138092,11055.0363951921,7627.34169852734,2607.96404749155,2138.866762,522.642519168556,1960.58148813248,366.6527956578,12708.5955439709,5064.3398987945,2160.48492463507,1224.25696867852,737.929107826087,3521.61205494404,20776.6869730452,23.1531719776936,897.358123779297,0.779999999329448,=,1.0599999986589,x,0.73929301649332,5066.30999994278,79.2016756195198,63.9699999094009,1.10999999940395,=,1.12999999895692,x,0.982635287567973,63.4299926757813,17.989990234375,5.70999908447266,12.2799987792969,45.4399719238281,68.7699584960938,31.6683436716586,13.3503496640311,12.0563696774203,1.10699939727783,54.927978515625,14.4763124622915,4.04860582871941,1.60245895262104,2.44614687609837,10.4277066335721,13.5199966430664,40.6719383979352,20.8249086819639,16.864295064822,1.23499965667725,8.45999908447266,41.3764290570656,22.1910105226299,32.5927429199219,12.7782440185547,59.660758735246,13.0047998768818,3960.81439614296,3436.70125222206,524.113143920898,97.7272727272727,98.2,98,97
430,VA- NORFOLK,490119,Sentara Bayside Hospital,Virginia Beach,VA,Sentara Healthcare,1489,84.2999999998137,0.838173389434814,50811.9021945341,23517.9131736755,10880.509513855,8557.79336977005,2582.94534224272,1686.589103,1340.38974198699,1865.66150839627,380.076695765679,11366.0502056127,4415.9836055309,2042.20676814086,929.713095367278,686.90926382261,3291.25134474039,20181.9281370359,18.9907329002418,1062.72507858276,0.759999999776483,=,0.869999999180436,x,0.875531418249011,4428.18999999762,62.4661543361385,70.8899998664856,0.969999998807907,=,0.889999998733401,x,1.08897228166461,52.0299987792969,13.0999984741211,7.47999954223633,5.6099967956543,38.9299926757813,74.7099609375,25.4764125118631,10.6851134299025,9.55167831069992,1.11899948120117,46.0369873046875,11.5100004203737,3.21348941042308,2.02302582384698,1.1904635865761,8.29651100995057,13.9599990844727,28.6486112561845,13.9286386556586,12.551595257517,1.10999965667725,8.12999725341797,39.3816442936262,23.746002229499,28.2759704589844,11.6693649291992,46.8386733492068,10.6847970671902,3591.73179382086,3066.14079421759,525.590999603271,99.1818181818182,99.2,100,98.75
430,VA- NORFOLK,490011,Bon Secours DePaul Med Ctr,Norfolk,VA,"Bon Secours Health System, Inc",1755,90.6299999998882,0.844269752502441,49369.435980028,22660.5693922043,11046.8590688705,8384.06959295273,2514.03076544404,1624.419661,959.517629496753,1945.89696364105,234.072916787749,11781.1433727321,3973.89502144927,1909.26733292778,797.078834634995,600.920832227193,4499.9654571414,19636.1117161026,19.1877459720705,1023.36729621887,0.739999998360872,=,0.879999998956919,x,0.843106308951974,3979.18999999762,63.0593936466271,63.0999999046326,0.869999999180436,=,0.899999998509884,x,0.969348039478064,52.5699768066406,9.33999633789063,6.94999694824219,2.38999938964844,43.22998046875,77.8299560546875,24.8025959679013,9.21669614909674,10.3585272531368,0.889999866485596,45.2359924316406,11.7698069345728,2.40513109914677,1.86826288986809,0.53686820927868,9.36467583542602,15.3899993896484,29.7375487763697,12.8576116573994,14.3992960249934,0.892999649047852,7.62999725341797,38.0403040888749,19.4366276839682,25.8828582763672,10.8222351074219,41.5484984565217,9.66943992351948,3787.89815935493,3237.55742296577,550.34073638916,96.8,98.25,94.5,96.5
430,VA- NORFOLK,490120,Chesapeake General Hospital,Chesapeake,VA, ,2791,91.9399999994785,1.03784370422363,49111.2171575724,25266.211199522,7953.64569342136,7786.56596624851,3190.7537561655,1272.913029,1484.63638280332,1952.0614284724,204.458813314713,10838.4865734654,4545.26163193459,1722.95525731411,791.262989177552,482.425963687048,3296.56814455986,21481.4198999076,23.5277734729663,913.023916244507,0.809999998658895,=,1.06999999657273,x,0.752199359238148,4545.88999998569,68.6211866151539,66.25,0.989999998360872,=,0.97999999858439,x,1.0176429823041,64.4599609375,9.83999633789063,7.8599967956543,1.98999977111816,54.6199951171875,66.47998046875,26.7450921059797,10.3980065463962,11.105199207603,0.935999870300293,54.7329711914063,13.9604057300595,2.38225649874061,2.03211298574476,0.35014351299585,11.5781492313189,13.0599975585938,32.9884083835356,14.3887134357752,16.3116293799446,0.881999969482422,9.44999694824219,38.2908199000038,17.4226654847448,24.3863067626953,8.61466217041016,44.6325183023055,10.3159315570927,3456.17838421464,2897.3797468245,558.798637390137,96.8181818181818,97.2,96,96.75
430,VA- NORFOLK,490017,Maryview Medical Center,Portsmouth,VA,"Bon Secours Health System, Inc",2753,95,0.954852104187012,49046.4021106849,24971.6247825623,9694.37434637547,6657.39327985048,3176.15278840065,1448.789254,1084.40737447143,1739.44255563617,274.172054559231,10095.679290074,4050.76412920409,1958.86515410153,784.211877254497,633.309039756314,2668.49110400677,21537.377582948,21.1003521620814,1020.71175956726,0.809999998658895,=,0.959999999031425,x,0.840918531641364,4051.58999997377,67.3861033873672,60.1299999952316,0.889999998733401,=,0.959999999031425,x,0.92361319065094,57.8099975585938,9.14999389648438,7.38999938964844,1.75999927520752,48.6599731445313,54.6299743652344,24.771418549344,10.5165344582036,9.15874676659037,1.14799976348877,49.3379821777344,12.6973285247429,2.31174200139481,1.95418743873948,0.357554562655329,10.3855865233481,10.8199996948242,33.3904739634448,16.7545529698123,14.5679231992944,1.14999961853027,9.81999969482422,38.9348676838953,17.0984907928395,28.9021148681641,9.94673156738281,45.9332955218352,10.1249774630091,3262.97438907623,2764.8512544632,498.123134613037,92.8181818181818,94.6,92,91
430,VA- NORFOLK,490037,Shore Memorial Hospital,Nassawadox,VA, ,1223,95.8999999994412,0.757879257202148,46430.5875897269,21296.4751675129,8714.65864253044,5642.30752623081,2638.82357358933,3714.507199,2877.39128559828,1352.59444049001,193.865386443246,8647.77561800114,2914.78725653148,1583.08332105256,542.893142567814,401.147818709266,3205.8678394556,18710.3339628996,19.0575045758016,981.782997131348,0.699999999254942,=,0.869999999180436,x,0.808846874162555,3252.56999999285,53.0746175087816,61.2799999713898,0.709999999031425,=,0.759999999776483,x,0.941402249038219,52.2099914550781,11.109992980957,9.18999481201172,1.90999984741211,41.1099853515625,56.1699829101563,21.6345370451654,4.94108941158437,11.8867716791831,0.415999889373779,46.531982421875,10.6042547065686,2.54134042124102,2.20916952606877,0.332170895172247,8.06291428532755,10.3999938964844,25.0789078809193,6.00983359118677,17.0845010928925,0.351999998092651,7.47999954223633,31.4896289308412,18.7617290224024,47.5393981933594,23.3860168457031,31.4922328912579,8.15552020382633,2831.32842436433,2433.41999998689,397.908424377441,,,,
430,VA- NORFOLK,490044,Sentara Obici Hospital,Suffolk,VA,Sentara Healthcare,1864,93.7199999997392,0.886740684509277,45242.766821114,22271.7510037422,9438.66183173656,7425.81329035759,2345.19552585483,962.5583303,878.840678021312,1606.74745057523,313.221575327437,9278.90841539557,3843.75472985417,1948.02094914572,692.795174205855,550.213079826648,2244.05682259798,19030.1886429154,19.6095486726344,970.455207824707,0.719999998807907,=,0.889999998733401,x,0.799514418467879,3937.59999999404,64.1188558832329,61.4099999666214,0.859999999403954,=,0.909999998286366,x,0.943366270512342,53.719970703125,17.3199920654297,4.67999649047852,12.629997253418,36.4099731445313,75.6599731445313,24.1010570571477,10.2332553243601,9.29148850260648,1.10099983215332,46.9639892578125,11.9725964636675,4.01007103944444,1.26561100627263,2.74446003317181,7.96252542422302,15.1999969482422,32.6418202315281,16.6356016159612,13.9361947460869,1.19399929046631,7.28999710083008,44.0876592350678,22.6915513452764,22.0525360107422,7.95177459716797,40.8774988734539,9.48393468670239,3096.66141015291,2622.92964822054,473.731761932373,91.6363636363636,92.4,88,92.5
430,VA- NORFOLK,490092,Southampton Memorial Hospital,Franklin,VA,"Community Health Systems, Inc",702,93.2899999991059,0.661379337310791,37754.3430380911,20535.8204703331,6635.95183628798,5903.85013741255,1942.16960607469,723.2730258,881.224314019084,1027.8430955112,104.192510311295,7720.15321751672,3084.05347918203,1518.1696809169,554.667278462593,405.801622162591,2157.37148711085,18189.7368786349,16.446838038118,1105.97166442871,0.679999999701977,=,0.75,x,0.91116033680737,3091.97999998927,51.3309482388905,60.2399998903275,0.679999999701977,=,0.72999999858439,x,0.925320569425821,45.0599975585938,17.4599914550781,9.92999267578125,7.52999877929688,27.5999908447266,57.5099792480469,19.7222602513749,5.48958636775191,10.0756614134273,0.544999599456787,43.1229858398438,9.82119661741992,4.28582240121524,2.52715734692347,1.75866505429177,5.53537421620468,12.109992980957,23.8612435983307,7.1606902365459,14.8339062584676,0.482999801635742,6.86999893188477,33.9083667654897,25.6438725748817,16.7925415039063,5.89012145996094,24.4972482649107,7.38415457485695,2348.10911619663,2039.76296295226,308.346153259277,,,,
431,VA- RICHMOND,490022,Mary Washington Hospital,Fredericksburg,VA, ,3673,95.3299999991432,0.965095043182373,53355.2392509554,30399.3648993969,8750.99749481678,7188.31891816854,2239.02413246036,2471.616706,606.412459328771,1450.80029515922,248.70106523043,10611.89710668,4009.19071070081,2025.65421770341,1105.06280526356,551.503722579967,2920.4703796804,26771.047452493,22.3362743681695,1198.54578018188,1.00999999791384,=,1.01999999955297,x,0.987427989020944,4073.66999998689,64.1407374340192,63.5099999904633,0.889999998733401,=,0.909999998286366,x,0.975633855909109,61.1999816894531,18.2699890136719,6.20999908447266,12.0699996948242,42.9199829101563,63.8099975585938,25.9457099116209,10.4172999929822,10.770381825457,0.966999530792236,53.5679931640625,13.1740061143414,3.91827748911112,1.62980273181489,2.28847475729623,9.25572862523025,11.7099990844727,32.6557623942022,14.7226530657699,15.7958004093016,0.931999683380127,5.36999893188477,39.6949775005282,20.6878226547169,36.2184753417969,13.5968856811523,48.4594348759934,10.6998466255082,3374.0135884285,2970.62698411942,403.386604309082,94.2727272727273,94.8,93.5,94
431,VA- RICHMOND,490032,VCU Health System,Richmond,VA, ,1494,81.1899999994785,0.673882961273193,51839.5581044395,32840.2804288864,7016.26611936092,5557.77434754372,2422.96395659447,1632.768528,749.170023463666,1493.04823835194,127.275656463126,5745.88942281902,2160.40790785976,1302.44709945936,523.966519592717,345.085710175789,1413.97472882271,30844.9325185666,18.6294840631741,1655.70513916016,1.15999999642372,=,0.849999999627471,x,1.36406103149056,2188.33999997377,41.7016875913763,52.4799998998642,0.479999999515712,=,0.589999999850988,x,0.806113580241799,51.0399780273438,17,9.20999908447266,7.78999710083008,34.0399780273438,46.5499877929688,18.8016484804039,7.77267356861957,6.24071640117372,1.24499988555908,47.1349792480469,11.8466485230048,4.33508602797532,2.5042955785473,1.83079044942802,7.51156249502947,9.34999847412109,19.731831505361,10.1987418337251,7.79265636397827,1.30899906158447,7.5099983215332,43.0671253024648,27.4179388478728,30.2165222167969,12.1188201904297,33.5428209616103,8.79109944491144,2584.06522300839,2137.21649482846,446.848728179932,91.7272727272727,99,94.5,81.25
431,VA- RICHMOND,490059,Bon Secours St. Mary's Hospital,Richmond,VA,"Bon Secours Health System, Inc",3107,87.7199999997392,1.04635334014893,50484.5866035753,25318.9813623428,9143.99764072895,8621.11268436909,2232.98364689946,2649.841563,769.433683723211,1479.45188966393,267.809434934715,10206.2536826413,4031.78099311799,2112.43584549979,846.267209270349,488.443047715103,2727.28554189205,21706.1785546449,23.6565049654699,917.556442260742,0.819999998435378,=,1.07999999821186,x,0.755933504551649,4045.52999997139,69.0248863659304,58.6099998950958,0.879999998956919,=,0.97999999858439,x,0.900335619226098,64.8099975585938,11.2399978637695,8.41999816894531,2.81999969482422,53.5699768066406,59.2799987792969,25.404314992121,11.1729818728585,8.88514188920566,1.25699996948242,55.6279907226563,14.0855645046786,2.63876311047762,2.11428653353165,0.524476576945961,11.446801394201,11.1599960327148,34.6866538637469,19.1224081856802,13.4070954049071,1.42599964141846,5.5099983215332,40.1248779521201,15.7336012858756,38.0552978515625,13.6563415527344,49.5145839772013,10.2039599730765,3084.47589668632,2692.32913383842,392.1467628479,98.4545454545455,98.2,99,98.5
431,VA- RICHMOND,490020,John Randolph Medical Center,Hopewell,VA,HCA,1283,88.8299999991432,1.24471569061279,49576.2978190383,28700.5937743187,6536.97214311361,7502.56793165207,2366.04652577639,1957.114321,651.344941601157,1713.27936652303,148.369632779571,9246.96930386217,4629.34836546748,1522.06049539861,689.12411917996,422.412934403201,1983.99176251888,24451.630105024,27.8034150617993,879.447004318237,0.919999999925494,=,1.26999999955297,x,0.72453685104847,4660.06999999285,74.7313417422363,62.3599998950958,1.01999999955297,=,1.0599999986589,x,0.95790882781148,76.1699829101563,28.7599945068359,13.6399993896484,15.1199951171875,47.4199829101563,71.7999877929688,25.6134981529253,10.1205905800878,11.0290513882115,0.917999744415283,71.136962890625,16.6147818948777,6.66581416079348,3.54131974142519,3.12449441936828,9.94896773408419,14.0999984741211,38.7151601226258,18.4656181783442,18.2935236727718,1.00899982452393,6.52999877929688,41.7939348006655,28.3672461534165,28.8690948486328,11.0820083618164,41.7153633869903,9.37087605158256,3067.12472513318,2585.48638132215,481.638343811035,94.3,94.5,99,91.75
431,VA- RICHMOND,490118,Henrico Doctors' Hospital,Richmond,VA,HCA,3409,90.5,1.07720184326172,49543.240660784,24973.3592369556,8550.04945611954,8073.68615853786,2163.74983003736,3088.000282,460.795311938971,1985.5424682647,248.070722186775,9641.96875864256,3860.46063173125,1932.17714484363,845.600227754647,525.274265848505,2478.45785549283,21540.5020449892,24.4612922325026,880.5954246521,0.809999998658895,=,1.11999999731779,x,0.725482983514667,3869.02999997139,68.6040373190449,56.3999999761581,0.849999999627471,=,0.97999999858439,x,0.866337202489376,67.0199584960938,28.7099914550781,10.3099975585938,18.3999938964844,38.3099975585938,55.1199951171875,24.4490301870493,10.7567625001464,8.69927889861466,1.23699951171875,62.5929870605469,14.3769364445158,6.10606384673999,2.52954259000948,3.57652125673052,8.27087259777576,10.7799987792969,35.105074330685,19.9034048874813,13.3477828247711,1.49099922180176,5.5099983215332,36.6281725096386,21.1177256769069,42.1058044433594,15.3940124511719,47.3635054656883,10.1978155695453,3122.50688838959,2601.40275859833,521.10412979126,98.6363636363636,99.8,100,96.5
431,VA- RICHMOND,490112,CJW Medical Center,Richmond,VA,HCA,4741,93.179999999702,1.07048225402832,49414.7763178868,25396.9826831818,8573.02612161636,7273.43808984756,2933.08443924785,2348.672296,731.53305773437,1872.48518688977,285.587316028662,9630.16416473429,3977.25987832452,1836.87394769731,837.632004356728,554.846140063518,2423.52381074429,21843.7392511948,23.8884041062192,914.407640457153,0.819999998435378,=,1.08999999985099,x,0.753339348360896,4002.38999998569,70.209748216079,57.0099999904633,0.879999998956919,=,1,x,0.875703940168023,65.449951171875,29.1299896240234,10.8199996948242,18.3099975585938,36.3199768066406,58.0899963378906,24.7201719664304,10.9159632029309,8.64481093895903,1.26299953460693,61.7769775390625,14.6118001436781,6.63268555529949,2.78482016060902,3.84786539469048,7.97911458837863,10.859992980957,35.6826051130388,19.1999422209235,14.2454516868907,1.34799957275391,8.32999420166016,37.9429596642015,24.3417550220388,38.7743530273438,13.0948715209961,52.50519658874,11.2923524628266,3097.41695350409,2583.78987067938,513.627082824707,95.0909090909091,98.2,96,90.75
431,VA- RICHMOND,490067,Southside Regional Med Ctr,Petersburg,VA,"Community Health Systems, Inc",2045,92.2299999995157,1.10370349884033,49057.6912375403,27779.9953739643,8069.54944825172,6604.06432360411,2348.59462398291,1426.276776,880.803091853857,1782.98094557226,165.233036009852,9177.24839679217,3834.54511340813,1876.08605232651,630.64075448429,388.53600174243,2447.38330048323,24171.5313110753,25.8987087378489,933.310287475586,0.909999998286366,=,1.17999999970198,x,0.768912388011813,3915.20999997854,68.0124577521939,57.5699999332428,0.859999999403954,=,0.969999998807907,x,0.884305041283369,70.9599609375,25.8199920654297,9.82999420166016,15.9899978637695,45.1299743652344,64.6099853515625,24.8425965611242,9.92301704016664,10.5786657739586,0.937999725341797,64.5889892578125,15.4382416745677,5.71371437660478,2.64199323616126,3.07172114044352,9.72452729796294,11.7599945068359,35.0149019890289,15.6620644959802,17.1145689481851,0.914999961853027,6.73999786376953,41.2975928178252,26.2038354674017,28.2380828857422,9.77248382568359,41.5768649221968,9.04398736062653,3081.45947113633,2551.49516907334,529.964302062988,89.1818181818182,94.4,87,83.75
431,VA- RICHMOND,490071,Retreat Hospital,Richmond,VA,HCA,1136,86.2399999992922,1.17736053466797,48633.9181540724,25521.226183176,5864.30909448862,10221.9522669315,2217.99167206883,1927.28249,974.084921725094,1660.21223331988,246.817423768017,8804.62889026876,4253.05276140861,1779.65481678433,621.910001552785,385.086162504993,1764.85272312164,21516.9654256324,27.2399172916085,789.905679702759,0.809999998658895,=,1.23999999836087,x,0.650767780840397,4255.95999997854,69.7401256772177,61.0299999713898,0.929999999701977,=,0.989999998360872,x,0.93745362944901,74.6299438476563,24.8999938964844,9.14999389648438,15.7599945068359,49.72998046875,84.7999877929688,24.2658778143065,9.29604132104372,9.83876521679882,0.944999694824219,66.77294921875,15.8046458019869,5.26761037064803,2.17664742008134,3.09096295056669,10.5370354313389,15.4599990844727,34.2660234984242,15.746403531233,16.3249928182543,0.964999675750732,5,37.7675777895396,21.9820743858546,32.73583984375,11.2530670166016,33.3745836493167,8.32923667449546,2649.59493917227,2173.14159291983,476.453346252441,,,,
431,VA- RICHMOND,490069,Memorial Regional Medical Center,Mechanicsville,VA,"Bon Secours Health System, Inc",2912,91.3799999998882,0.855469226837158,46550.4286262069,22902.9758837223,9086.89267385006,7559.25014913082,2538.71175783873,1977.754431,551.957506515086,1672.88804085553,260.015977205082,9184.53112868951,3589.09411883494,1845.28069717545,779.025666051499,557.985635228258,2413.21801620722,19775.5503977192,19.3401327618633,1022.51368331909,0.739999998360872,=,0.879999998956919,x,0.842403056100011,3608.57999998331,59.622948639441,60.5199999809265,0.78999999910593,=,0.849999999627471,x,0.929732654243708,52.989990234375,6.69999694824219,5.59999847412109,1.09999942779541,46.2799987792969,55.1599731445313,22.8398322127744,9.59804062017813,8.73957361835734,1.09799957275391,44.2179870605469,11.5707353359734,1.60308810347937,1.42031393261563,0.182774170863743,9.96764723249404,10.9899978637695,28.2252808245101,13.8588818667495,12.7522405467089,1.08699989318848,6.56999969482422,35.0169585100254,11.53798498786,37.3589782714844,12.7115020751953,43.1681896972636,9.34597335183098,2983.10427710414,2505.36904761195,477.735229492188,99,99,99,99
431,VA- RICHMOND,490090,Southside Community Hospital,Farmville,VA, ,1005,87.5799999991432,0.769854545593262,44525.0687551505,23390.2102162838,6390.27279615402,8015.35193246603,1747.1821321398,1619.110793,1466.59638306499,1572.81602329016,323.522170447678,7755.3492555819,3365.0800382773,1220.18891277276,591.248081376839,594.875025494158,1984.07579430938,20532.2344019732,20.348022461908,1009.05306243896,0.769999999552965,=,0.929999999701977,x,0.831313457340002,3626.90999999642,50.4359606293164,71.9099998474121,0.78999999910593,=,0.719999998807907,x,1.10466573759913,55.75,15.379997253418,7.27999877929688,8.09999847412109,40.3699951171875,85.68994140625,18.6376482329576,7.076615078906,8.03999429278862,0.87999963760376,49.2969970703125,11.9189359847601,3.31776444387656,1.78132790714002,1.53643653673654,8.60117154088355,15.9899978637695,22.63070597944,11.3046401260003,9.98903205644523,1.13199996948242,5.12999725341797,36.7328981838649,18.5235222829636,22.0463256835938,9.06948852539063,26.2970794342465,7.35469817934532,2205.87748131156,1772.22872339189,433.64875793457,,,,
431,VA- RICHMOND,490084,Riverside Tappahannock Hospital,Tappahannock,VA,Riverside Health System,766,88.109999999404,0.528769016265869,41459.2409256489,21571.5731375217,6458.16242825985,5627.34178054333,2103.04685780406,2820.092187,1175.77930417657,1446.9507804811,256.277821685928,6851.52148924755,3075.66019887428,1309.48541991614,525.220738796758,489.875021620395,1451.31117890775,19428.2815349816,14.325811525001,1356.17319107056,0.72999999858439,=,0.649999998509884,x,1.11729012429714,3167.79999998212,40.9512832051366,77.3599998950958,0.689999999478459,=,0.579999998211861,x,1.18829860538244,39.25,11.6999969482422,6.39999771118164,5.29999923706055,27.5499877929688,50.97998046875,16.3080595144812,5.06687553288921,7.29108509043714,0.694999694824219,35.5609741210938,8.61120485482793,2.75061504050955,1.55387810149157,1.19673693901798,5.86058981431838,10.4599990844727,18.3529040124425,6.7484264967445,9.7479058409808,0.691999912261963,5.72999954223633,29.3646947298517,16.9803584014744,29.2419738769531,15.1725158691406,24.9108862356399,6.94479141638482,2021.71552966535,1608.80952380598,412.906005859375,,,,
431,VA- RICHMOND,490098,Community Memorial Healthcenter,South Hill,VA, ,1117,92.5399999991059,0.837085723876953,39931.2044007738,23482.179502964,6355.26000386477,4759.43279731274,1293.89302445948,802.3503823,1514.83335888386,1391.06141787767,332.162889501989,7375.27814654963,2985.03641035692,1632.75602444058,442.147034421134,551.775075656579,1763.4593668431,20655.8093162186,21.3467321237251,967.633321762085,0.779999999329448,=,0.969999998807907,x,0.797189593315125,3276.68999999762,54.4200231590947,60.2099999189377,0.719999998807907,=,0.769999999552965,x,0.924935162067413,58.47998046875,10.879997253418,9,1.8799991607666,47.5999755859375,53.2599792480469,20.7880970189074,6.92542573829122,9.43782142749266,0.733999729156494,51.0859985351563,13.0179775896402,2.68923093373467,2.30258797758113,0.386642956153541,10.3287466559055,11.0299987792969,25.4812506427765,8.81565874597922,14.2471083810156,0.61899995803833,2.72999954223633,43.4884334114117,20.4702419599694,15.5279846191406,6.14944839477539,23.5152795938248,7.18266296425999,2502.08587795496,2078.93457943201,423.151298522949,98.2,100,100,95.5
431,VA- RICHMOND,490123,Rappahannock General Hospital,Kilmarnock,VA, ,825,91.9899999992922,0.651348114013672,38986.3392191897,19953.4524536133,8369.99042010307,4629.44239723682,2570.47300300002,1195.225379,434.753777530044,1523.43472991884,309.520125228956,6612.22168958555,3042.05919661805,1587.60521029878,494.212345987306,703.693592903543,784.673268772662,17891.061468672,17.4001643344096,1028.21221160889,0.669999999925494,=,0.78999999910593,x,0.84709781780839,3049.08999997377,50.3576682635927,60.5499999523163,0.669999999925494,=,0.719999998807907,x,0.930122340098023,47.6699829101563,18.0999908447266,15.2699966430664,2.82999992370605,29.5699920654297,40.5699768066406,21.0686812491531,5.17147641898082,12.0672448725515,0.428999900817871,47.9159851074219,10.4956808218162,4.03720185195717,3.53611071738229,0.50109113457488,6.45847896985898,8.44999694824219,21.2707827053036,5.54099138313692,14.5487962743915,0.380999803543091,9.06999969482422,38.846819129776,22.4741464595104,20.2136535644531,7.38808822631836,19.5057032966755,6.72263169690151,2301.3167873323,1889.53012047708,411.786666870117,,,,
431,VA- RICHMOND,490097,Southern Virginia Reg Med Ctr,Emporia,VA,"Community Health Systems, Inc",656,90.7799999993294,0.804780006408691,38157.8949907505,24677.8444235325,4007.65964362025,5286.95680600405,1451.97326025367,350.2581434,908.959849514067,1299.51159825921,174.627536885238,6223.00956827497,2932.25799092527,1163.13258005667,417.129034284013,495.66732792273,1214.77117836475,22064.1787928278,20.5368417769487,1074.37058639526,0.829999998211861,=,0.939999999478459,x,0.885125629603863,2932.25999999046,54.1952410632165,54.1099998950958,0.639999998733401,=,0.769999999552965,x,0.831143472343683,56.2699890136719,19.1999969482422,11.7799987792969,7.42999649047852,37.0599975585938,56.5499877929688,18.7386750767884,4.85595822551405,10.0793085225315,0.48199987411499,52.8879699707031,12.5703625560713,4.21276822067291,2.47727949909203,1.73548872158088,8.35759433539841,11.5599975585938,25.7390086441258,7.10547036245566,16.4980977875458,0.430999994277954,4.36999893188477,46.3349248591806,24.0025594387177,8.82523345947266,3.16111183166504,18.7898326193758,6.6413066047464,2219.41064250469,1801.97619046271,417.434452056885,,,,
431,VA- RICHMOND,490094,Bon Secours Richmond Comm Hosp,Richmond,VA,"Bon Secours Health System, Inc",304,83.8799999998882,,,,,,,,,,,,,,,,,25495.7874393967,23.8189721483521,1070.3983039856,0.959999999031425,=,1.08999999985099,x,0.881853044033051,,,,,,,,,65.2599487304688,14.0599975585938,11.8499984741211,2.21999931335449,51.1899719238281,62.969970703125,,,,,58.3829956054688,14.6917049211268,3.53032665366944,3.11452270624871,0.415803947420728,11.1613782674574,10.8299942016602,,,,,5.63999938964844,42.9446347994652,23.3489962484036,25.3236541748047,7.85566711425781,,,,,,,,,
431,VA- RICHMOND,490136,Bon Secours St Francis Med Ctr,Midlothian,VA,"Bon Secours Health System, Inc",278,81.8199999993667,,,,,,,,,,,,,,,,,21590.3631758786,20.3517641019433,1060.85954284668,0.809999998658895,=,0.929999999701977,x,0.873994486406446,,,,,,,,,55.7599792480469,13.109992980957,7.40999984741211,5.69999694824219,42.6499938964844,50.6799926757813,,,,,48.802978515625,13.1760467794079,2.91265846524479,2.11275661995088,0.799901845293904,10.2633883141631,9.5,,,,,8.60999298095703,38.5716319750672,17.8726787538696,46.4584045410156,17.5316772460938,,,,,,,,,
432,VA- ROANOKE,490116,Pulaski Community Hospital,Pulaski,VA,HCA,714,89.839999999851,1.00239372253418,53775.8113869376,30359.3044397831,7470.07948815823,8271.46562814713,3464.17557477951,948.5198404,1288.21792946756,1876.98091182113,96.5157338557251,9733.45715882045,4078.99033567293,1310.04374292921,621.878137063346,544.950990004523,3177.5167953372,27025.6704052669,26.5683529015644,1017.21286582947,1.01999999955297,=,1.20999999716878,x,0.838035950437188,4080.09999999404,63.3235296088038,64.4299998283386,0.889999998733401,=,0.899999998509884,x,0.98978572152555,72.7899780273438,14.129997253418,10.609992980957,3.51999855041504,58.6599731445313,88.8799438476563,25.5272689346705,5.01989463784578,16.5396769691822,0.303999900817871,63.4299926757813,15.9491421709061,3.64211424358217,2.89080133253469,0.751312911047486,12.3070279273239,17.489990234375,31.2131710658902,5.97557987763436,23.1550686949567,0.257999897003174,9.54999542236328,47.9217069028412,27.3197858269329,17.5773620605469,6.77193450927734,31.4032974925727,7.7743857572745,3145.7315980792,2636.77922075987,508.952377319336,,,,
432,VA- ROANOKE,491302,Carilion Giles Memorial Hospital,Pearisburg,VA,Carilion Clinic,431,86.1199999991804,0.783982753753662,48111.4458558646,28086.6421711445,5283.61894357204,7746.20601695776,2036.67619712651,1223.484834,1591.12756988406,1884.18397590518,259.544771973542,6533.17436668836,2753.96139537098,1094.06088775179,422.89717265314,474.170665753734,1788.05998452008,25938.1761016286,21.288815387797,1218.39452362061,0.969999998807907,=,0.969999998807907,x,1.00378047302365,2843.01999998093,47.4560455287122,59.9099999666214,0.619999999180436,=,0.679999999701977,x,0.920286705717444,58.3299865722656,13.9199981689453,7.42999649047852,6.48999786376953,44.3999938964844,43.0299987792969,17.3109505157932,3.54067782221077,11.1463690215294,0.317999839782715,50.9409790039063,11.9463724363411,3.12566098034711,1.79020761520411,1.335453365143,8.82071145599395,8.63999938964844,21.6491535277947,5.58223488839191,15.229555806244,0.366999864578247,5.52999877929688,39.5960753738252,17.705361829532,17.6371002197266,7.90128326416016,17.3101206897337,6.57685705767593,2234.20479905605,1716.21176469326,517.993034362793,,,,
432,VA- ROANOKE,490117,Tazewell Community Hospital,Tazewell,VA,Carilion Clinic,404,82.5599999995902,0.746011257171631,48062.7398220452,24234.8891367912,4922.56381243467,10117.7514022589,3953.74064660072,798.9624925,1970.64261300862,1903.92329417169,160.19837280617,7185.81498448651,2987.47552798139,1014.41367439582,450.765922688539,361.290618271753,2371.89378583431,21857.100736967,20.0387460230229,1090.74193954468,0.819999998435378,=,0.909999998286366,x,0.898613249883056,3061.69999998808,44.2107620127421,69.25,0.669999999925494,=,0.629999998956919,x,1.06382519751787,54.8999938964844,7.21999740600586,5.12999725341797,2.08999824523926,47.6799926757813,86.3599853515625,17.2482670951611,5.00946051164744,9.39848449208029,0.532999992370605,45.5459899902344,12.5589540729129,1.5660446023137,1.15949941971357,0.406545182600134,10.9929094705992,17.3099975585938,23.6304716322074,7.71630198394837,14.6661172389335,0.525999546051025,12.859992980957,43.4123613766671,11.6421913229094,14.8570327758789,6.06997299194336,22.8670373255774,7.1100375874274,2274.70116972923,1729.13186812401,545.569301605225,,,,
432,VA- ROANOKE,490042,Carilion New River Vly Med Ctr,Christiansburg,VA,Carilion Clinic,1241,88.7399999992922,0.824447631835938,47979.2836591961,24288.4009439945,9776.31211864948,5646.54280048609,3023.77269032598,1838.090939,1127.91462449729,1939.46663981676,338.391716439924,9736.77399972445,3454.17820460768,1727.47691991773,608.024149552902,603.407466284468,3343.65836530924,21425.6821121409,20.4053372317455,1050.00382232666,0.809999998658895,=,0.929999999701977,x,0.865050947293639,3478.95999997854,56.6903482638487,61.3699998855591,0.759999999776483,=,0.809999998658895,x,0.942703276872635,55.9099731445313,24.6299896240234,6.41999816894531,18.2099914550781,31.2799987792969,52.0499877929688,21.1847402910426,7.33364884847444,9.64802561619813,0.759999752044678,51.2949829101563,12.0536340521783,5.49273321526496,1.67523489053143,3.81749832473353,6.56090083691335,10.2699966430664,27.4537544781981,10.7031573353698,15.1314465876113,0.706999778747559,8.72999572753906,40.949055711597,22.6373127577513,34.8918762207031,13.4044876098633,40.4928147160543,8.88505630191737,3177.30261713266,2628.37916666269,548.923450469971,93,94.5,90,93
432,VA- ROANOKE,490024,Carilion Medical Center,Roanoke,VA,Carilion Clinic,4857,93.609999999404,0.928900241851807,46804.3928034457,25010.598944664,8708.39198005199,7225.16455745697,1630.16372962296,1701.946253,932.141577713192,1283.88517795503,312.012274400014,9083.80387316145,3282.91260233078,1899.97535566786,640.34522024544,663.77098406636,2596.79000586271,22024.8069111435,22.9717238276932,958.779022216797,0.829999998211861,=,1.04999999701977,x,0.789894934743643,3290.57999998331,57.5579512603325,57.1699999570847,0.719999998807907,=,0.819999998435378,x,0.878216309472919,62.9399719238281,28.0799865722656,7.41999816894531,20.6699981689453,34.8499755859375,74.3699951171875,21.2441156373952,7.92446478000622,8.57448213800147,0.923999786376953,57.9309997558594,13.6798994131663,6.35719623577118,1.90600005853293,4.45119617723825,7.32270317739514,13.7899932861328,28.6480215425573,12.2503416222296,13.9495759179612,0.877999782562256,4.45999908447266,42.4302504652727,30.2893957453497,25.6883392333984,11.4411849975586,41.8746519715676,9.61073207991934,2806.1494127214,2446.02979144454,360.119621276855,91.4545454545455,96.2,89,86.75
432,VA- ROANOKE,490110,Montgomery Regional Hospital,Blacksburg,VA,HCA,970,92.8099999995902,0.966684341430664,46489.2860674371,24508.5466995239,8171.50432252884,6157.97288662195,2670.989905864,2000.547614,681.316581822932,2084.84298151731,213.564813861477,9047.35681296159,3448.02446032846,1806.0384277663,605.867048588251,503.403923698552,2684.03365039825,21470.0694681289,24.0141302833095,894.059839248657,0.809999998658895,=,1.09999999776483,x,0.736575709655881,3453.57999998331,59.3331070716759,58.2099999189377,0.759999999776483,=,0.839999999850988,x,0.894143622368574,65.7899780273438,37.989990234375,7.45999908447266,30.5299987792969,27.8099975585938,60.989990234375,21.9491110419247,7.95416883246734,9.68724480091743,0.820999622344971,62.5699768066406,14.5065583224444,8.52970174025782,1.96761818965133,6.56208355060649,5.97685658218661,10.859992980957,30.2728253023352,13.2256601095788,15.6907321691438,0.842999935150146,6.67999649047852,47.5590565635903,33.7591596544786,32.8254089355469,12.4496002197266,32.6156216693039,7.70952876722692,2958.0859927237,2407.43548384309,550.650508880615,98.5,100,99.5,96.5
432,VA- ROANOKE,490048,Lewis-Gale Medical Center,Salem,VA,HCA,2945,94.9799999995157,0.992177486419678,46123.2192131474,22221.345458746,8918.169308424,8754.09620296955,1771.54466019571,1861.300302,856.229246012867,1511.56724379957,228.34968315367,10658.7561835453,3810.60821645405,1863.61286564608,635.491504790387,569.230308738696,3779.85452562571,19005.6907330612,22.042676038732,862.222476959229,0.709999999031425,=,1.00999999791384,x,0.710346337407827,3819.02999997139,66.3870936804446,57.5299999713898,0.839999999850988,=,0.949999999254942,x,0.883699076250196,60.3899841308594,10.7599945068359,9.15999603271484,1.59999942779541,49.6299743652344,73.8099975585938,22.9709283989744,10.4043399296591,8.30962864451426,1.2519998550415,52.5609741210938,13.3475845281485,2.77602792797438,2.44340520538484,0.332622722589532,10.5715566001741,14.0099945068359,34.5213639488821,19.276241630815,13.0560595601626,1.47599983215332,4.7599983215332,37.2794370631018,20.9695762826948,28.5140228271484,11.6165466308594,42.6375947963484,9.63462804503921,3215.26833412051,2810.91349479556,404.354839324951,93.9090909090909,96.2,94,91
432,VA- ROANOKE,490126,Alleghany Regional Hospital,Low Moor,VA,HCA,906,92.6999999992549,0.912551403045654,45146.1021497807,22360.5352904797,6861.90042001009,7782.55385243893,2854.13012689352,2597.772387,975.388324759901,1293.13900753856,420.642297986676,7682.1338791885,2911.73636770722,1862.94613830065,460.083716371207,525.457893119789,1921.7983917743,19747.9552607054,24.7554564082888,797.721315383911,0.739999998360872,=,1.12999999895692,x,0.657206730917096,2915.90999999642,51.8645407490809,56.2199999094009,0.639999998733401,=,0.739999998360872,x,0.863651378080249,67.8199462890625,15.1699981689453,10.6599960327148,4.5099983215332,52.6499938964844,86.22998046875,18.2478467676002,4.65644757791845,9.40480891685275,0.494999885559082,59.9919738769531,14.1973195077562,3.26544208152781,2.3872239328373,0.878218148690505,10.9318774262284,14.5399932861328,25.485346842761,9.26496978310675,14.2648665756536,0.648999691009521,9.18999481201172,36.7276591290563,20.4279765139774,31.2044525146484,15.9782333374023,28.0079671745294,7.46207735677089,2409.30034643412,2033.97584539652,375.324501037598,,,,
432,VA- ROANOKE,490111,Wythe County Community Hospital,Wytheville,VA,"LifePoint Hospitals, Inc",700,91.6999999992549,0.742525100708008,42787.670339129,21397.6385843754,4935.08612072468,8741.89090800285,2658.87974017859,2364.003453,1133.88391309977,1488.3441529423,67.9456579106457,6416.46211578595,2745.08101597395,1105.52014021228,411.653118775953,355.734898857616,1798.52538758516,19118.3079319265,20.1049399845601,950.925888061523,0.719999998807907,=,0.919999999925494,x,0.783425090834498,2757.41999998689,43.4586670677825,63.4499999284744,0.599999999627471,=,0.619999999180436,x,0.974678587168455,55.0799865722656,11.8699951171875,6.18999862670898,5.67999649047852,43.2099914550781,78.4599609375,16.7444940568921,3.63062465692325,9.71005892778718,0.373999834060669,47.3739929199219,11.4398501242061,2.7905278640036,1.48259543180822,1.30793243219538,8.64932226020252,15.4399948120117,21.1871490503538,4.58482186350035,15.0735557572936,0.303999900817871,8.59999847412109,38.4191115440483,17.8004966584554,37.3318176269531,14.6550445556641,16.6182160875534,5.97355980344479,2256.45067638159,1837.8549618274,418.595714569092,,,,
432,VA- ROANOKE,490089,Carilion Franklin Memorial Hosp,Rocky Mount,VA,Carilion Clinic,692,88.859999999404,0.67258358001709,42713.5768551336,22267.8616633415,5751.65288329124,8676.88348639011,2053.51722282171,1575.04182,766.524604022503,1336.71032804251,285.393325966577,6708.44721300839,2918.40687373374,1281.41188860197,465.867143993002,509.748148921175,1533.0221619904,20031.0033357537,18.6241620402899,1075.5384979248,0.75,=,0.849999999627471,x,0.886087819933891,2919.00999999046,40.9523739271486,71.2799999713898,0.639999998733401,=,0.579999998211861,x,1.09494213759899,51.0299987792969,10.6899948120117,5.26999664306641,5.41999816894531,40.3399963378906,86.2999877929688,15.829676352947,3.5496748678391,8.29539271713625,0.427999973297119,43.572998046875,10.9386231360659,2.20631782922243,1.2719794192561,0.934338409966329,8.73230530684349,16.5899963378906,19.1197642415235,4.60422260270276,12.6409248327221,0.363999843597412,4.61999893188477,40.1524530801478,16.5437600637037,21.6625061035156,8.58123016357422,22.4786905852577,7.29111815519526,2067.18993741274,1706.01652891934,361.173408508301,,,,
432,VA- ROANOKE,491304,Carilion Stonewall Jackson Hsp,Lexington,VA,Carilion Clinic,551,90.3299999991432,0.597652435302734,41957.8882388611,20133.1079928875,7646.77342420816,7144.86863613129,2412.98503926396,2548.49212,449.734790451825,1381.22335009277,240.656707444722,6810.47426319236,2727.09169478714,1513.97339923385,454.220450481046,460.569869723419,1654.60831430554,18002.2721167283,15.1318245909213,1189.69606018066,0.679999999701977,=,0.689999999478459,x,0.980137102305889,2894.58999997377,48.0312534181161,60.2599999904633,0.629999998956919,=,0.679999999701977,x,0.925758793950081,41.4599914550781,12.4799957275391,8.41999816894531,4.05999755859375,28.9699859619141,71.3899536132813,18.0018161165297,4.61006156793087,9.24352643780415,0.498999834060669,38.4239807128906,8.37843650654008,2.97793964221247,1.96838797669667,1.0095516655158,5.40049686432761,12.9399948120117,20.7818473148811,6.33908065348844,12.5919373036788,0.502999782562256,6.84999847412109,27.7178294837894,18.5401032670802,42.2389831542969,15.2185134887695,15.6259814816928,7.01994951102706,2067.37368953228,1698.9417475611,368.431941986084,,,,
435,VA- WINCHESTER,490005,Winchester Medical Center,Winchester,VA,Valley Health System,3477,93.5399999991059,0.794601917266846,46958.0594749873,26938.2636861801,7222.38989889622,6004.84894049168,1635.89091704786,3045.373913,492.143558874726,1373.95693081617,245.186409157804,8033.04830083473,2977.88873463276,1656.2302761445,698.686063109692,557.553263673305,2142.68322330713,24243.0499093855,19.7460083570195,1227.74433517456,0.909999998286366,=,0.899999998509884,x,1.0114833638072,3024.57999998331,52.0233493687328,58.1399999856949,0.659999998286366,=,0.739999998360872,x,0.893102394416928,54.0999755859375,6.46999740600586,5.43999862670898,1.02999973297119,47.6299743652344,47.6999816894531,21.0956952798592,7.0946966411634,10.0056907906368,0.708999633789063,44.9099731445313,11.4548370216134,1.60629266788961,1.39553180327042,0.210760864619187,9.84854435372377,9.16999816894531,25.447971832238,9.46768838108106,14.2574362744605,0.663999557495117,4.2599983215332,32.8050326451088,13.2321443570401,41.6847534179688,18.4660949707031,37.867273503823,9.19179077549456,2732.23279976845,2352.11028313637,380.12251663208,90.7272727272727,93.6,92.5,86.25
435,VA- WINCHESTER,491305,Shenandoah Memorial Hospital,Woodstock,VA,Valley Health System,583,90.4899999992922,0.579538822174072,43419.7991810825,22315.4221558571,7747.91066938639,7572.24452883005,1697.01831382513,2659.973742,262.627052552998,1081.44750009477,83.2524766875723,6232.01088195297,3011.05776300332,1036.62637007297,448.93290730392,257.893730891848,1477.58685933053,20386.9936332159,15.4378928540544,1320.58136367798,0.769999999552965,=,0.699999999254942,x,1.08796761929989,3012.15999999642,43.4112092968922,69.3899998664856,0.659999998286366,=,0.619999999180436,x,1.06588780879974,42.2999877929688,8.8699951171875,8.35999298095703,0.509999752044678,33.4299926757813,69.2699584960938,16.1352481632449,2.17392027592669,10.3603452477287,0.209999918937683,38.1159973144531,8.32779765075906,1.8145237786356,1.75336987179665,0.0611539068389464,6.51327387212346,11.0699996948242,18.2322572249188,2.59136584921013,14.1552140375532,0.182999968528748,3.46999931335449,28.1805311575755,13.3208531868037,38.5188293457031,16.7874908447266,16.7871302879205,6.33223867735316,1769.16049431264,1477.29599998891,291.86449432373,,,,
435,VA- WINCHESTER,490033,Warren Memorial Hospital,Front Royal,VA,Valley Health System,608,89.7599999997765,0.64513111114502,42585.1972775143,22954.3058443069,5306.34946733713,7171.70168679953,2365.40453448892,2789.43566,434.748088389635,1332.40972335637,230.918519373326,6309.63605034656,3322.15699962391,901.375122462176,476.665639701957,349.241583691616,1260.27822849154,20710.101517581,17.1161497566316,1209.97430801392,0.779999999329448,=,0.779999999329448,x,0.996843440458179,3322.15999999642,42.6039341323271,77.9799997806549,0.72999999858439,=,0.609999999403954,x,1.19785822555423,46.8899841308594,7.01999664306641,6.41999816894531,0.589999675750732,39.8799743652344,54.1799926757813,17.8852827507825,4.15547317514029,10.9275283802564,0.379999876022339,40.1349792480469,9.68826386483969,1.69580877108129,1.54410977041873,0.151699000662566,7.9924550937584,8.92999267578125,17.8604670770846,3.69949139866552,13.1369477052134,0.281999826431274,5.12999725341797,32.0953158643716,13.6255265112571,39.4900817871094,13.7690734863281,17.3717838926269,6.24789505676862,1856.38575538993,1480.57983192801,375.805923461914,,,,
435,VA- WINCHESTER,491307,Page Memorial Hospital,Luray,VA, ,385,85.7799999993294,,,,,,,,,,,,,,,,,22115.096351064,15.7791031213246,1401.54330444336,0.829999998211861,=,0.719999998807907,x,1.15466852113605,,,,,,,,,43.22998046875,,,,,66.449951171875,,,,,,8.97250758290046,,,,,11.3499984741211,,,,,6.45999908447266,28.0515307662298,,12.3615951538086,4.59204864501953,,,,,,,,,
