Hospital ID,Hospital name,City,State,,,Rate - 2004 - Percent readmitted within 30 days of discharge,Lower conf. Limit - 2004 - Percent readmitted within 30 days of discharge,Upper conf. Limit - 2004 - Percent readmitted within 30 days of discharge,Rate - 2009 - Percent readmitted within 30 days of discharge,Lower conf. Limit - 2009 - Percent readmitted within 30 days of discharge,Upper conf. Limit - 2009 - Percent readmitted within 30 days of discharge,Rate - 2004 - Percent seeing a primary care clinician within 14 days of discharge to home,Lower conf. Limit - 2004 - Percent seeing a primary care clinician within 14 days of discharge to home,Upper conf. Limit - 2004 - Percent seeing a primary care clinician within 14 days of discharge to home,Rate - 2009 - Percent seeing a primary care clinician within 14 days of discharge to home,Lower conf. Limit - 2009 - Percent seeing a primary care clinician within 14 days of discharge to home,Upper conf. Limit - 2009 - Percent seeing a primary care clinician within 14 days of discharge to home,Rate - 2004 - Percent having an ambulatory visit within 14 days of discharge to home,Lower conf. Limit - 2004 - Percent having an ambulatory visit within 14 days of discharge to home,Upper conf. Limit - 2004 - Percent having an ambulatory visit within 14 days of discharge to home,Rate - 2009 - Percent having an ambulatory visit within 14 days of discharge to home,Lower conf. Limit - 2009 - Percent having an ambulatory visit within 14 days of discharge to home,Upper conf. Limit - 2009 - Percent having an ambulatory visit within 14 days of discharge to home,Rate - 2004 - Percent having an emergency room visit within 30 days of discharge,Lower conf. Limit - 2004 - Percent having an emergency room visit within 30 days of discharge,Upper conf. Limit - 2004 - Percent having an emergency room visit within 30 days of discharge,Rate - 2009 - Percent having an emergency room visit within 30 days of discharge,Lower conf. Limit - 2009 - Percent having an emergency room visit within 30 days of discharge,Upper conf. Limit - 2009 - Percent having an emergency room visit within 30 days of discharge
10033,University of Alabama Hospital,Birmingham,AL,1343,1209,20.8097887192801,18.3766292010179,23.2429482375424,18.6136886782827,16.1868869382519,21.0404904183134,34.0745210675151,25.8537252064051,42.295316928625,28.53007912804,25.1206402625972,31.9395179934828,52.6586938109121,42.4890078696031,62.8283797522211,50.361021218271,45.8743120551886,54.8477303813533,16.6560466158719,14.4748039209565,18.8372893107874,18.8208638941589,16.3724620564023,21.2692657319156
40016,UAMS Medical Center,Little Rock,AR,754,860,21.5895428350273,18.2751367679717,24.9039489020829,20.7045337556109,17.6628677410908,23.746199770131,26.0531023770198,16.2258154722296,35.8803892818101,21.7789812552123,18.1320015303308,25.4259609800937,47.9424172857965,34.6534572050458,61.2313773665471,52.7139595454563,47.0690198494851,58.3588992414276,19.7916904400165,16.6348655851237,22.9485152949092,23.5027056679726,20.2615622514818,26.7438490844634
30064,University Medical Center-Tucson,Tucson,AZ,842,698,18.7975860719707,15.8571731188473,21.7379990250942,17.5643992776937,14.4475955326002,20.6812030227873,31.4575773881806,21.9437186257121,40.9714361506491,45.6011929196806,40.0259253681962,51.176460471165,55.5182757165583,42.9533070760379,68.0832443570786,62.4140434552409,55.9213602383531,68.9067266721287,20.9907085637457,17.844517341464,24.1368997860273,22.5906904258084,19.0226873906207,26.1586934609962
50025,UC San Diego Med Ctr,San Diego,CA,826,944,19.1424517487283,16.1575840312944,22.1273194661622,17.6991669042032,15.0066722355399,20.3916615728664,34.1428677662728,23.8168843739215,44.4688511586241,40.9701071578691,36.2788486932396,45.6613656224986,59.0991935567864,45.5418002287716,72.6565868848012,65.2064392422832,59.3112516760695,71.1016268084969,23.4988213874376,20.1748939282869,26.8227488465882,22.2269924460811,19.1916816747445,25.2623032174178
50262,UCLA Medical Center,Los Angeles,CA,1218,839,19.5708445092412,17.0999334309631,22.0417555875193,16.7313374472479,13.9696331644984,19.4930417299975,35.6293002291387,27.4559156508158,43.8026848074617,38.2686620999265,33.7039071470111,42.8334170528419,69.559691918859,58.1586195480617,80.9607642896564,70.2545502458161,64.0841141649685,76.4249863266636,18.6606935259172,16.2384576726427,21.0829293791916,19.5066606767521,16.5120166961428,22.5013046573614
50327,Loma Linda University Med Ctr,Loma Linda,CA,1159,1119,18.096749065429,15.6373728523091,20.5561252785489,16.5309709519942,14.1423594315785,18.91958247241,37.16815328244,28.0619557282422,46.2743508366378,46.0050824655226,41.5245010491081,50.485663881937,53.5571078952149,42.6130275032799,64.5011882871499,63.5345563436479,58.2816710753191,68.7874416119767,16.2898893464593,13.9550693597143,18.6247093332043,21.8274149245554,19.0773009524196,24.5775288966912
50441,Stanford Hospital and Clinics,Stanford,CA,1228,1361,14.6361353324342,12.5038604040434,16.768410260825,16.6491881944311,14.4832991469547,18.8150772419074,46.1202591067095,36.2572787800941,55.9832394333248,42.6920775237793,38.828257050305,46.5558979972537,67.9635259943004,56.0010485735497,79.9260034150511,69.0515862157366,64.1422482042064,73.9609242272668,15.0502686829536,12.8814938729326,17.2190434929746,17.3564313430132,15.1373022100511,19.5755604759753
50454,UCSF Medical Center,San Francisco,CA,1222,1143,16.619808478558,14.3391145708953,18.9005023862207,18.8118842613258,16.303110528563,21.3206579940886,39.3369439164397,30.4929203367609,48.1809674961186,37.0576438255614,33.0951898077232,41.0200978433995,65.451897204061,54.0232970536369,76.880497354485,57.8715585555691,52.9258516220666,62.8172654890717,19.65719923672,17.1702203976747,22.1441780757654,22.475612943223,19.7277121204795,25.2235137659665
50599,UC Davis Med Ctr,Sacramento,CA,753,1004,13.9573987775518,11.2876775864557,16.627119968648,15.054623045436,12.6533724622729,17.4558736285991,38.2329442156953,25.188161649363,51.2777267820276,44.5442971813066,39.8506533268787,49.2379410357345,45.1526527913367,30.9814393668141,59.3238662158593,57.5208279526201,52.2179457168904,62.8237101883499,17.6979778384121,14.6787717910907,20.7171838857334,18.0769224717141,15.4360689436253,20.7177759998028
50625,Cedars-Sinai Medical Center,Los Angeles,CA,3903,4109,15.604143639019,14.3698689440421,16.8384183339958,16.2194418119308,14.9949326833674,17.4439509404942,27.4467039610581,23.5439653150187,31.3494426070975,30.0239976941636,28.1750702590632,31.872925129264,62.7119938057121,56.7982186765382,68.6257689348859,65.8594764781039,63.1117520236731,68.6072009325347,13.2944370942671,12.1572121605494,14.4316620279849,16.83199048645,15.5877226189794,18.0762583539206
60024,University of Colorado Hospital,Aurora,CO,687,790,16.3347278853547,13.3094939450555,19.3599618256539,16.872049854522,14.0045850180299,19.7395146910141,39.4442055460369,27.5149143634372,51.3734967286367,39.8687346371314,34.8865367874798,44.8509324867829,62.8944388249888,47.9453796338953,77.8434980160824,66.351924935968,59.9757102280317,72.7281396439042,19.0881673374935,15.7941532679448,22.3821814070422,19.9378509561274,16.7990153722386,23.0766865400162
70022,Yale-New Haven Hospital,New Haven,CT,2732,3131,17.8940320880836,16.3112412157938,19.4768229603734,17.6125609447913,16.1472422558831,19.0778796336995,41.0560562632137,34.5504528352278,47.5616596911996,39.318075486615,36.7276166942801,41.90853427895,62.9273425258718,54.8472282615535,71.00745679019,65.7044520307892,62.3546923415488,69.0542117200295,18.9462804482078,17.3224929682912,20.5700679281245,19.9822492596491,18.4243409122816,21.5401576070165
70036,University of CT Health Ctr,Farmington,CT,881,823,13.1214776730031,10.7438388346097,15.4991165113965,17.9242965322091,15.0462019812904,20.8023910831279,48.0680907737019,34.4695494513641,61.6666320960397,42.4569817184959,36.7417050651324,48.1722583718594,70.4842035684086,53.9722351926308,86.9961719441865,63.2346745018118,56.2179558712107,70.2513931324128,17.5931683254896,14.841156453716,20.3451801972633,21.618986470376,18.4694103164955,24.7685626242565
90001,George Washington Univ Hosp,Washington,DC,857,900,16.4243803784038,13.750998100747,19.0977626560606,16.0956755592667,13.5198310031415,18.6715201153919,28.2136662313222,18.5873832197308,37.8399492429136,32.110306646456,27.9513654183902,36.2692478745218,56.4194802710737,42.8077546952565,70.0312058468909,60.4488005554121,54.7615954056822,66.136005705142,18.9443640831014,16.1213499563426,21.7673782098601,19.6468045603848,16.8308399465288,22.4627691742408
90004,MedStar-Georgetown Med Ctr,Washington,DC,593,683,19.5171835499959,15.9956468873541,23.0387202126378,21.0890231037086,17.6681567614305,24.5098894459867,28.2235760746868,18.288132420554,38.1590197288196,24.5691587107695,20.209359968277,28.9289574532619,63.3384608279451,48.500488499203,78.1764331566871,55.8641163759052,49.3438633260344,62.384369425776,19.0534261907928,15.5860564192606,22.5207959623249,22.52089851706,18.9867932135228,26.0550038205971
100022,Jackson Health System,Miami,FL,1581,1625,19.9199696267619,17.7270883870787,22.1128508664451,19.23096841438,17.1139355751241,21.3480012536358,32.9721612000888,25.5098586313919,40.4344637687857,28.5744987698896,25.4867870695179,31.6622104702614,52.0695189567693,42.7140372021135,61.4250007114252,47.2184186666151,43.2793099149336,51.1575274182967,18.8363301164805,16.722342471621,20.9503177613399,20.2363372169773,18.0757438982606,22.3969305356941
100113,Shands at the University of FL,Gainesville,FL,2165,2214,17.2456787291618,15.4955018317518,18.9958556265717,18.452494913768,16.6619670487036,20.2430227788324,45.4519043974621,38.1780847881745,52.7257240067497,41.3520010902608,38.3059584880534,44.3980436924682,65.9875371918286,57.2278268743831,74.7472475092741,60.6244601619865,56.9522238989255,64.2966964250475,19.7903219805763,17.9153833944949,21.6652605666577,19.8548457681559,17.9953913619517,21.71430017436
100128,Tampa General Hospital,Tampa,FL,917,1308,20.5828892323596,17.640612728737,23.5251657359823,18.1814842957711,15.8617972080993,20.5011713834428,34.2729134946413,24.3685132934374,44.1773136958452,33.0646267807549,29.4586872872265,36.6705662742832,57.3268066522131,44.604480636036,70.0491326683902,59.2881225506634,54.4836486746856,64.0925964266412,21.4702421189995,18.4489539616201,24.491530276379,17.9502103412474,15.6353775627414,20.2650431197534
110010,Emory University Hospital,Atlanta,GA,1280,1202,19.1656645999806,16.7754798099553,21.5558493900059,17.9580372718724,15.5795935345225,20.3364810092223,36.9963069676929,28.7858534970672,45.2067604383187,35.1597767791129,31.2892279612682,39.0303255969575,56.2456506418592,46.1398311739371,66.3514701097814,61.0549063431887,55.9707165038424,66.139096182535,17.316659990474,15.0438257179919,19.5894942629562,18.706083447557,16.2832631823301,21.1289037127839
110034,Medical College of Georgia Hosp,Augusta,GA,786,801,16.5069156141983,13.6693211623608,19.3445100660359,18.6868272902862,15.7062309118287,21.6674236687436,25.9181265793736,16.3179181464934,35.5183350122537,34.146397503348,29.4020725792101,38.8907224274859,46.2383618100668,33.4217418088195,59.054981811314,54.9642063663438,48.9976021201361,60.9308106125514,19.4691211637762,16.4139178241764,22.524324503376,23.3008752157985,19.9788922333726,26.6228581982244
110079,Grady Memorial Hospital,Atlanta,GA,1418,1108,15.3065950711583,13.3240780555578,17.2891120867588,15.4137676657342,13.1743804948521,17.6531548366163,21.8201455876649,15.5818667004349,28.0584244748949,25.7486385588262,22.2324129536549,29.2648641639975,23.6211797996456,17.1382313432466,30.1041282560445,34.8958560247301,30.837307360772,38.9544046886881,19.4621177182283,17.3025398432678,21.6216955931888,21.2330031911978,18.6668083821823,23.7991980002132
160058,University of IA Hosps & Clinics,Iowa City,IA,1008,1311,19.0705504355979,16.3588450777578,21.782255793438,18.1963847579737,15.869862287255,20.5229072286925,34.3986102927064,25.545763019487,43.2514575659257,36.6588007485597,32.6670646670498,40.6505368300695,57.7921781332479,46.4078465410262,69.1765097254696,55.7699530669759,50.8815011455144,60.6584049884374,15.1477276318024,12.6989751365694,17.5964801270354,18.0936664368307,15.7501666957807,20.4371661778807
140088,University of Chicago Hospital,Chicago,IL,1444,1211,18.8763801352055,16.6886599723971,21.0641002980139,20.731281495082,18.2257241569203,23.2368388332438,32.509500876793,24.666280726313,40.352721027273,31.3006466471297,27.704288899138,34.8970043951215,56.3279993040279,45.9878223352124,66.6681762728433,60.5506515219512,55.5753574132716,65.5259456306308,19.2670779552513,17.1153043909875,21.4188515195151,20.5237213421816,18.0710687261999,22.9763739581633
140119,Rush University Medical Center,Chicago,IL,1428,1475,18.1048353891673,15.9208552308191,20.2888155475155,17.9779739400254,15.8374890202189,20.1184588598318,34.8117693798233,26.7142313795305,42.909307380116,33.0996030989136,29.7846341060984,36.4145720917289,47.8727064479223,38.3943941462602,57.3510187495843,54.2480919541437,50.0286630241447,58.4675208841427,14.5430052084997,12.6035339170712,16.4824764999282,18.2729452693272,16.1287589380366,20.4171316006178
140276,Loyola University Medical Center,Maywood,IL,1916,1518,19.5192379283776,17.5462473707869,21.4922284859683,17.6808511432542,15.5718473683853,19.7898549181232,27.8047837000734,22.0602558724904,33.5493115276564,29.8067499106693,26.7016965780418,32.9118032432968,55.0197926573931,46.9595427870912,63.080042527695,59.629014586948,55.2520912609555,64.0059379129405,16.9020746744628,15.0616265432435,18.7425228056821,17.9639683128706,15.8368920050997,20.0910446206415
140281,Northwestern Memorial Hospital,Chicago,IL,2397,3058,19.8710648151092,18.093372509765,21.6487571204533,16.6893868436534,15.2423286303346,18.1364450569723,31.8339852780262,26.3190286967663,37.348941859286,39.4496330864501,37.0297957763315,41.8694703965687,58.7219469314678,51.2614451390467,66.182448723889,65.0184585809521,61.9194631434903,68.117454018414,18.3578606945908,16.6521784218464,20.0635429673352,17.4321785743709,15.95500732418,18.9093498245618
150056,Clarian Health Partners,Indianapolis,IN,2778,2468,15.7367699490905,14.2696671937582,17.2038727044228,18.3329542226409,16.6539345435115,20.0119739017703,36.6691524874094,30.6589524742692,42.6793525005497,33.3978766265678,30.6560657204462,36.1396875326895,54.2829480752814,46.9929116964434,61.5729844541194,53.2620512155437,49.8202954741792,56.7038069569082,17.4402474361212,15.9038410128808,18.9766538593615,22.3549081135371,20.506657739846,24.2031584872282
170040,University of Kansas Hospital,Kansas City,KS,800,1040,18.3092192351628,15.3493860920224,21.2690523783033,19.6445090022132,16.948743160015,22.3402748444113,26.1056508992017,17.1986062883694,35.0126955100341,28.9419897196459,25.3756378038819,32.5083416354098,45.2721951818146,33.6209154859904,56.9234748776389,53.1755031425846,48.3782053308551,57.9728009543141,9.90485162445589,7.7206611947199,12.0890420541919,19.6341713862006,16.9265186492922,22.3418241231089
180067,University of Kentucky Hospital,Lexington,KY,1175,1068,17.4967714384628,15.0898275218743,19.9037153550513,18.7440557643291,16.1331749683043,21.3549365603539,41.1301392619391,31.9431990768338,50.3170794470444,32.7385750092951,28.7359096568195,36.7412403617707,56.970959629278,46.1760821533222,67.7658371052338,55.8578922535179,50.6621316778037,61.0536528292321,19.0194135184658,16.5061278667227,21.5326991702089,22.825013861307,19.9251431022014,25.7248846204127
220031,Boston Medical Center,Boston,MA,1792,1401,17.5288677571748,15.6082765033661,19.4494590109835,16.2051984491212,14.1199085830259,18.2904883152164,36.8096762151124,29.5949796769504,44.0243727532745,35.1275466328366,31.3317237343486,38.9233695313246,51.6440293626251,43.1195741289124,60.1684845963378,54.0035910665725,49.3348783407814,58.6723037923637,20.273387244758,18.2322942961557,22.3144801933604,20.8185127501292,18.4704899990422,23.1665355012161
220071,Massachusetts General Hospital,Boston,MA,3635,3513,15.6390308087339,14.3528804633152,16.9251811541526,17.6409967015139,16.2512557162585,19.0307376867693,35.1651591945321,30.3976063436859,39.9327120453782,35.4730412136024,33.1907003464248,37.75538208078,49.845189507624,44.1857790780938,55.5045999371542,54.7166694792552,51.8915050105204,57.5418339479901,16.2189249281361,14.8978153139127,17.5400345423595,20.0599993445339,18.5685978170547,21.5514008720132
220086,Beth Israel Deaconess Med Ctr,Boston,MA,2568,2602,18.8998521661939,17.2229621945535,20.5767421378344,19.9734210791357,18.2599638121835,21.686878346088,37.143153186154,30.657562023425,43.6287443488829,39.578338306386,36.7052441182187,42.4514324945532,59.6501205510231,51.4240635919602,67.876177510086,63.3766362581171,59.7404189605173,67.0128535557168,18.7115303585084,17.0479367417957,20.3751239752211,21.6232238931544,19.8417957833997,23.4046520029092
220110,Brigham and Women's Hospital,Boston,MA,1788,2049,20.5634426959103,18.459572872237,22.6673125195837,20.000080272637,18.0617572413313,21.9384033039427,35.7348503638038,28.8335738782058,42.6361268494019,37.045503091481,34.0511507259825,40.0398554569794,58.4774026617054,49.6867790475748,67.2680262758359,63.1552594733904,59.2622091527764,67.0483097940043,18.754257388944,16.7399125196385,20.7686022582495,18.9336011673166,17.0423076622068,20.8248946724263
220116,Tufts Medical Center,Boston,MA,867,920,20.5514205411416,17.5322481150463,23.570592967237,19.9117183757322,17.0188470383785,22.8045897130859,38.7244483696424,27.9905789140085,49.4583178252764,41.9355331894589,37.1006128923213,46.7704534865965,60.8635742078813,47.4421075019948,74.2850409137678,65.0292238280928,59.034137732925,71.0243099232605,20.9255612772997,17.8600235057995,23.9910990487999,20.8082487244057,17.8337576015996,23.7827398472118
220163,UMass Memorial Medical Center,Worcester,MA,3103,3115,17.7994525171514,16.310514758809,19.2883902754938,17.202854353479,15.7423832139173,18.6633254930407,43.7139440209299,37.5939918579997,49.8338961838601,43.1809853290857,40.2780379965986,46.0839326615728,59.5466190355436,52.3905856013964,66.7026524696907,63.6713916445719,60.1444502025285,67.1983330866153,18.7344982148487,17.2045141939694,20.264482235728,20.0072303620584,18.4298050463885,21.5846556777283
210002,University of Maryland Med Ctr,Baltimore,MD,1064,1144,,,,,,,31.624970432327,22.945342446472,40.3045984181819,33.2092732796418,29.4259836685484,36.9925628907352,49.5954988500104,38.7947013226748,60.396296377346,54.3782449022014,49.5780618636819,59.1784279407209,18.1336864142031,15.62048569845,20.6468871299562,20.7687197673347,18.1627409297087,23.3746986049606
210009,Johns Hopkins Hospital,Baltimore,MD,1708,1653,,,,,,,29.8533493697879,23.4691051521538,36.2375935874219,30.7529301550471,27.7724864774676,33.7333738326265,48.68152456418,40.5591932845201,56.80385584384,52.0359749751637,48.1893300007488,55.8826199495786,18.7567099149117,16.7360243627756,20.7773954670477,18.9588247430118,16.8815569189667,21.0360925670569
230046,University of Michigan Hospitals,Ann Arbor,MI,2011,1864,19.9741137643827,18.0166506154732,21.9315769132922,17.4167047306223,15.5172856368665,19.316123824378,37.4564935014066,31.2738581415161,43.6391288612971,42.8594192438801,39.5770933164406,46.1417451713196,56.2487834214629,48.7124115766655,63.7851552662603,64.1024208838639,60.1113110878553,68.0935306798725,20.47935413736,18.4798615227462,22.4788467519738,19.867093995519,17.8261094037663,21.9080785872717
230104,Harper University Hospital,Detroit,MI,1646,1185,18.7252320869896,16.6862623708507,20.7642018031285,16.9698963112144,14.7015151589871,19.2382774634416,42.2506923400175,33.8854820422507,50.6159026377843,39.0189785385661,34.7702453199222,43.26771175721,61.5730037631707,51.4455040444233,71.7005034819181,58.97163548152,53.7659756647817,64.1772952982583,15.8759631352743,14.058095142996,17.6938311275525,19.2974861531214,16.9381476909847,21.6568246152581
240010,St. Mary's Hospital,Rochester,MN,4121,3163,16.3718334172452,15.1367351796501,17.6069316548402,15.8282138909141,14.4435762832573,17.2128514985709,53.3562131775032,47.8597061807636,58.8527201742428,54.1885199276479,51.2751148687839,57.1019249865118,70.5112868095263,64.222872511738,76.7997011073146,69.5951965679983,66.3061417357576,72.884251400239,17.4992956353916,16.2102745817871,18.7883166889962,18.1177362452567,16.6251075423443,19.6103649481691
240080,University of Minnesota Med Ctr,Minneapolis,MN,829,562,19.5724098478173,16.5301114372545,22.6147082583801,22.234172523335,18.3047883929503,26.1635566537196,40.04934339247,28.8355272425784,51.2631595423616,36.6516256249076,30.9000476225413,42.4032036272738,59.5931388268742,45.9224341335756,73.2638435201729,62.6403877009576,55.1685294148265,70.1122459870887,18.5284847625141,15.5433419138793,21.513627611149,21.6485879312426,17.7424763809255,25.5546994815596
260032,Barnes-Jewish Hospital,Saint Louis,MO,3494,3260,20.0057084252295,18.5362070075285,21.4752098429306,19.1331132326659,17.6425861960826,20.6236402692492,36.4331092133662,31.2111737071487,41.6550447195838,31.9427168375925,29.7222496563441,34.163184018841,55.8694705744651,49.416875928729,62.3220652202011,53.560034780696,50.7018457582381,56.4182238031539,16.3963032170532,15.0766048910529,17.7160015430534,18.1235713464747,16.6793885546467,19.5677541383026
260105,St. Louis University Hospital,Saint Louis,MO,935,860,20.120489758907,17.2744300651666,22.9665494526473,21.1452710580318,18.106395920967,24.1841461950966,31.465285114035,21.1866253101169,41.7439449179531,29.6604293048611,25.0207957801469,34.3000628295753,51.7779509418303,38.676321684198,64.8795801994626,48.3228167998252,42.4376546758096,54.2079789238407,20.6081211582635,17.7590949678909,23.457147348636,20.9843337329686,17.9766618718388,23.9920055940983
260141,University of MO Hosp & Clinic,Columbia,MO,637,768,17.9716902181878,14.6726123247625,21.270768111613,17.8756411375758,14.8713069172385,20.8799753579131,43.188293305509,30.2794334564861,56.0971531545318,40.1829841061972,34.8241368142806,45.5418313981138,64.5283907371393,48.8410175727817,80.215763901497,58.7292740190638,52.2843862024228,65.1741618357049,18.3710255836043,14.9986413700659,21.7434097971427,18.9929261380647,15.8799203230608,22.1059319530685
250001,Univ of MS Hosps & Clinics,Jackson,MS,690,631,19.2699221129499,16.0192800828323,22.5205641430675,18.9335041511382,15.5598979569354,22.3071103453411,24.8724381383596,15.1224423881227,34.6224338885966,25.0832618885927,20.5574230997607,29.6091006774247,42.3063283055677,29.6610853236308,54.9515712875046,45.5636793268095,39.5012736988392,51.6260849547798,20.0843830008121,16.8152652420294,23.3535007595948,20.7691041045661,17.2525165449109,24.2856916642213
340030,Duke University Hospital,Durham,NC,2138,2084,18.4140350876748,16.6049312217904,20.2231389535591,18.5582839357932,16.7187597270516,20.3978081445348,38.2926272540764,31.6327016909926,44.9525528171601,40.6536534399719,37.4965709043124,43.8107359756314,59.5020594939962,51.2348007336182,67.7693182543742,66.6187794078805,62.6044786374275,70.6330801783335,20.1314573920777,18.2460976371786,22.0168171469768,19.5508324217785,17.6652466226196,21.4364182209374
340040,Pitt County Memorial Hospital,Greenville,NC,2633,2990,15.9614600803951,14.4439407831354,17.4789793776548,15.9776106437869,14.5541507864313,17.4010705011424,49.0670323995371,42.2324297809473,55.9016350181269,51.4589188025032,48.5689504675652,54.3488871374411,68.0539382549443,60.0395671314913,76.0683093783973,72.9107102811315,69.484825314358,76.336595247905,17.3674537304162,15.795622908683,18.9392845521495,20.3667981297943,18.7674801973175,21.966116062271
340047,North Carolina Baptist Hospital,Winston-Salem,NC,2398,2054,17.2969189082964,15.6347385141105,18.9590993024822,18.6333881194427,16.7672296745074,20.499546564378,37.7507955403007,31.6272105253397,43.8743805552618,39.3797612751332,36.2923879911628,42.4671345591037,56.4984227063518,49.0494521421316,63.947393270572,56.9525337836517,53.2642750042579,60.6407925630455,17.6224734925451,15.9430788877193,19.3018680973709,19.1216016722108,17.223812192247,21.0193911521746
340061,University of NC Hosps,Chapel Hill,NC,1547,1722,16.4869306201487,14.4751249459016,18.4987362943958,18.9329826379095,16.8808698266687,20.9850954491504,48.1156398629593,38.9986714920959,57.2326082338227,43.7048755229382,39.9804600435921,47.4292910022842,66.9376478009901,56.225393130279,77.6499024717012,65.7415886182905,61.1944468654454,70.2887303711357,17.5607945623793,15.4964706863141,19.6251184384446,21.334713872172,19.1578578230057,23.5115699213383
280013,Nebraska Medical Center,Omaha,NE,1536,1693,14.7978589353092,12.8685546241848,16.7271632464337,19.3736049353851,17.2705156503081,21.4766942204621,38.1679761930457,30.7241792587682,45.6117731273232,43.1000723037286,39.4097149183418,46.7904296891155,54.6809098529637,45.7805451537099,63.5812745522175,65.592143423265,61.0525107800066,70.1317760665235,14.4630556012565,12.5518615422121,16.3742496603009,19.0747969875192,16.9815491351814,21.168044839857
280030,Creighton University Med Ctr,Omaha,NE,672,532,18.6336178732824,15.3799892219142,21.8872465246506,18.0890837961588,14.4705134035975,21.7076541887201,53.3526087895457,38.4138783284729,68.2913392506185,47.2222314262795,40.3426298206706,54.1018330318885,69.255794945218,52.2881251836396,86.2234647067964,65.7929918807671,57.7333503753731,73.8526333861611,17.4751177208611,14.3220363564136,20.6281990853087,21.020700790757,17.0923802372295,24.9490213442846
300003,Dartmouth-Hitchcock Med Ctr,Lebanon,NH,1088,1410,15.0757662723193,12.7684159228599,17.3831166217788,16.8189318846174,14.6730862272168,18.9647775420181,37.9917649083874,28.5348453304673,47.4486844863075,39.069792463751,35.3153062814165,42.8242786460854,61.555710781852,49.6096605676327,73.5017609960714,57.5968570704335,53.0594313088942,62.1342828319727,17.3078996327767,14.8070272655633,19.8087719999901,20.6837613860414,18.2823688284491,23.0851539436337
310038,RWJ University Hospital,New Brunswick,NJ,2036,2653,19.408523617367,17.496906200334,21.3201410343999,19.019726904207,17.3641232797307,20.6753305286833,27.3725642996833,21.4836869415084,33.2614416578582,32.0294772670638,29.4227720241382,34.6361825099895,62.2270519087896,53.3787792470484,71.0753245705308,68.6533546775266,64.8474068702617,72.4593024847914,17.6935878950257,15.8581577041401,19.5290180859113,20.2422165774125,18.53171688386,21.9527162709649
310119,UMDNJ University Hospital,Newark,NJ,505,491,18.2637324259796,14.5910463829028,21.9364184690564,22.2536490902302,18.16852849944,26.3387696810204,26.9738451381866,15.436941006076,38.5107492702973,34.8739858367903,28.1714215439987,41.5765501295819,45.8191317096922,30.8515486845261,60.7867147348584,52.4729570425427,44.3421881114309,60.6037259736544,19.0418209807331,15.3821008107332,22.701541150733,26.0431276873233,21.6820991554935,30.4041562191531
320001,University of New Mexico Hosp,Albuquerque,NM,584,640,13.7422455009617,10.6924798212118,16.7920111807116,17.0332738065541,13.7906149111127,20.2759327019955,48.9415167137356,35.0958817676159,62.7871516598553,30.0514639569243,25.2581791876091,34.8447487262395,67.5560610762647,51.3796196448725,83.732502507657,52.4813172358502,46.1979361373753,58.7646983343252,19.4139146992643,15.7353593112045,23.092470087324,20.030257331321,16.475886921128,23.5846277415139
330005,KALEIDA Health,Buffalo,NY,4432,3438,15.6271745997576,14.4661754116648,16.7881737878503,14.1450242214247,12.8938464479759,15.3962019948735,40.488574973363,35.3553581067677,45.6217918399583,40.7739274880775,38.203973306668,43.3438816694869,61.5472953070567,55.2157206592105,67.8788699549029,61.1207760151757,57.9671385571225,64.2744134732289,18.9672719738049,17.694395008227,20.2401489393828,16.7865662663334,15.4285690180122,18.1445635146546
330013,Albany Medical Center,Albany,NY,1013,1296,17.897214089274,15.2826141182571,20.5118140602909,16.7727371745592,14.5359063571074,19.0095679920109,29.6150668024939,21.1482559264774,38.0818776785104,39.7876089097057,35.7765594997629,43.7986583196485,61.4003831110934,49.2437274768077,73.5570387453791,65.0061688892885,59.897409477134,70.1149283014431,20.3702122143269,17.5679833264814,23.1724411021724,17.6749837285169,15.3705677683732,19.9793996886606
330024,Mount Sinai Hospital,New York,NY,3809,3751,18.4222165324065,17.0652119158146,19.7792211489985,19.0839045542643,17.6928179819696,20.4749911265589,26.7929150039608,22.6922516823931,30.8935783255284,24.9731799107984,23.1464779491913,26.7998818724055,50.9636865469928,45.2812097959262,56.6461632980593,54.0714874545007,51.3726159914408,56.7703589175605,16.3026601958088,15.0356328448772,17.5696875467404,19.3108641266426,17.9185553516596,20.7031729016255
330059,Montefiore Medical Center,Bronx,NY,5034,5095,16.8575801376505,15.7315507410617,17.9836095342393,17.6057855891728,16.464384238807,18.7471869395385,31.1179239066699,26.716268179356,35.5195796339837,33.7698954974054,31.7687570914466,35.7710339033642,51.2622015571544,45.5830801051978,56.941323009111,56.3012445028204,53.7088865457201,58.8936024599207,16.9098740859848,15.7970291978256,18.0227189741439,17.7078319396446,16.5739922180865,18.8416716612028
330101,New York-Presbyterian Hospital,New York,NY,5159,5890,15.2561629402325,14.1949778521295,16.3173480283355,17.4642955059971,16.4018455915626,18.5267454204317,23.5926434129382,20.3390971210463,26.8461897048302,24.8246547520202,23.3873562272721,26.2619532767683,51.5705615886943,46.7518426729361,56.3892805044525,54.1992960789325,52.070849013616,56.327743144249,12.085814252198,11.1442929909707,13.0273355134253,16.0147901480362,14.9995977023035,17.029982593769
330214,NYU Medical Center,New York,NY,2207,2487,15.3172813149456,13.6891167393333,16.9454458905578,15.7812713871216,14.2190052252205,17.3435375490226,22.5071708331588,17.7223297775798,27.2920118887379,18.8695956565685,17.0318256732751,20.7073656398619,53.2860843370974,45.9194035663026,60.6527651078923,54.5410057522175,51.4036547930494,57.6783567113857,11.2820066837635,9.88066916266777,12.6833442048592,14.569151407126,13.0683057159331,16.069997098319
330241,Upstate Medical University,Syracuse,NY,992,972,18.9029630799082,16.186339378905,21.6195867809114,16.1177201351013,13.5884373816961,18.6470028885065,36.5293352729051,26.5036803424806,46.5549902033295,33.1475705327078,28.7472984821005,37.5478425833152,59.9796891906814,47.1528207831243,72.8065575982384,60.1905135695037,54.2770410324041,66.1039861066034,20.3126282691334,17.4903771498887,23.134879388378,18.9839967251418,16.2334553844983,21.7345380657853
330285,Strong Mem Hospital of U of Rochester,Rochester,NY,1407,1147,15.5392413825344,13.4858367195684,17.5926460455004,14.0653643481123,11.9060630008371,16.2246656953876,51.1204386334085,41.7362178422554,60.5046594245615,51.642433097465,46.7555255738476,56.5293406210823,61.9024050874523,51.5742190737803,72.2305911011243,68.4639508142548,62.8532124937448,74.0746891347648,18.5650994331622,16.3255977791429,20.8046010871816,18.1471550159912,15.6927005873811,20.6016094446014
330393,Stony Brook University Hospital,Stony Brook,NY,1499,1946,18.043166309033,15.890944928511,20.195387689555,18.6798653762459,16.755553199197,20.6041775532949,32.3212256328819,25.0062436515661,39.6362076141976,42.7965734867559,39.4652221227582,46.1279248507536,54.5022862972724,45.0231464265792,63.9814261679657,64.963627130121,60.8711274166029,69.0561268436391,18.2733250320132,16.0896022219428,20.4570478420836,20.4412601396009,18.415092579385,22.4674276998169
360003,University Hospital-Cincinnati,Cincinnati,OH,993,881,17.2772349196531,14.7174039709995,19.8370658683067,17.5220097831683,14.7811288884661,20.2628906778705,40.3539130899854,29.1683790573956,51.5394471225751,44.655903614347,39.2277981247531,50.0840091039409,57.0003136442325,43.7415160023552,70.2591112861099,60.4804380659453,54.206548188843,66.7543279430477,20.7012733280787,17.9341156870809,23.4684309690766,19.9245699260985,17.0137939979879,22.8353458542092
360048,University of Toledo Med Ctr,Toledo,OH,700,703,19.8227351458564,16.5390944318765,23.1063758598363,17.3174376002399,14.2569745039006,20.3779006965793,38.4581919192552,25.7169749436032,51.1994088949071,41.9020683794744,36.2075124191517,47.5966243397971,49.7946666567271,35.4046934631473,64.184639850307,60.8062124068432,53.9819753625848,67.6304494511015,19.460582244148,16.2018279412207,22.7193365470753,20.1322250467461,16.8324842283009,23.4319658651913
360085,Ohio State University Med Ctr,Columbus,OH,1843,1658,18.558504128097,16.6058096335938,20.5111986226002,20.2735386686206,18.1185441363765,22.4285332008648,39.3561730920997,31.2251034907871,47.4872426934124,40.2736616716357,36.6441631959888,43.9031601472826,54.9705877787817,45.4100000359631,64.5311755216003,56.1965764217958,51.9476296226367,60.4455232209548,19.1446624004348,17.1751874057754,21.1141373950942,21.4901976134192,19.2733140701402,23.7070811566983
360137,University Hospitals Case Medical Ctr,Cleveland,OH,2333,1839,17.9627620947077,16.2649291297483,19.660595059667,18.4604841831998,16.5236767400515,20.397291626348,47.5018466506974,39.8745009549665,55.1291923464284,41.779048086309,38.3309861368998,45.2271100357181,65.3311803971537,56.3659492210885,74.2964115732189,61.9608244278044,57.7656381474228,66.1560107081859,17.8301525898527,16.1641150112661,19.4961901684392,16.7974965481565,14.9656066376174,18.6293864586955
360180,Cleveland Clinic Foundation,Cleveland,OH,2277,1979,18.9518223148243,17.1809766644532,20.7226679651953,21.2573277560026,19.2386828017039,23.2759727103013,38.7409374268788,32.3688456185301,45.1130292352276,31.8223102653353,28.9842983680094,34.6603221626611,59.4744354867887,51.6330958874993,67.315775086078,55.6957922574866,51.9819659682122,59.409618546761,17.7228452216302,16.011487069284,19.4342033739763,20.7049972272715,18.7056757099821,22.7043187445609
370093,Oklahoma University Med Ctr,Oklahoma City,OK,792,479,18.1409968664392,15.1882023984339,21.0937913344445,18.1846133759282,14.3634067953919,22.0058199564645,28.8568304944701,18.6984645717404,39.0151964171998,35.6539199879357,29.2746242825827,42.0332156932888,47.4506250464985,34.4275686619492,60.4736814310478,57.278700272682,49.2596822345065,65.2977183108575,18.149222575653,15.215254184555,21.083190966751,24.0490416836975,19.6535756709881,28.444507696407
380009,OHSU Hospital,Portland,OR,567,554,19.1892917857431,15.5868102045791,22.7917733669071,18.9059842918942,15.2723710929909,22.5395974907976,33.9413712449463,21.5879725983609,46.2947698915317,32.5974857790459,27.3098230269093,37.8851485311825,50.9301120174707,35.8812255946647,65.9789984402767,58.7105145190254,51.668185247938,65.7528437901128,21.2147092227069,17.3868835467495,25.0425348986643,21.2123323951865,17.3183671630168,25.1062976273563
390027,Temple University Hospital,Philadelphia,PA,1116,682,20.8714222237897,18.2363070979284,23.506537349651,18.6069521026525,15.432678588273,21.781225617032,31.12394804752,22.2257549895485,40.0221411054916,29.8595504287048,24.9133089152411,34.8057919421685,49.1377280658362,37.9419241384931,60.3335319931793,51.6158457183817,45.1656697123801,58.0660217243833,20.9632603527394,18.3698094020945,23.5567113033843,22.3405379474397,18.9108398255255,25.7702360693539
390111,Hospital of the Univ of PA,Philadelphia,PA,1131,955,20.2263972111293,17.6348049499025,22.817989472356,18.1117677358235,15.4359250488965,20.7876104227506,29.4732453584719,21.6838690353972,37.2626216815465,30.1934605644544,26.1480549173675,34.2388662115413,50.293525946141,40.1799124474694,60.4071394448127,57.6619709426792,52.1208339286722,63.2031079566861,18.0725398882076,15.6397347025988,20.5053450738164,17.5066804827606,14.8749863265224,20.1383746389987
390164,UPMC Presbyterian,Pittsburgh,PA,3759,2419,19.5179546558523,18.1126150947093,20.9232942169954,19.2106174470822,17.4775063791202,20.9437285150441,32.0855684615024,26.9508081000983,37.2203288229065,30.6067597247855,27.8542642052702,33.3592552443009,50.1241786632453,43.7018073349231,56.5465499915675,49.169215016906,45.6780380749371,52.6603919588749,19.0182642992613,17.6395691060707,20.3969594924519,19.7647450149328,18.0129113912873,21.5165786385784
390174,Thomas Jefferson University Hosp,Philadelphia,PA,1987,2114,16.9763129567718,15.171800079297,18.7808258342466,18.9015838794802,17.0538422535539,20.7493255054065,30.38280604405,24.2406615957905,36.5249504923095,30.4529827548639,27.7482682671899,33.157697242538,53.6775053061197,45.5117878095776,61.8432228026617,53.1616863462931,49.5898624366475,56.7335102559386,17.4532304366844,15.6273247724139,19.2791361009549,18.8284712759034,16.9878768394333,20.6690657123735
390256,Penn State Hershey Med Ctr,Hershey,PA,1490,1422,17.0336124813453,14.9387960307021,19.1284289319885,16.7548498940033,14.6261809005886,18.883518887418,50.0624852419672,41.4894851392489,58.6354853446855,41.7499257299031,37.66862354156,45.8312279182462,69.7567725479889,59.6773990484518,79.8361460475261,62.2196139422055,57.241007941261,67.19821994315,18.6298797539108,16.4199177870651,20.8398417207565,15.875622731264,13.7965827940916,17.9546626684365
390290,Hahnemann University Hospital,Philadelphia,PA,516,559,18.5428912741112,14.8527103791621,22.2330721690602,20.2628781091584,16.5754105462962,23.9503456720205,18.7784070548858,9.85171897808872,27.7050951316829,20.835624815638,16.4573504465775,25.2138991846985,50.6853750425067,36.0379993868716,65.3327506981418,52.5371180063671,45.6104211746271,59.4638148381071,16.1440594311067,12.7319763806407,19.5561424815727,19.2428094212813,15.6789912434369,22.8066275991258
410007,Rhode Island Hospital,Providence,RI,2002,2001,16.0139383729869,14.2620690489432,17.7658076970306,16.7595074436789,14.9674675093595,18.5515473779984,42.2623491552659,34.7006554465364,49.8240428639955,41.7849940395063,38.3117202411431,45.2582678378694,60.175506148949,51.1561036515425,69.1949086463555,61.450253757521,57.2339229992599,65.6665845157821,16.5898258077059,14.8079567736313,18.3716948417805,21.8623210330977,19.8148617050558,23.9097803611395
420004,MUSC Med Ctr of Med Univ of SC,Charleston,SC,992,1057,19.4915001828019,16.7557021559456,22.2272982096583,21.4663372489832,18.6799171381362,24.2527573598302,45.1264864232682,34.98081494347,55.2721579030663,36.5530741840791,32.4641336797057,40.6420146884525,60.0032724927035,48.3585022981783,71.6480426872287,59.9041211393816,54.7151913802437,65.0930508985196,20.0207073497432,17.2665581096536,22.7748565898328,22.1365285195738,19.3062338368936,24.966823202254
440039,Vanderbilt University Med Ctr,Nashville,TN,1124,1449,17.4532497017729,15.0097947435247,19.8967046600211,16.8074930678318,14.6854680933971,18.9295180422665,28.2581078863971,20.0919037065444,36.4243120662499,28.7430560444077,25.6132566084611,31.8728554803544,54.9329932823472,43.6462501991954,66.219736365499,55.6281351160305,51.3149296875952,59.9413405444658,18.4455169238307,15.9204669870469,20.9705668606145,19.3307823267476,17.0334646734587,21.6280999800365
450015,Parkland Health & Hosp System,Dallas,TX,824,646,15.7062138074557,13.0062626959909,18.4061649189206,15.5921994681177,12.5662381814977,18.6181607547376,11.2444991012865,5.13191976050723,17.3570784420658,23.1140265443065,18.7343726619529,27.4936804266601,17.0462704477736,9.57541302889636,24.5171278666508,43.2103129705704,37.2951522035775,49.1254737375634,21.7963788530045,18.6639302978331,24.928827408176,19.4456017424375,16.0899057975149,22.80129768736
450018,Univ of TX Medical Branch Hosps,Galveston,TX,1932,334,17.898091222077,16.0202880207605,19.7758944233935,17.5651900460964,13.0830758380823,22.0473042541105,43.042031509076,35.8606286669079,50.223434351244,45.0511845202597,36.8527054743886,53.2496635661307,58.6440624285635,50.2832358242513,67.0048890328758,67.9367685244592,57.9281456899748,77.9453913589437,12.0072187812154,10.4720201867203,13.5424173757106,14.5817868677584,10.498886544786,18.6646871907307
450054,Scott & White Memorial Hospital,Temple,TX,1450,1508,17.4935548974112,15.3336537598443,19.6534560349782,18.2726785481489,16.1050894301714,20.4402676661263,42.4442700676001,33.863797369385,51.0247427658152,42.2597817651939,38.5592472574243,45.9603162729636,58.2785665783494,48.2985954513142,68.2585377053847,56.6086854076982,52.3475602150211,60.8698106003754,21.2920674852059,18.8946007442275,23.6895342261844,21.8276844449473,19.4472157369768,24.2081531529178
450068,Memorial Hermann Hospital,Houston,TX,1161,1202,16.3968421363812,14.0774954371629,18.7161888355996,16.5322749143019,14.2410185090347,18.8235313195692,26.790741478084,18.8745832424975,34.7068997136705,27.6649549161341,24.1793484292304,31.1505614030378,48.2761253405542,37.6971529412798,58.8550977398286,53.1661946826211,48.3595422495491,57.9728471156931,16.4086131240712,14.105524547652,18.7117017004904,16.4306879543607,14.1535107834313,18.70786512529
450358,The Methodist Hospital,Houston,TX,3094,3282,16.7785143565867,15.3391381356053,18.2178905775681,16.6414440733132,15.2519033418232,18.0309848048033,24.5732341074594,20.158089739867,28.9883784750517,24.5832841868862,22.7034770752728,26.4630912984995,49.0117672925916,42.7849237214333,55.2386108637499,49.9037898981209,47.2277882827163,52.5797915135255,15.2345929576994,13.8630868195344,16.6060990958643,16.564695329711,15.1803062047923,17.9490844546297
999999,United States,,US,3632811,3250574,15.9237846394982,,,16.1188454715998,,,43.8946411944853,,,42.9387430099735,,,61.5327806632789,,,62.4657892025529,,,17.0308336987528,,,18.8900483422313,,
460009,University of Utah Health Care,Salt Lake City,UT,890,900,15.7832295147675,13.1593460471588,18.4071129823763,15.22076663709,12.6531764065158,17.7883568676643,40.2839066153661,29.117777387525,51.4500358432072,42.1329140480983,37.1349141238567,47.1309139723398,63.657601028178,49.7080141561885,77.6071879001676,61.9591305228176,55.9247335840493,67.9935274615859,13.3812124786887,10.9355156633021,15.8269092940754,16.6371807736789,13.9291611585823,19.3452003887755
490009,University of Virginia Med Ctr,Charlottesville,VA,1804,1617,18.2852516956825,16.3212814795719,20.2492219117931,20.6718678603458,18.4647738044616,22.87896191623,54.4716366701833,45.1435870435691,63.7996862967976,48.1712619796126,44.0739707429834,52.2685532162418,69.2327641696073,58.794593571728,79.6709347674866,65.8480848774175,61.0972379360329,70.5989318188021,20.0768870325027,18.014350000517,22.1394240644883,24.8678143328453,22.4428631230043,27.2927655426863
490032,VCU Health System,Richmond,VA,1046,856,17.2118822975119,14.7316144998898,19.692150095134,16.4254246397094,13.7426052818902,19.1082439975286,34.824651073742,25.4489250005632,44.2003771469208,35.4607931526596,30.8678954190347,40.0536908862845,49.8698162753792,38.7307579744495,61.008874576309,56.4934640943558,50.7370316119094,62.2498965768022,18.5238617446507,15.9942492828351,21.0534742064664,19.043097921094,16.1804416016984,21.9057542404896
470003,Fletcher Allen Health Care,Burlington,VT,1790,1873,14.8709656155004,13.0770860721843,16.6648451588164,15.2604194056519,13.4855623926486,17.0352764186553,49.4222306358994,41.3217573206437,57.5227039511551,48.9470227608576,45.2761274415155,52.6179180801998,64.7444428365186,55.4893741847116,73.9995114883256,66.5772940470353,62.3051942504434,70.8493938436272,19.1976014424893,17.1418024969236,21.253400388055,22.1818824258073,20.0294754603213,24.3342893912933
500008,University of Washington Med Ctr,Seattle,WA,678,643,18.2923635254359,15.0596044529479,21.5251225979239,20.5117519019827,16.9857125888313,24.037791215134,39.8017050870707,29.086023159587,50.5173870145543,35.6315323805825,30.5649656031434,40.6980991580217,55.2607323646577,42.6698302454723,67.851634483843,62.5013968552825,55.8282475097233,69.1745462008417,13.4999920033464,10.695239274231,16.3047447324618,18.2651345475411,14.912188838225,21.6180802568572
520098,University of WI Hosp & Clinics,Madison,WI,1095,1399,17.0749281042237,14.6210189374559,19.5288372709915,15.6092760829303,13.5276057260269,17.6909464398337,45.404949594462,34.8433403659569,55.9665588229671,42.180566732685,38.2257372469055,46.1353962184645,64.7930876737631,52.2187632276016,77.3674121199247,64.0217929530809,59.170350937937,68.8732349682248,17.8533334056838,15.3213625459382,20.3853042654295,18.1909433026488,15.926896235153,20.4549903701447
520177,Froedtert Memorial Lutheran Hosp,Milwaukee,WI,1477,1618,18.8705065865729,16.6522221483754,21.0887910247705,17.8124527615167,15.7552194257686,19.8696860972649,36.6264075480152,28.7937209136047,44.4590941824256,46.5871386887428,42.7042088501671,50.4700685273186,56.4787550519112,46.769866624315,66.1876434795074,65.6479224350267,61.0466952045806,70.2491496654728,18.4624245405396,16.2683046594829,20.6565444215963,19.6283856471902,17.4710034354483,21.7857678589322
510001,West Virginia University Hosps,Morgantown,WV,904,980,21.9757445808068,18.8991403394938,25.0523488221197,19.8698775466011,17.0592671547788,22.6804879384233,39.321996859876,28.9297299889903,49.7142637307617,33.3752461221758,29.1260539241605,37.624438320191,56.5446711023313,44.1537737240136,68.935568480649,53.59678643135,48.2568100052841,58.9367628574158,20.3582557162789,17.3505156396851,23.3659957928728,21.0781893771466,18.1495706492738,24.0068081050195
