HRR #,HRR name,State,Medicare enrollees (2012),"Age, sex & race-adjusted - Total Medicare reimbursements per enrollee (Parts A and B) (2012)","Price, age, sex & race-adjusted - Total Medicare reimbursements per enrollee (Parts A and B) (2012)","Age, sex & race-adjusted - Hospital & skilled nursing facility reimbursements per enrollee (2012)","Price, age, sex & race-adjusted - Hospital & skilled nursing facility reimbursements per enrollee (2012)","Age, sex & race-adjusted - Physician reimbursements per enrollee (2012)","Price, age, sex & race-adjusted - Physician reimbursements per enrollee (2012)","Age, sex & race-adjusted - Outpatient facility reimbursements per enrollee (2012)","Price, age, sex & race-adjusted - Outpatient facility reimbursements per enrollee (2012)","Age, sex & race-adjusted - Home health agency reimbursements per enrollee (2012)","Price, age, sex & race-adjusted - Home health agency reimbursements per enrollee (2012)","Age, sex & race-adjusted - Hospice reimbursements per enrollee (2012)","Price, age, sex & race-adjusted - Hospice reimbursements per enrollee (2012)","Age, sex & race-adjusted - Durable medical equipment reimbursements per enrollee (2012)","Price, age, sex & race-adjusted - Durable medical equipment reimbursements per enrollee (2012)"
10,Anchorage,AK,50927,8367.36,6723.65,4211.06,3130.12,2204.03,1885.72,1328.91,1141.81,239.75,206.47,145.37,134.92,148.84,148.57
1,Birmingham,AL,223423,8997.09,10245.95,3816.25,4615.82,2564.91,2717.96,1147.15,1277.57,607.89,681.89,578.97,680.87,297.28,293.19
2,Dothan,AL,47293,8739.23,10291.74,3566.68,4578.97,2509.26,2667.77,1169.2,1343.36,580.43,669.37,669.55,800.53,272.14,268.26
5,Huntsville,AL,70946,9004.34,10045.06,3689.79,4399.59,2835.33,2953.69,1189.72,1291.09,565.86,627.08,451.2,515.21,273.17,270.71
6,Mobile,AL,73898,8640.81,10048.06,3476.87,4403.68,2514.48,2671.11,1127.3,1271.52,625.12,705.32,643.17,751.14,279.41,276.71
7,Montgomery,AL,42110,8767.69,9882.28,3619.92,4278.19,2563.53,2713.75,1273.26,1413.87,507.43,573.47,549.38,647.29,273.02,270.57
9,Tuscaloosa,AL,27950,9236.32,10172.67,4125.68,4727.56,2404.05,2573.71,1212.2,1302.44,768.5,834.77,451.13,459.29,268.98,263.49
16,Fort Smith,AR,40534,8928.82,10243.77,4130.44,5001.06,2006.1,2131.5,1156.62,1306.52,983.44,1108.81,415.8,468.21,288.39,288.48
18,Jonesboro,AR,28278,8898.38,10195.19,4496.35,5415.3,2078.49,2190.55,1360.64,1541.12,418.18,478.84,230.33,262.43,316.64,315.13
19,Little Rock,AR,186286,8574.92,9674.63,4017.31,4796.06,2287.32,2416.02,1225.7,1351.11,396.15,442.2,355.66,379.85,289.23,287.76
21,Springdale,AR,46756,8053.52,8849.71,3746.46,4307.94,2190.71,2340.54,1077.38,1143.71,444.57,480.43,303.29,290.04,291.12,288.93
22,Texarkana,AR,31454,9547.7,10877.36,4441.87,5363.44,2265.27,2348.15,972.7,1077.77,996.66,1103.71,575.1,695.07,325.03,326.4
11,Mesa,AZ,74593,10136.86,10148.04,4154.23,4299.11,3565.98,3563.45,948.7,917.49,399.37,385.59,806,723.51,258.66,253.16
12,Phoenix,AZ,238489,9408.36,9136.84,4018.34,3855.86,3103,3098.85,1067.29,1029.34,316,301.87,666.46,609.64,243.62,240.11
14,Sun City,AZ,42932,9582.63,9677.96,3659.06,3910.59,3673.3,3658.31,996.83,960.13,371.61,358.28,598.21,521.77,249.24,243.85
15,Tucson,AZ,94913,8406.64,8443.69,3613.3,3653.1,2884.93,2855.71,984.92,1005.11,279.85,285.26,405.73,412.25,214.74,211.77
23,Orange County,CA,172187,11494.56,10511.14,5081.32,4620.12,3932.19,3646.19,1218.27,1092.45,578.02,517.18,418.95,367.11,243.41,238.86
25,Bakersfield,CA,64444,10187.89,9249.18,4866.82,4228.86,3216.5,3089.48,1185.11,1050.97,280.58,249.08,294.43,284.54,350.91,347.32
31,Chico,CA,43140,9337.75,8422.43,4749.25,4161.38,2216.67,2131.3,1543.88,1349.19,370.85,330.67,192.18,177.39,266.74,268.95
33,Contra Costa County,CA,57564,10678.71,8594.43,5230.48,4060.74,3101.18,2713.51,1274.08,970.42,476.97,362,405.33,299.6,187.4,184.9
43,Fresno,CA,76435,9422.64,8506.6,4453.3,3831.97,3070.26,2949.76,1140.44,1009.41,268.11,238.21,213.51,201.79,295.49,290.16
56,Los Angeles,CA,470701,13206.09,11702.86,6646.37,5633.69,3894.86,3689.18,1160.51,1035.12,839.04,745.88,339.11,291.12,276.87,274.65
58,Modesto,CA,65112,9580.73,8245.78,4782.85,3820.58,2591.32,2480.45,1396.52,1202.97,325.59,286.5,238.68,205.97,244.64,240.2
62,Napa,CA,32626,9907.84,8030.35,5236.11,3864.61,2392.51,2228.89,1550.03,1282.2,310.64,268.1,231.26,194.71,183.82,180.2
65,Alameda County,CA,72060,10973.9,8533.05,5734.47,4181.23,2839.64,2517.7,1342.36,1020.46,491.75,373.35,355.75,256.99,188.82,185.49
69,Palm Springs/Rancho Mirage,CA,37233,10151.66,9295.74,4034.01,3650.31,3547.96,3349.67,1473.12,1300.84,337.79,298.55,554.36,485.75,178.57,187.33
73,Redding,CA,49086,9206.42,7733.9,4608.27,3579.76,2436.56,2310.16,1263.57,1035.27,361.42,302.48,277.95,240.39,248.38,246.87
77,Sacramento,CA,166875,9259.57,7967.48,4714.78,3804.33,2484.37,2394.6,1185.51,995.81,365.82,308.4,302.52,255.83,204.19,201
78,Salinas,CA,39025,9157.97,7487.36,4493.7,3434.42,2539.1,2408.82,1168.83,873.72,484.73,362.87,266.8,207.55,203.74,199.85
79,San Bernardino,CA,100046,11291.69,10061.93,5980.81,5064.48,2918.01,2819.49,1098.87,977.66,538.99,478.37,547.2,499.87,229,245.78
80,San Diego,CA,193412,10043.52,9120.61,4822.65,4238,2945.08,2837.84,1113.29,994.02,430.14,383.37,522.88,457.81,218.72,216.29
81,San Francisco,CA,89856,10091.4,7780.13,5142.28,3678.47,2434.36,2152.26,1523.5,1165.94,482.77,368.98,336.81,260.13,163.69,161.53
82,San Jose,CA,97894,10332.8,7948.54,5052.95,3603.25,2860.57,2508.33,1387.82,1023.33,462.51,345.39,361.46,255.99,200.64,197.48
83,San Luis Obispo,CA,32260,8027.56,7259.97,3196.37,2828.07,3135.77,2948.14,683.75,584.3,513.62,443.29,267.74,230.8,212.26,209.17
85,San Mateo County,CA,49921,9442.42,7358.05,4247.78,3118.79,2629.66,2284.53,1488.03,1111.52,508.84,381.14,404.97,297.22,165.23,163.91
86,Santa Barbara,CA,44312,8149.27,7408.61,3302.28,2887.27,3046.91,2908.7,992.6,876.16,333.01,293.28,267.02,236.47,203.38,201.29
87,Santa Cruz,CA,26430,9519.46,7318.24,4543.1,3066.66,2703.17,2569.36,1031.21,731.04,502.14,355.77,545.7,396.85,193.39,186.63
89,Santa Rosa,CA,37315,9603.42,7698.92,4533.81,3337.88,2859.19,2658.31,1176.38,881.75,404.62,302.65,428.89,324.52,192.75,189.56
91,Stockton,CA,34829,9931.01,8546.46,5355.28,4388.62,2490.33,2364.68,1254.28,1054.37,421.19,361.69,177.41,154.52,225.56,220.76
96,Ventura,CA,64125,10493.77,9372.71,4385.07,3900.89,3841.52,3506.07,1023.37,871.78,598.68,512.49,399.11,335.85,229.69,225.98
101,Boulder,CO,18123,8328.73,8526.99,3326.58,3594.43,2684.35,2656.02,1037.44,1015.47,436.64,425.7,582,576.39,239.41,243.53
102,Colorado Springs,CO,67041,8207.35,8405.86,3513.24,3749.77,2257.46,2223.88,1220.86,1213.68,424.59,421.31,434.03,440.78,353.42,358.28
103,Denver,CO,139882,9184.24,9124.61,4145.24,4139.38,2537.03,2527.76,1384.6,1368.83,412.94,400.95,408.25,387.87,289.16,292.58
104,Fort Collins,CO,30230,8324.17,8152.98,4058.4,3924.55,2216.37,2178.63,1285.8,1275.2,300.11,296.85,183.55,189.73,270.42,276.21
105,Grand Junction,CO,29949,7027.76,6962.34,2974.74,2891.03,1579.81,1605.13,1285.99,1277.25,280.38,278.76,644.54,641.19,279.57,286.54
106,Greeley,CO,32103,8773.93,8861.8,4200.26,4304.89,1999.52,1995.04,1689.26,1678.93,304.72,302.7,277.18,273.11,307.73,311.22
107,Pueblo,CO,16556,8320.14,8556.52,3623.44,3879.25,2272.75,2255.85,1189.07,1182.73,456.59,455.4,374.28,375.17,402.1,409.26
109,Bridgeport,CT,59599,10448.5,9096.55,4981.44,4141.56,3109.28,2967.18,1389.49,1174.21,568.55,483.24,247.04,190.38,174.83,171.64
110,Hartford,CT,148514,9975.65,8903.93,4951.54,4251.39,2784.36,2677.36,1267.87,1109.91,537.24,471.55,236.59,203.11,217.23,213.54
111,New Haven,CT,141599,10674.35,9349.19,5329.17,4463.35,2920.01,2791.07,1345.66,1167.04,634.74,553.04,248.76,190.9,213.98,210.21
113,Washington,DC,235607,9689.36,8730.3,4596.13,3848.19,2962.7,2794.74,1373.06,1345.97,304.79,297.14,271.87,269.73,205.08,203.59
112,Wilmington,DE,87124,9676.21,9283.68,4345.16,4101.57,2909.99,2876,1218.4,1156.86,380.5,361.26,607.89,574.04,228.74,228.04
115,Bradenton,FL,41951,9971.55,10465.14,3780.69,4328.1,4008.16,3922.32,891.42,918.56,764.16,801.59,298.02,275.59,223.65,221.81
116,Clearwater,FL,53035,10824.05,11376.33,4104.91,4667.3,3935.91,3871.38,1154.61,1198.66,877.47,916.28,491.65,471.04,247.49,245.53
118,Fort Lauderdale,FL,265241,11498.09,11380.77,3984.61,4238.8,4601.29,4358.61,1258.82,1243.44,934.06,928.69,504.26,401.45,225.66,234.2
119,Fort Myers,FL,177184,10387.15,10564.41,3645.61,4135.32,4405.06,4135.99,947.17,955.97,593.03,607.23,509.62,460.19,250.37,247.64
120,Gainesville,FL,62461,10068.37,10219.76,4493.16,4673.8,3159.9,3107.92,966.86,1004.03,624.95,654.96,576.96,532.73,263.73,262.62
122,Hudson,FL,46895,11003.78,11696.53,4542.63,5326.54,3982.29,3870.81,860.56,892.68,928.14,969.1,417.48,372.31,265.12,263.78
123,Jacksonville,FL,150735,10656.67,11239.1,4420.97,4907.17,3577.34,3576.58,1194.34,1267.89,690.74,732.9,502.99,485.87,276.97,274.93
124,Lakeland,FL,30482,10065.67,10795.96,4136.69,4796.07,3429.25,3391.35,906.1,963.19,798.13,849.87,496.83,499.19,293.61,292.22
127,Miami,FL,158292,14164.64,13596.16,5430.28,5182.25,3805.15,3608.34,1244.26,1236.81,2156.33,2133.23,675.69,540.13,267.2,284.09
129,Ocala,FL,104499,9950.89,10588.29,3539.65,4200.92,3991.76,3917.96,1022.14,1090.34,636,675.79,466.66,424.29,257.38,255.46
130,Orlando,FL,347066,10510.32,11089.38,4207.42,4801.43,3708.56,3637.77,1127.91,1176.65,736.96,768.98,465.55,431.34,260.6,271.73
131,Ormond Beach,FL,50726,9394.07,9815.59,3417.3,3829.37,3166.53,3119.54,1309.4,1372.76,703.86,742.29,557.61,521.2,237.37,235.06
133,Panama City,FL,27178,10574.52,11555.62,4411.39,5226.18,3547.38,3536.44,1121.96,1210.29,572.38,618.84,570.54,633.87,348.96,345.22
134,Pensacola,FL,89906,9406.64,10371.66,3865.57,4633.72,2871.57,2868.02,1344.58,1464.04,594.52,653.25,461.9,499.36,268.33,264.18
137,Sarasota,FL,83033,9248.78,9685.36,3180.63,3672.91,3915.39,3841.99,1042.09,1071.69,589.92,608.45,285.58,268.1,228.59,226.97
139,St. Petersburg,FL,37729,11116.62,11701.62,4787.86,5382.06,3844.78,3780.22,1008.75,1047.13,839.88,876.77,381.32,360.92,256.16,253.82
140,Tallahassee,FL,63338,8795.6,9780.89,3843.58,4540.33,2535.09,2585.02,1281.02,1412.98,411.88,451.5,452.79,519.46,279.5,276.11
141,Tampa,FL,86521,10828.28,11309.24,4437.37,4909.9,3594.64,3554.56,1030.36,1074.54,938.82,985.93,521.13,479.45,292.19,289.52
142,Albany,GA,18951,7938.03,8712.6,3299.22,3737.59,2057.08,2177.53,1449.82,1567.42,348.83,372.48,514.38,589.73,281.97,276.81
144,Atlanta,GA,409091,8880.96,9340.9,3483.16,3867.51,2872.2,2898.46,1141.16,1175.45,515.56,531.73,633.89,634.95,257.95,254.83
145,Augusta,GA,61580,8305.17,8752.34,3786.21,4080.84,2376.41,2443.74,1167.84,1204.68,316.26,332.8,433.28,471.2,238.67,235.04
146,Columbus,GA,28749,8540.69,9294.85,3324.95,3852.21,2413.62,2545.89,1303.53,1363.39,429.96,455.85,897.54,898.82,228.04,224.64
147,Macon,GA,63291,9535.42,10247.42,4179.54,4645.17,2913.31,3004.51,1213.4,1295.8,434.43,460.88,547.01,594.9,272.13,271.15
148,Rome,GA,29526,9644.58,10525,4322.79,4902.02,2604.4,2707.66,1109.26,1187.42,735.63,786.11,627.28,715.07,287.67,283.4
149,Savannah,GA,81306,8756.78,9418.49,3645.55,3996.51,2833.53,2983.76,1133.71,1221.7,363.53,396.78,546.76,592.3,251.34,247.87
150,Honolulu,HI,82352,7354.13,7041.01,3457.29,3191.62,2092.59,2106,1228.69,1181.5,130.59,126.02,339.75,333.08,109.39,106.96
190,Cedar Rapids,IA,29566,7697.77,8347.7,3409.27,3814.93,1896.14,1993.84,1480.35,1570.18,220.09,234.51,446.96,489.46,229.77,227.13
191,Davenport,IA,61917,8271.59,8883.99,3853.29,4264.54,2209.51,2300.05,1321.82,1379.43,402.86,419.98,266.77,300.33,220.13,220.88
192,Des Moines,IA,123875,7634.3,7990.56,3368.88,3541.36,1962.2,2055.32,1483.22,1549.99,219.16,226.5,368.19,385.67,227.08,226.38
193,Dubuque,IA,13860,7209.46,7816.72,3275.73,3659.57,1943.28,2029.14,1298.09,1377.3,201.53,216.45,269.97,310.99,203.1,206.72
194,Iowa City,IA,37256,7442.82,7731.1,3571.17,3656.92,1598.22,1705.98,1551.77,1609.09,167.85,177.8,325.94,351.67,229.76,227.7
195,Mason City,IA,23305,7557.56,7960.55,3522.68,3665.27,1470.83,1577.39,2020.09,2161.23,143.29,154.29,196.71,200.47,244.24,244.81
196,Sioux City,IA,29723,7906.62,8453.67,3528.51,3872.35,1882.56,1953.7,1720.37,1811.81,190.19,198.89,354.82,384.31,238.89,238.71
197,Waterloo,IA,27246,8392.72,8965.93,3717.04,4006.18,2041.69,2143.87,1908.31,2043.66,183.3,197.54,322.41,354.44,224.55,224.33
151,Boise,ID,64504,7677.79,8113.18,3365.53,3531.49,1518.62,1605.11,1601.88,1695.13,375.74,399.51,562.2,629.86,257.89,258.53
152,Idaho Falls,ID,17527,8201.95,8626.03,3247.13,3383.55,1756.34,1886.11,1655.29,1739.53,567.83,580.14,621.5,682.82,372.86,377.98
154,Aurora,IL,21188,10271.56,10043.27,4768.3,4776.97,2848.87,2721.26,1376.93,1325.41,610.41,588.74,433.34,403.77,239.8,235.06
155,Blue Island,IL,93459,11184.16,10845.39,5415.62,5371.62,3102.5,2931.4,1196.69,1150.29,840.29,805.16,368.3,329.19,247.29,243.47
156,Chicago,IL,176246,11821.05,11016.86,5752.7,5234.02,2732.35,2602.95,1348.4,1297.85,1302.45,1250.38,275.74,238.58,231.6,229.99
158,Elgin,IL,70516,10622.71,10745.19,4838.95,5202.24,3067.24,2950.3,1304.92,1258.94,721.27,694.27,465.89,426.12,234.57,229.77
161,Evanston,IL,119946,9992.12,9734.76,4308.34,4317.97,2994.45,2848.45,1497.66,1441.65,647.91,624.32,355.39,320.93,195.35,191.54
163,Hinsdale,IL,45802,9611.83,9605.13,4237.67,4474.75,2948.28,2797.64,1238.17,1192.44,608.92,586.64,367.42,349.78,206.84,203.73
164,Joliet,IL,69417,10804.27,10849.98,5061.77,5302.52,2935.69,2840.24,1520.5,1478.73,642.69,620.37,393.2,362.04,252.09,249.05
166,Melrose Park,IL,125415,10261.13,10069.89,4896.41,4963.07,2752.24,2598.49,1332.7,1281.09,711.63,684.59,346.39,324.81,222.4,218.43
170,Peoria,IL,77701,8695.17,9230.12,4249.43,4616.29,2159.47,2189.08,1385,1466.72,372.74,392.53,289.77,325.69,242.84,240.27
171,Rockford,IL,82249,8862.34,9220.73,4164.42,4437.82,2070.04,2116.18,1672.69,1702.07,384.42,380.81,330.54,344.5,241.81,239.58
172,Springfield,IL,119527,8580.14,9221.77,4062.41,4510.83,2269.25,2304.76,1550.63,1668.2,294.2,314.88,149.94,169.45,261.72,261.04
173,Urbana,IL,45999,8752.32,9138.23,4363.28,4637.8,2135.76,2179.63,1564.78,1609.45,223.76,231.26,210.07,225.29,253.25,250.6
175,Bloomington,IL,18297,8268.61,8684.44,3634,4018.87,2648.73,2627.12,1179.18,1210.62,321.83,322.14,227.74,250.85,252.41,251.52
179,Evansville,IN,82792,8875.42,10147.09,4362.82,5181.81,2021.87,2289.92,1598.76,1721.63,392.61,423.26,261.37,287.09,243.61,245.76
180,Fort Wayne,IN,65423,8390.81,9186.17,4063.2,4464.89,1997.14,2282.58,1481.14,1557.11,284.31,299.62,323.52,338.32,246.22,246.12
181,Gary,IN,60719,10281.76,11013.03,5026.85,5526.01,2788.46,2962.2,1344.47,1384.88,619.85,641.46,223.37,219.06,267.34,267.99
183,Indianapolis,IN,268259,9286.11,9932.22,4585.68,4895.98,2139.48,2390.12,1561.4,1612.24,389.04,401.16,340.18,358.68,270.05,270.49
184,Lafayette,IN,21285,8967.3,9789.52,4463.12,4964.01,2113.02,2350.33,1511.1,1550.63,289.82,298.78,301.59,329.8,289.99,291.44
185,Muncie,IN,20984,8763.74,9712.55,4404.07,4780.43,2114.86,2522.96,1275.63,1361.82,357.03,377.05,299.16,348.23,314.55,316.17
186,Munster,IN,35097,11452.12,11973.52,5697.11,6057.5,3094.6,3222.52,1371.66,1404.41,844.49,853.45,163.25,154.79,271.26,271.05
187,South Bend,IN,66014,8490.61,9095.32,3969.57,4355.38,2434.68,2586.86,1211.8,1250.07,307.87,317.97,335.94,351.88,230.16,230.41
188,Terre Haute,IN,22281,9829.16,10524.8,4735.31,5122.75,2246.14,2445.35,1873.01,1936.8,367.37,383.86,304.44,328.16,306.32,307.76
200,Topeka,KS,53019,8099.65,8936.54,3775.19,4377.4,2058.72,2138.95,1543.86,1660.14,207.68,225.23,270.75,291.05,239.11,238.78
201,Wichita,KS,150889,8667.21,9434.47,4030.59,4525.91,2318.52,2381.03,1500.39,1649.41,253.41,276.41,288.41,321.86,281.79,284.37
203,Covington,KY,30419,10026.75,10680.1,5224.55,5684.13,2394.42,2549.22,1272.55,1307.59,591.33,608.85,359.03,321.66,206.09,223.74
204,Lexington,KY,148584,9734.36,10681.75,4763.16,5193.66,2236.95,2534.18,1386.2,1522.65,661.86,725.66,360.21,374.86,350.62,351.28
205,Louisville,KY,178510,9452.55,10574.47,4600.83,5199.15,2251.65,2614.1,1482.05,1584.3,571.78,613.82,237.96,252.33,309.96,309.49
207,Owensboro,KY,17935,9074,9979.21,4334.29,4633.61,2483.76,2888.86,1305.15,1426.93,437.75,478.99,244.39,275.71,262.35,262.02
208,Paducah,KY,53517,8725.68,10244.37,4206.98,5201.53,2231.69,2527.06,1373.25,1522.96,483.3,536.62,165.86,194.85,260.41,258.49
209,Alexandria,LA,32409,10885.91,12273.45,4938.19,5815.42,2287.69,2399.45,1319.58,1456.21,1348.7,1496,740.68,867.28,288.82,285.97
210,Baton Rouge,LA,55944,10246.28,11207.33,4431.03,5008.68,2651.11,2777.2,1293.27,1398.49,1047,1137.36,549.28,604.03,257.2,254.98
212,Houma,LA,24878,9240.84,10439.53,4071.5,4816.79,2146.8,2286.57,1487.7,1657.07,887.74,972.9,366.87,433.06,286.96,285.14
213,Lafayette,LA,63961,9883.1,11113.45,4503.13,5264.94,2385.88,2549.02,1272.7,1402.61,1008.27,1113.52,441.9,515.17,267.8,265.27
214,Lake Charles,LA,27117,9854.54,11165.73,4488.72,5325.69,2281.82,2417.98,1343.14,1488.36,903.65,1008.1,566.12,667.18,297.99,294.78
216,Metairie,LA,28925,10798.83,11696.71,4573.82,5139.47,2660.69,2772.58,1656.58,1763.63,1130.82,1227.18,488.96,502.75,266.03,263.92
217,Monroe,LA,29547,11601.31,13040.49,5234.51,6130.24,2500.47,2595.54,1619.58,1797.73,1332.55,1482.87,593.27,707.78,294.14,292.77
218,New Orleans,LA,28802,9815.95,10321.92,4266.63,4549.09,2251.53,2313.57,1444.56,1522.02,1054.78,1122.16,476.5,476.53,227.78,223.09
219,Shreveport,LA,73508,10504.32,11669.63,4936.32,5703.45,2390.16,2497.91,1459.11,1584.21,990.08,1085.33,443.03,504.94,247.21,246.82
220,Slidell,LA,15383,10436.1,11476.4,4564.95,5228.34,2499.53,2649.24,1471.69,1575.02,1038.33,1142.74,596.05,626.32,316.87,315.32
227,Boston,MA,476917,11262.58,9567.88,5737.23,4608.25,2476.76,2398.5,1747.54,1432.75,763.62,627.14,352.93,316.83,193.05,189.3
230,Springfield,MA,73386,9886.81,8445.53,5096.17,4056.47,2324.78,2282.14,1486.97,1220.71,535.58,439.75,257.3,259.14,200.8,196.73
231,Worcester,MA,51110,11518.45,9515.96,6278.74,4766.94,2324.17,2266.49,1749.05,1431.52,668.15,547.65,304.41,295.47,222.07,218.27
223,Baltimore,MD,257795,11240.65,9685.78,5509.11,4179.61,2915.16,2758.43,1981.71,1951.63,368.28,362.47,244.33,223.86,224.5,222.46
225,Salisbury,MD,74069,10066.74,9514.98,4551.82,4059.36,2641.87,2581.58,1795.15,1800.57,368.06,369.5,465.69,457.7,229.57,228.2
226,Takoma Park,MD,70284,9842.7,8687.15,4599.86,3760.19,3288.95,3026.93,1273.38,1242.5,301.57,295.64,247.54,235.26,191.57,188.94
221,Bangor,ME,54111,8699.32,8780.25,4109.3,3998.41,1428.88,1488.2,2400.43,2505.35,330.34,339.65,197.32,214.31,234.79,232.35
222,Portland,ME,125915,8073.65,8189.9,3563.97,3636.82,1842.26,1871.43,1665.85,1685.49,455.78,460.58,344.54,339.21,208.09,204.94
232,Ann Arbor,MI,119241,10270.12,10327.02,4817.12,4876.2,2606.52,2577.08,1567.49,1580.08,612.84,620.71,400.77,408.13,266.3,265.04
233,Dearborn,MI,46145,12148.95,12101.85,6221.3,6237.44,3227.59,3133.95,1367.7,1384.36,768.37,778.18,309.53,311.27,257.01,255.08
234,Detroit,MI,154548,11648.06,11455.58,5597.97,5452.69,3270.93,3217.53,1356.52,1368.91,829.43,835.52,290.88,284.08,276.67,273.89
235,Flint,MI,51663,11484.89,11127.6,5490.29,5184.53,3235.96,3298.95,1223.5,1172.57,674.89,655.45,566.64,523.86,302.75,301.56
236,Grand Rapids,MI,75666,8662.95,8975.01,3975.71,4113.38,2203.1,2256.53,1316.2,1381.85,490.24,512.79,386.05,418.62,291.61,290.31
238,Kalamazoo,MI,65479,8857.17,9024.31,4213.17,4271.2,2064.01,2118.86,1517.69,1542.52,407.5,414.14,389.75,411.05,264.28,264
239,Lansing,MI,63124,9616.65,9658.5,4496.14,4444.32,2356.11,2403.35,1583.88,1602.75,481.07,488.28,407.14,427.66,292.06,290.71
240,Marquette,MI,26190,8219.67,8279.37,3700.72,3469.89,1548.69,1581.12,2110.62,2301.63,486.3,532.05,149.76,172.46,234.14,234.05
242,Muskegon,MI,23821,8409.75,8705.37,3540.29,3736.22,2204.92,2246.58,1562.47,1596.77,438.52,444.49,390,411.63,274.93,271.24
243,Petoskey,MI,24925,8558.37,8889.64,3536.77,3591.09,2172.27,2210.74,1825.21,1989.26,307.98,334.71,384.88,433.27,296.27,298.11
244,Pontiac,MI,39309,11624.23,11385.82,5505.79,5356.66,3452.85,3350.34,1277.79,1284.72,644.85,650.1,461.4,462.69,282.74,282.67
245,Royal Oak,MI,68057,11412.64,11456.57,5190.38,5295.64,3528.68,3452.03,1337,1349.63,746.37,754.41,366,361.26,250.53,247.57
246,Saginaw,MI,87157,9264.08,9871.91,4347.97,4716.37,2178.45,2231.39,1605.29,1717.66,453.33,477.3,386.68,436.84,292.8,292.57
248,St. Joseph,MI,16281,8822.05,9283.14,3996.74,4283.3,2135.91,2184.93,1487.29,1555.52,584.23,608.31,348.23,380.88,267.28,265.12
249,Traverse City,MI,32911,8375.96,8684.97,3677.65,3746.77,2183.64,2211.52,1598.58,1739.91,317.96,344.85,316.07,362.36,263.05,263.2
250,Duluth,MN,31361,7825.32,7768.72,3894.15,3837.99,1481.72,1519.47,1832.68,1801.63,202.54,198.23,223.58,214.92,188.12,191.16
251,Minneapolis,MN,165004,8111.97,7997.69,3968.31,3833.33,1842.5,1889.31,1596.28,1574.87,245.5,235.52,253.85,255.36,214.91,216.21
253,Rochester,MN,37724,7442.13,7324.69,3791.94,3538.63,1544.14,1653.83,1609.57,1622.87,112.61,113.33,191.57,199.59,219.37,221
254,St. Cloud,MN,13455,8080.04,7647.12,4025.62,3635.01,1722.17,1768.74,1746.13,1662.91,226.84,215.75,178.4,180.47,208.56,208.61
256,St. Paul,MN,48826,8452.03,8194.92,4120.57,3898.67,2026.54,2076.52,1406.04,1344.51,318.64,300.31,354.63,347.79,224.89,224.63
263,Cape Girardeau,MO,35964,8461.63,9311.42,3962.64,4487.36,1890.34,1975.71,1683.58,1830.55,280.21,307.7,324.44,389.91,311.23,312.55
264,Columbia,MO,85563,8226.17,9042.2,3852.81,4376.87,2104.95,2173.77,1473.11,1621.95,240.62,263.67,259.8,309.25,283.42,285.96
267,Joplin,MO,45745,8719.4,9669.11,4217.63,4829.07,1899.46,1986.52,1472.88,1609.76,445.05,486.13,381.24,455.16,303.61,304.55
268,Kansas City,MO,213890,9078.22,9643.23,4098.24,4512.9,2216.54,2282.12,1588.63,1632.27,389.93,398.16,536.66,556.23,239.88,252.82
270,Springfield,MO,89927,8138.84,9030.56,3655.98,4185.81,1774.04,1885.55,1608.9,1747.6,396.45,431.71,442.88,522.17,261.22,263.24
273,St. Louis,MO,315981,9251.23,9976.02,4290.47,4843.07,2389.23,2412.52,1535.31,1621.93,441.12,464.73,333.3,372.12,258.97,258.53
257,Gulfport,MS,20087,9920.5,11034.03,4612.02,5362.72,2163.21,2301.98,1467.73,1599.23,862.77,949.83,536.02,543.72,311.6,310.79
258,Hattiesburg,MS,32934,9644.67,10768.08,4306.39,5056.98,2573.94,2637.78,1189.23,1333.23,820.85,920.74,454.13,528.69,314.54,311.86
259,Jackson,MS,108376,9555.05,10910.35,4197.84,5060,2196.44,2299.64,1334.96,1499.49,1016.83,1146.13,488.87,566.1,273.17,272.41
260,Meridian,MS,24635,9640.13,11272.47,4135.3,5206.25,2212.98,2313.85,1495.76,1711.17,810.92,929.63,718.11,824.28,252.14,251.59
261,Oxford,MS,16867,9360.58,10472.14,4112.81,4701.29,2078.76,2183.73,1487.32,1690.73,855.19,980.5,474.52,555.9,332.62,333.94
262,Tupelo,MS,47555,8720.15,9938.17,3754.58,4467.17,2079.49,2211.96,1448.28,1656.12,593.11,680.84,491.92,572.38,352.12,350.22
274,Billings,MT,66178,7379.3,7410.69,3267.63,3291.9,1608.96,1614.17,1823.81,1789.76,163.79,160.8,259.8,295.48,228.89,233.22
275,Great Falls,MT,17009,7723.83,7848.98,3554.96,3700.38,1684.61,1681.08,1783.59,1749.5,204.99,200.38,205.98,221.86,258.39,264.13
276,Missoula,MT,48821,7235.78,7387.2,3128.67,3282.54,1644.7,1633.97,1700.91,1679.33,223.84,220.66,272.64,304.42,229.35,236.16
309,Asheville,NC,97375,7610.59,8232.8,3286.17,3655.24,2021.79,2171.86,1245.49,1324.11,369.28,392.38,411.2,412.51,269.35,271.02
311,Charlotte,NC,225193,8527.91,9117.22,3729.37,4054.38,2476.09,2637.96,1204.02,1263.64,433.24,458.84,418.64,422.43,267.76,280.51
312,Durham,NC,136556,8346.12,8733.6,3914.58,4011.59,2204.2,2391.23,1342.91,1419.46,294.7,310.73,339.69,354.39,250.85,250.68
313,Greensboro,NC,46396,8197.39,8790.64,3690.9,3988.32,2150.99,2336.5,1279.37,1350.82,421.9,446.86,417.3,431.42,235.36,235.44
314,Greenville,NC,104864,8815.64,9134.96,4145.65,4077.05,2597.78,2863.41,1194.04,1269.33,296.06,316.54,328.68,361.43,256.88,256.7
315,Hickory,NC,33262,8191.82,8851.3,3480.56,3837.74,2289.85,2504.61,1198.07,1275.56,381.85,409.52,526.46,505.89,312.71,314.42
318,Raleigh,NC,177094,8779.6,9300.86,3979.85,4167.74,2629.44,2903.14,1207.56,1246.69,360.48,373.11,362.09,373.58,247.72,246.92
319,Wilmington,NC,60458,9047.66,9498.72,3901.15,3978.35,2862.47,3165.12,1145.34,1196.19,370.91,386.56,535.82,534.16,246.05,246.61
320,Winston-Salem,NC,94315,8901.49,9674.54,4113.81,4479.08,2179.93,2430.69,1421.13,1545.59,470.48,514.08,418.85,406.78,296.56,296.58
321,Bismarck,ND,27569,7755.6,8086.43,3596.45,3919.98,1963.87,1986.02,1832.22,1797.66,115.13,113.1,71.86,88.42,198.19,199.3
322,Fargo/Moorhead MN,ND,47658,7682.3,7958.07,3573.06,3722.13,1571.79,1613.1,1962.01,2000.28,170.44,173.98,203.9,237.37,221.95,226.71
323,Grand Forks,ND,16258,8206.84,8487.32,3977.07,4137.27,1462.14,1512.96,2327.15,2370.99,129.3,132.93,80.65,95.76,267.93,270.97
324,Minot,ND,15225,7100.33,7469.09,3367.25,3708.84,1293.42,1348.83,2179.86,2140.91,65.71,64.81,49.55,55.3,172.6,174.59
277,Lincoln,NE,71970,8410.76,8869.13,3784.24,4069.67,2083.57,2139.46,1775.68,1854.8,243.98,252.13,275.98,305.25,258.17,257.36
278,Omaha,NE,134431,8667.95,8980.86,4109.03,4259.52,2031.53,2109.51,1692.95,1747.91,309.49,314.73,291.64,312.1,238.71,240.03
281,Lebanon,NH,58978,8270.03,7443.38,4083.61,3347.19,1193.15,1203.1,2189.7,2089.18,420.91,410.12,227.26,231.94,179.87,178.49
282,Manchester,NH,104042,8831.11,8450.93,4188.42,4023.03,1959.42,1929.24,1711.06,1576.99,485.99,451.73,289.97,273.4,205.97,202.69
283,Camden,NJ,330861,10929.58,10307.6,5020.36,4767.76,3753.99,3537.65,1148.33,1051.72,389.78,357.71,386.84,365.08,232.46,229.87
284,Hackensack,NJ,125594,11730.09,10269.52,5779.4,4929.7,3817.52,3521.06,1304.47,1099.09,393.03,329.75,244.39,202.47,224.17,221.42
285,Morristown,NJ,109301,10045.34,9356.2,4599.01,4317.17,3505.44,3244.4,1074.36,977.39,342.99,314.05,316.3,298,202.56,200.64
288,New Brunswick,NJ,97049,10610.15,9691.29,4867.88,4384.27,3812.72,3516.89,1137.02,1040.62,317.83,292.68,269.01,252.88,222.08,219.34
289,Newark,NJ,109758,11485.18,10158.01,5780.75,4948.82,3771.7,3475.45,1196.26,1071.41,331.97,296.44,249.42,222.62,221.52,218.69
291,Paterson,NJ,37398,11964.97,10457.62,5976.95,5048.68,3841.36,3542.01,1255.51,1088.39,355.57,302.16,325.56,271.79,238.1,235.53
292,Ridgewood,NJ,44384,11117.47,9919.71,5287.47,4641.91,3767.07,3494.71,1226.23,1043.87,377.11,318.44,244.96,207.84,226.09,224.31
293,Albuquerque,NM,130171,7323.37,7290.02,3269.23,3144.28,1878.12,1928.46,1137.55,1152.61,378.78,382.96,412.25,430.64,250.22,253.92
279,Las Vegas,NV,126111,11290.37,10735.23,5288.53,5060.74,3497.37,3387.39,885.94,813.87,802.98,726.38,633,548.68,253.62,251.18
280,Reno,NV,75488,8193.16,7850.41,3747.03,3573.29,2254.34,2174.68,1268.47,1191.4,284.27,269.16,341.65,345.55,271.71,273.68
295,Albany,NY,176151,8539.96,8564.02,4043.38,4055.33,2583.08,2593.67,1176.58,1175.75,324.18,322.42,208.54,212.7,215.13,213.82
296,Binghamton,NY,39519,7782.86,8240.75,3619.36,3824.33,1949.11,2078.16,1519.4,1605.54,297.89,315.43,177.57,197.51,244.66,244.14
297,Bronx,NY,53957,13232.49,9895.9,7859.72,5221.5,3269.38,2971.44,1214.23,1017.39,415.48,347.17,224.77,174.99,235.96,234.03
299,Buffalo,NY,75584,7980.69,8203.82,3874.57,3971.9,2179.05,2296.81,1052.51,1067.93,446.82,449.46,212.23,204.38,224.27,224.6
300,Elmira,NY,33518,8050.69,8827.41,3915.91,4458.57,2366.25,2484.28,1184.18,1261.99,251.6,269.24,127.68,143.83,243.9,242.75
301,East Long Island,NY,390547,12049.1,10245.2,5862.08,4727.8,4309.49,3908.71,1018.23,868.92,479.93,409.52,185.18,144.53,224.72,221.95
303,Manhattan,NY,313658,13196.06,10305.88,6984.28,4773.96,4120.96,3787.16,1099.3,924.11,573.32,481.1,186.33,146.2,246.54,242.09
304,Rochester,NY,61178,7299.49,7748.96,3481.75,3722.32,1849.38,1947.72,1214.84,1297.27,377.44,401.66,183.05,188.78,216.47,215.35
307,Syracuse,NY,100289,8139.56,8271.15,3935.08,3906.54,2491.18,2614.21,1021.6,1048.65,360.64,365.42,98.24,104.37,258.15,257.48
308,White Plains,NY,108714,11073.43,9573.48,5549.71,4614.91,3570.88,3283.58,1173.8,995.5,438.82,371.19,183.24,156.32,187.07,185.39
325,Akron,OH,45430,9682.63,10442.84,4832.49,5299.1,2249.33,2411.12,1428.81,1514.53,432.11,458.28,479.8,496.63,243.8,243.05
326,Canton,OH,45608,9152.8,9846.22,4445.18,4864.71,2380.64,2507.45,1358.47,1450.4,333.73,355.52,394.6,424.27,234.99,234.07
327,Cincinnati,OH,116145,9530.19,10045.36,4499.86,4882.46,2438.44,2521.08,1305.73,1347.59,504.35,520.02,577.76,551.21,196.14,214.63
328,Cleveland,OH,173537,9707.51,10453.12,4646.79,5120.43,2314.36,2431.75,1571.39,1657.81,425.73,449.18,522.23,542.63,213.5,234.63
329,Columbus,OH,211369,9871.43,10291.53,4792.02,4990.91,2282.96,2420.21,1520.85,1576.47,537.02,551.54,468.95,480.71,275.07,274.73
330,Dayton,OH,87545,9625.36,10260.77,4563.9,4960.84,2456.61,2616.47,1342.2,1396.95,544.62,566.26,453.72,455.61,261.33,260.61
331,Elyria,OH,23908,10256.87,11351.14,5102.95,5895.19,2469.99,2613.35,1640.32,1725.85,377.03,396.88,432.04,452.25,232.99,264.78
332,Kettering,OH,31427,9912.4,10398.95,4419.32,4767.73,2674.19,2778.07,1268.51,1304.7,682.08,703.35,623.14,594.44,230.33,239.09
334,Toledo,OH,84168,9875.48,10326.95,4822.84,5081.02,2384.93,2501.67,1527.08,1597.29,390.08,407.96,485.1,474.79,260.55,257.93
335,Youngstown,OH,53379,9904.02,10951.33,4832.82,5544.85,2705.75,2870.26,1418.63,1532.86,371.53,400.95,303.25,325.04,281.25,281.98
336,Lawton,OK,23006,9083.74,10038.5,4031.11,4602.56,1967.52,2098.92,1356.82,1453.88,1079.73,1164.88,405.79,481.56,271.94,270.97
339,Oklahoma City,OK,191319,9421.75,10267.25,4129,4602.73,2106.7,2229.35,1396.89,1500.09,1012.92,1091.12,525.87,598.01,285.34,285.83
340,Tulsa,OK,132048,8903.6,9899.21,3862.85,4437.73,2191.92,2330.51,1141.41,1248.05,916.12,1003.05,576.95,667.31,256.1,257.06
341,Bend,OR,26056,7179.62,6780.51,2780.57,2522.99,2327.84,2302.41,1040.71,972.94,304.97,282.36,475.19,446.35,224.06,224.01
342,Eugene,OR,65550,7376,6993.06,3358.34,3067.46,1945.13,1943.98,1221.59,1147.92,304.83,285.41,287.38,286.96,243.25,243.01
343,Medford,OR,56358,7445.36,7236.08,3383.25,3235.28,2056.68,2067.49,1216.43,1152.48,262.35,249.96,252.81,257.58,247.46,246.27
344,Portland,OR,144667,8094.59,7621.8,3796.87,3461.24,1846.33,1832.32,1484.28,1401.52,358.79,336.36,381.43,362.83,224.57,222.19
345,Salem,OR,15038,7609.01,7334.47,3277.87,3131.06,2167.01,2176.25,1233.83,1142.79,358.14,332.55,333.17,314.67,229.38,227.61
346,Allentown,PA,128127,9908.12,10033.5,4877.33,5034.07,2691.44,2729.41,1435.38,1357.12,389.2,378.85,293.3,307.36,230.26,228.97
347,Altoona,PA,23953,10071.56,10882.53,4690.24,5191.34,2350.4,2439.62,1685.9,1796.05,569.8,605.81,534,599.05,231.13,233.33
350,Danville,PA,48412,8352.72,8815.05,4109.77,4334.71,2027.61,2100.5,1376.28,1479.15,353.89,380.93,240.67,271.39,258.62,258.67
351,Erie,PA,68356,8728.63,9484.37,4202.08,4674.09,2139.1,2239.7,1529.91,1652.14,380.64,407.9,223.84,252.85,270.65,271.88
352,Harrisburg,PA,92013,9034.71,9406.9,4416.9,4610.74,2382.42,2445.06,1431.5,1499.09,275.71,286.71,304.12,337.66,228.68,227.5
354,Johnstown,PA,13339,10375.1,11005.18,5165.2,5521.99,2371.97,2438.98,1447.14,1534.38,603.66,642.88,501.64,564.19,263.97,266.64
355,Lancaster,PA,61946,8540.83,8774.57,3920.87,4158.39,2397.66,2428.12,1338.96,1321.98,301.89,297.65,358.97,345.57,225.3,224.86
356,Philadelphia,PA,318487,10840.52,10180.66,5028.64,4657.75,3404.54,3252.13,1320.65,1245.24,506.5,478.28,372.65,343.11,223.48,222.49
357,Pittsburgh,PA,171691,9947.08,10792.38,4969.31,5477.76,2290.85,2395.38,1472.22,1583.87,548.6,590.87,418.69,462.16,227.99,250.42
358,Reading,PA,54485,9858.46,10041.15,4991.05,5087.85,2761.15,2794.25,1307.05,1333.04,378.94,388.01,219.89,232.92,218.96,218.29
359,Sayre,PA,23127,8180.55,8823.39,4191.46,4601.31,2002.3,2086.82,1280.59,1378.8,264.63,284.99,184.65,210.11,257.27,257.96
360,Scranton,PA,40288,9428.04,10174.21,4557.26,5103.05,2678.45,2738.11,1056.42,1125.59,523.14,564.92,366.94,395.58,244.17,243.53
362,Wilkes-Barre,PA,30718,9928.47,10664.24,4901.57,5417.86,2558.43,2601.68,1222,1310.98,686.68,744.59,311.02,334.79,256.02,254.21
363,York,PA,41739,8895.97,9002.93,4377.02,4389.16,2459.96,2526.48,1330.79,1341.38,261.58,265.74,245.77,257.58,226.99,225.15
364,Providence,RI,92381,9774.38,8848.7,4635.55,4162.25,2629.34,2560.02,1368.71,1122.27,589.8,485.24,360.6,327.34,192.11,191.33
365,Charleston,SC,123366,8900.88,9602.76,3558.15,3987.18,2876.85,3018.74,1198.92,1271.53,407.53,430.59,627.13,671.57,259.43,255.02
366,Columbia,SC,122707,8492.12,9159.23,3590.24,3949.9,2561.54,2708.13,1127.45,1206.91,368.14,393.5,612.78,675.73,266.68,261.72
367,Florence,SC,43306,8819.41,9765.24,3940.43,4518.03,2278.45,2431.63,1316.88,1427.69,289.35,312.93,773.37,865.04,283.12,279.91
368,Greenville,SC,92104,8859.97,9415,3958.74,4284.73,2479.63,2651.58,1256.28,1305.36,358.56,370.61,540.88,541.72,264.96,259.97
369,Spartanburg,SC,37659,8631.19,9409.87,3869.57,4272.38,2229.02,2511.11,1231.51,1290.91,375.9,393.69,651.89,673.56,279.21,274.45
370,Rapid City,SD,24862,7520.85,7442.29,3715.79,3644.33,1775.85,1814.9,1511.21,1461.53,152.02,146.59,101.44,108.38,231.88,233.93
371,Sioux Falls,SD,96105,7766.06,7973.16,3575.14,3695.83,1697.73,1762.12,1972.58,1970.72,133.22,133.08,180.85,198.95,229.98,232.89
373,Chattanooga,TN,70008,9035.46,10052.53,3860.73,4560.78,2546.98,2706.92,1150.24,1235.57,678.93,732.14,499.44,526.41,309.82,307.26
374,Jackson,TN,44906,9437.15,10649.23,4327.73,5125.43,2418.87,2569.16,1219.83,1351.85,908.9,1013.05,241.49,277.35,325.39,320.98
375,Johnson City,TN,26354,8905.39,10066.15,4209.36,4966.78,2281.87,2426.66,1130.75,1259.13,522.92,589.06,453.12,526.2,318.87,317.54
376,Kingsport,TN,45815,9057.22,10429.65,4124.97,5017.43,2224.28,2416.15,1226.43,1378.33,880.67,992,278.14,320.84,361.16,359.04
377,Knoxville,TN,128365,8723.81,10002.51,3636.7,4491.42,2503.16,2640.98,1166.7,1309.42,794.11,892.14,327.62,391.05,308.39,305.27
379,Memphis,TN,164090,9345.68,10101.55,4311.41,4765.58,2486.63,2611.61,1240.31,1322.11,595.1,645.9,418.36,463.63,290.87,289.31
380,Nashville,TN,239423,9437.64,10437.62,4392.92,5061.32,2541.28,2723.33,1150.22,1235.08,763.02,819,310.97,327.13,293.4,289.65
382,Abilene,TX,38424,9355.72,10205.58,4112.6,4659.42,2112.44,2215.23,1396.58,1489.63,998.6,1045.05,475.43,541.36,287.67,288.44
383,Amarillo,TX,45841,9454.99,10308.48,4017.91,4424.49,2680.8,2937.86,1119.09,1207.73,809.89,868.55,540.46,582.55,292.57,295.24
385,Austin,TX,115071,9765.09,10488.36,4072.38,4418.61,3004.46,3311.43,1085.25,1111.17,829.4,848.68,528.02,554.97,257.03,254.22
386,Beaumont,TX,44330,10634.58,11447.94,4399.76,4922.42,2743.21,2868.3,1225.32,1290.96,1269.01,1323.42,725.85,769.53,281.65,281.21
388,Bryan,TX,20887,9560.91,10041.29,4186.38,4492.03,2439.96,2531.71,1297.95,1334.88,1076.76,1106.8,331.22,348.13,224.7,223.77
390,Corpus Christi,TX,38948,11153.71,12090.29,4672.37,5214.91,2981.04,3106.86,1196.64,1283.02,1430.89,1540.3,552.91,628.57,273.79,271.24
391,Dallas,TX,334623,11025.84,11510.93,4732.34,5094.36,3038.35,3077.41,1148.37,1176.09,1296.1,1323.87,582.57,600.3,249.11,261.31
393,El Paso,TX,75376,8791.18,9355.41,3766.4,4047.34,2347.75,2435.5,1019.91,1092.67,887.42,956.93,413.92,460.92,289.97,289.2
394,Fort Worth,TX,137160,11137.73,11703.71,4923.29,5390.35,3118.88,3141.43,1104.91,1135.56,1109.46,1128.49,666.22,679.66,249.6,267.22
396,Harlingen,TX,40188,11589.39,11845.48,5082.98,5033.39,2821.51,2938.22,1192.31,1239.66,1539.99,1617.75,381.5,429.15,308.26,304.23
397,Houston,TX,386289,11336.91,11466.12,5170.62,5276.25,2997.33,3025.63,1391.04,1396.53,1110.16,1103.47,409.86,407.79,250.47,248.77
399,Longview,TX,22518,10189.54,11158.21,4393.94,5076.75,2546.86,2638.12,1225.49,1306.42,1202.14,1269.29,533.68,580.78,304.39,305.89
400,Lubbock,TX,66991,10053.82,10741.61,4546.43,4903.75,2161.14,2267.85,1521.2,1620.91,955.63,1006.26,604.04,679.82,273.58,275.04
402,McAllen,TX,43130,12542.79,12829.21,5708.07,5579.97,2971.67,3127.46,1241.35,1331.04,1777.84,1891.18,186.81,214.23,307.36,302.55
406,Odessa,TX,31248,9343.07,9580.7,4373.74,4426.63,2114.72,2266.82,1124.32,1146.68,916.87,911.79,595.33,611.26,207.32,209.49
411,San Angelo,TX,20098,8733.68,9513.26,3651.6,4045.7,2027.24,2135.67,1504.19,1635.36,810.4,867.83,509.73,602.73,239.31,240.94
412,San Antonio,TX,202974,9791.4,10291.81,4215.12,4471.58,2926.59,3017.01,1041.69,1106.67,851.99,905.96,474.35,511.2,265.09,262.43
413,Temple,TX,30721,9949.16,10311.8,4512.73,4685.28,1918.79,2000.08,1856.36,1895.54,903.39,926.71,537.03,593.73,251.3,249.69
416,Tyler,TX,70368,10115.53,11083.62,4186.9,4856,2575.65,2663.01,1520.68,1639.39,1053.93,1108.83,487.33,530.01,306.57,306.39
417,Victoria,TX,19089,10046.1,10912.56,4501.8,5044.39,2556.62,2630.42,1552.34,1683.87,809.1,861.69,366.93,436.92,256.18,254
418,Waco,TX,32997,8783.36,9516.06,3598.24,4085.92,1973.42,2015.43,1422.12,1503.9,891.78,928.02,638.96,723.59,256.44,257.07
420,Wichita Falls,TX,25331,10636.89,10997.38,4714.65,4975.88,2451.53,2567.01,1329.97,1339.65,1338.54,1318.7,577.6,571.57,265.91,265.03
999,United States,US,25825378,9686.92,9686.92,4459.9,4459.9,2703.55,2703.55,1328.85,1328.85,563.83,563.83,382.69,382.69,248.1,248.1
421,Ogden,UT,26168,8279.45,8730.84,3067.56,3375.15,2367.74,2393.42,1151.19,1187.77,575.45,593.27,800.52,872.62,327.36,329.82
422,Provo,UT,22878,8910.85,9397.1,3642.24,3975.95,2331.79,2373.57,1068.69,1102.49,869.71,893.44,692.5,754.57,340.09,340.78
423,Salt Lake City,UT,121233,8283.11,8480.05,3567.54,3626.31,1960.49,1993.64,1311.9,1355.85,628.23,645.2,511.06,556.54,321.01,323.27
426,Arlington,VA,149374,8294.86,8116.33,3398.89,3406.46,2831.8,2706.67,1016.29,981.74,421.81,406.31,439.93,428.82,183.5,182.3
427,Charlottesville,VA,69334,8135.91,8357.86,3936.06,3917.11,1875.98,1955.01,1536.45,1640.18,310.94,327.97,276.4,317.02,194.36,193.29
428,Lynchburg,VA,32907,7826.14,8450.27,3662.12,4086.79,2143.04,2202.53,1017.52,1086.08,364.04,389.06,416.41,464.02,225.6,224.86
429,Newport News,VA,61702,8037.37,8626.96,3259.94,3634.04,2689.55,2796.99,1244.54,1304.88,386.49,405.28,230.01,257.96,228.24,226.89
430,Norfolk,VA,118135,8436.94,9125.47,3549.4,3987.6,2708.78,2828.84,1205.79,1275.82,460.24,485.36,270.94,303.78,251.97,250.64
431,Richmond,VA,167750,8639.24,9104.59,4033.57,4358.55,2523.08,2628.16,1113.1,1131.41,398.33,403.44,345.54,358.81,232.65,232.42
432,Roanoke,VA,88873,8447.22,9160.61,4034.06,4411.11,2242.15,2413.79,1174.84,1260.49,466.47,502.53,259.77,301.31,269.93,271.34
435,Winchester,VA,49362,8165.32,8441.58,4023.77,4121.22,1980.14,2074.88,1252.32,1297.63,306.97,316.91,401.69,429.01,203.39,202.99
424,Burlington,VT,74839,8133.81,7735.27,4067,3567.35,1640.68,1706.07,1668.79,1693.05,367.89,370.34,193.79,196.77,205,203.86
437,Everett,WA,45582,8171.85,7821.29,3698.49,3490.43,2094.79,2066.41,1538.77,1461.52,307.62,284.68,303.42,290.51,210.79,208.04
438,Olympia,WA,36866,8098.58,7661.29,3976.34,3640.42,2119.03,2090.57,1199.05,1144.27,322.19,308.29,265.92,258.96,206.11,204.43
439,Seattle,WA,217625,8192.91,7755.6,3776.89,3575.06,2246.9,2152.94,1373.6,1276.12,298.9,277.81,293.47,272.49,198.24,196.08
440,Spokane,WA,154863,8180.23,8033.07,3695.04,3562.58,2101.49,2094.76,1535.56,1533.11,321.49,315.05,264.72,265.52,252.22,252.02
441,Tacoma,WA,60637,8830.44,8428.76,4311.44,4090.71,2454.37,2414.81,1234.71,1139.23,308.16,284.86,298.51,276.24,212.31,210.38
442,Yakima,WA,26654,8224.78,7969.85,3941.19,3762.31,1934.86,1920.94,1660.46,1604.72,241.83,234.36,210.8,212.82,243,241.47
446,Appleton,WI,19700,7296.35,7711.81,3115.08,3404.77,1886.52,1926.55,1546.04,1604.62,178.14,183.55,355.32,375.22,213.9,213.94
447,Green Bay,WI,44867,7711.27,8160.75,3509.04,3826.05,1783.61,1834.96,1617.93,1663.33,190.99,197.59,396.02,420.97,204.41,204.76
448,La Crosse,WI,30503,7091.72,7091.6,3502.77,3358.1,1596.8,1673.71,1527.32,1572.86,115.37,120.04,173.47,184.82,190.08,193.51
449,Madison,WI,99068,7838.3,7641.18,3812.05,3620.2,1572.07,1612.03,1544.01,1515.67,258.74,249.54,457.78,445.53,187.85,188.43
450,Marshfield,WI,35179,8011.11,8264.28,3859.26,4007.24,2058.75,2078.73,1444.53,1498.44,166.64,172.98,246.78,269.6,224.54,223.94
451,Milwaukee,WI,219161,8903.95,9101.48,4240.45,4441.5,2187.05,2213.31,1490.96,1482.09,354.37,349.06,413.13,399.15,215.65,213.29
452,Neenah,WI,15890,7466.98,7844.25,3288.16,3546.24,1819.35,1869.24,1540.54,1579.48,201.18,206.63,368.24,393.48,247.44,244.75
456,Wausau,WI,20176,7701.01,8162.68,3507.79,3832.87,1992.46,2031.02,1497.6,1563.02,162.94,170.03,311.08,337.81,211.81,210.31
443,Charleston,WV,91836,9072.8,10117.31,4522.9,5144.13,2180.99,2366.21,1351.95,1508.84,462.7,517.93,263.4,285.6,292.58,296.14
444,Huntington,WV,39209,9679.74,10610.51,4639.31,5133.19,2342.81,2648.21,1483.69,1582.79,537.94,577.36,375.85,358.83,309.49,312.1
445,Morgantown,WV,41947,8995.76,9737.8,4398.04,4702.53,1901.92,2023.9,1596.22,1776.02,320.92,356.46,497.36,595.77,285,286.26
457,Casper,WY,25031,8266.7,8102.04,4070.01,3944.8,2004.24,1976.37,1403.47,1380.27,222.13,218.21,236.62,244.85,308.58,314.17
