HRR #,HRR label,Medicare Enrollees (CMHS 5% Sample) (2006),Total Medicare reimbursements per enrollee (Part A and B) (2006),Total Part A Medicare reimbursements per enrollee (2006),Total Part B Medicare reimbursements per enrollee (2006),Medicare reimbursements for inpatient short stays per enrollee (2006),Medicare reimbursements for inpatient long stays per enrollee (2006),Medicare reimbursements for outpatient services per enrollee (2006),Part B Medicare reimbursements for professional & laboratory services per enrollee (2006),Part B Medicare reimbursements for medical & surgical services per enrollee (2006),Part B Medicare reimbursements for medical care per enrollee (2006),Part B Medicare reimbursements for surgical services per enrollee (2006),"Part B Medicare reimbursements for diagnostic, laboratory, and X-ray services per enrollee (2006)",Part B Medicare reimbursements for durable medical equipment per enrollee (2006),Medicare reimbursements for home health services per enrollee (2006),Medicare reimbursements for hospice services per enrollee (2006),Medicare reimbursements for skilled nursing facilities per enrollee (2006)
1,AL-Birmingham,11325.8885040283,8062.32225234767,4530.91073724014,3532.12839497952,2839.61175386537,365.364073070114,813.379386290585,1883.90627915414,1336.95924847583,937.56550556627,399.63902914885,546.936250275621,240.133338776094,463.902263567961,532.062986458103,580.673674776994
2,AL-Dothan,2397.9126739502,7720.03252579686,4430.06077232022,3292.11150296458,2543.30005632702,379.024494919694,703.98625483812,1677.47528443975,1270.2464493337,873.180579781701,397.620996081349,407.312864382778,232.530662923035,395.932588643097,708.34071927018,646.586047358249
5,AL-Huntsville,3245.49395751953,7812.87628616344,4096.7934120204,3710.47909364435,2693.90936410017,281.86318685105,862.721152958516,1947.50995781431,1446.09881031565,1051.52234380203,394.794267818238,501.728560686977,245.158033359637,411.096464960699,226.661973305132,725.293559580488
6,AL-Mobile,3847.40528869629,7534.21214339556,4110.40330503845,3423.71812764038,2501.71610623859,314.438953422338,912.38174601394,1675.52155707071,1224.38424812099,824.998184642713,399.810892651418,451.16089127176,228.989104471394,407.102254072981,618.554988941424,537.651739554192
7,AL-Montgomery,2087.57662963867,7936.32902599641,4360.54468077852,3575.66740248233,2486.91242843029,512.139007180753,552.941474771079,2223.9971440048,1639.69657783946,1279.41896216776,356.180648323616,584.207025301863,213.097494731649,449.795451851963,730.507197691647,470.19753441888
9,AL-Tuscaloosa,1363.8306427002,8104.22780277058,4769.88647231356,3331.02824929054,3189.17070996167,408.558792970986,723.735653837946,1603.94326849367,1142.9918019316,769.279252301442,375.61308788858,461.115355742764,225.524787355469,649.821041926769,386.318190018942,558.733321248263
10,AK-Anchorage,1886.9967956543,7700.41036867167,4511.94317730084,3202.47056532043,3471.54964209338,441.397536007976,1228.49457158242,1349.53290679202,1007.79738273784,711.318986598895,296.128839869367,342.212940937107,124.374788681195,218.369309742042,75.0544450119166,352.991039890606
11,AZ-Mesa,3072.07458496094,8077.92113206951,4455.32499004787,3623.67096456122,2965.18736132562,251.528586593139,603.01710578365,2247.66843907333,1563.40758645882,1106.77653681087,456.346200141283,683.589644492839,191.059632792391,283.42592874021,534.548639674949,522.805246578756
12,AZ-Phoenix,9807.30615234375,7889.57942745404,4402.72462070696,3489.88552714016,2932.84255198845,375.459884350926,667.874084847392,2081.74867739211,1464.58247422059,1047.83207298619,416.7261922743,616.455037571307,209.751557510736,204.411906138381,512.165221440524,453.577901688278
14,AZ-Sun City,2220.49514770508,7797.97318448952,3866.62641750571,3936.52970182115,2709.0643223435,480.521986530146,596.396666586696,2558.76785657301,1775.17806597739,1242.54230709215,532.253082230881,783.970745489657,249.788322664803,230.680750436252,268.810082397347,257.650377634633
15,AZ-Tucson,4297.73799133301,7527.98878444602,4017.64464486868,3508.00924502525,2779.29463756223,490.206587567704,714.173101082716,2083.24581133977,1511.48418126214,1076.29217764008,435.06926962201,571.6482008141,164.38804228699,227.358752789167,261.970755260782,346.85370372717
16,AR-Fort Smith,2127.66047668457,8144.31880580562,4439.15579172618,3704.83879598927,2530.41316891551,1094.86350321564,756.915041330657,1547.20763300419,1127.58692354411,810.994832392614,316.692573801213,419.629541042743,297.408033501457,961.807393352647,207.586820588764,420.295396395308
18,AR-Jonesboro,1357.74711608887,8193.50092687709,4579.64385715703,3617.19304436065,2861.43760459183,775.373166580658,908.848680099834,1828.47340081471,1353.62819792057,975.656102813644,378.132666316231,475.123342933786,254.591270156438,332.463657874245,,728.915170207607
19,AR-Little Rock,9487.48045349121,7487.223316891,4174.52580587641,3313.67619109101,2579.63122748997,783.291074060922,801.912912714799,1773.00614820076,1309.22509836343,938.849513038582,370.363080667363,463.843536204053,237.028094721276,309.936618833269,244.370903792441,405.255874299452
21,AR-Springdale,2272.49244689941,6920.09869925221,3931.51720577249,2990.64482005765,2403.75127329066,609.757779120975,661.76319387134,1544.24863044001,1128.46593020106,816.626400081298,312.002208923472,415.803007121684,257.569053185329,307.029640392899,273.367719359491,504.014500601656
22,AR-Texarkana,1639.33030700684,8364.85007597799,4713.53009117366,3651.62825164917,2667.46336303472,1031.30828327351,766.514693040913,1599.86660740526,1134.140500033,776.758995682988,357.764425863814,465.737363945961,305.033656300925,747.669658983083,289.1246460031,516.447424949948
23,CA-Orange County,7670.80760192871,9864.24250099165,5052.16072184542,4807.39408572427,3196.45759587529,587.431824772154,850.527334421198,2982.29955674292,2203.17029559065,1653.38077986214,551.328113922437,779.311475132643,183.280012149824,543.595527895545,201.256560522052,837.172284242331
25,CA-Bakersfield,2979.74188232422,8030.77448470575,4344.71150281657,3685.08232784272,3134.34086877099,284.138358684995,690.843747020771,2059.61095957357,1383.57370575326,1009.40781980164,374.590524502321,674.952545408103,321.587349892893,231.137444261304,130.571948575034,662.665003238585
31,CA-Chico,2003.8299407959,7324.31359740814,3993.7370360973,3330.5899287642,2864.46825841034,266.496453502411,1002.62798011294,1576.81916346169,1151.4976670319,790.67357728859,360.202864759845,425.32269075093,251.167191454752,358.470666922731,134.196191059681,557.444333992138
33,CA-Contra Costa County,2508.07577514648,9388.62826736782,5254.57605176783,4132.82671840102,3727.36096241877,299.640500882443,1078.25601101175,2279.57445276827,1680.40944997205,1221.21676895034,459.190810327124,599.102434002136,157.261419906687,361.215396269818,168.811404181025,863.315797196324
43,CA-Fresno,3595.32411193848,7952.93151297971,4513.04974248602,3441.2020431421,3322.41463924585,308.694759842513,706.229752780358,1988.55617585914,1409.70941108407,1018.19198525626,391.643672687686,578.698484646891,242.281251065017,235.232796213834,45.8152619394686,693.266310801501
56,CA-Los Angeles,22334.1872406006,10810.4519079669,5959.72412885052,4850.50187385738,3948.31394895991,675.891053940044,788.323716463006,2797.91323748638,2013.30763639233,1533.93345502364,479.211330100307,784.651751556609,256.87240773282,788.326696805956,160.450707016373,904.661733797746
58,CA-Modesto,2949.82649230957,8103.34609041886,4514.30420009642,3590.41038837659,3485.36987788699,97.9832078655884,891.85503439252,1909.93426807254,1362.1448663975,941.660415237098,419.901747869733,547.622700814274,267.759184505591,223.960194478072,126.367977670689,655.744957024692
62,CA-Napa,1450.91372680664,8182.81779268249,4390.48653610513,3792.17640005381,2867.59148664729,580.478532995095,1245.04369399113,1820.08951151197,1445.96762673816,991.699926954981,453.400444400606,374.227036873972,212.097634996033,363.06135676871,100.046579304946,607.637685335983
65,CA-Alameda County,3316.40769958496,9059.67760806708,5429.34820421016,3619.37035069181,3812.68271991411,245.269550659551,990.088542989591,1955.38672363786,1474.50422038739,1092.9672425069,380.66275296708,480.375353522662,146.180395089755,304.131040473092,171.405186053329,996.962524784159
69,CA-Palm Springs/Rancho Mirage,1736.7452545166,7783.94084916429,3580.8639299217,4185.94380768047,2608.23734633978,136.275448182395,904.868071045795,2552.00155026362,1661.08194355558,1124.47938965409,534.632521662056,888.988187321877,176.576535383943,282.525595198214,200.218060991431,476.759745044135
73,CA-Redding,2199.66276550293,7217.18426811634,3872.33893347165,3343.75149971268,2493.48717671375,455.353632293397,758.679869309192,1804.99053069353,1296.63664067184,923.872810345914,372.686048717641,508.240025160503,223.144835223889,355.769287594324,131.658525583656,635.023794537871
77,CA-Sacramento,7248.15034484863,7324.05970449088,4056.22190790421,3267.82571203117,2968.78960722337,95.210509792772,832.914745851078,1738.95848907003,1271.20695146745,895.320375907691,375.760660814404,467.751336232178,171.669965481531,273.00691661072,178.450217532593,642.764356545611
78,CA-Salinas,1628.49661254883,7789.93775715422,4350.2639786593,3438.53551335845,3208.63874740391,130.186838038947,820.118761894356,1899.50926317766,1494.46766026058,1065.81671889515,428.628889577308,404.564842991367,169.11126770453,403.461581854393,185.506383375875,579.427000737399
79,CA-San Bernardino,4773.98246765137,9702.09414144403,5978.36075356665,3735.86247113553,4094.81709517884,467.044502513395,701.8360040195,2135.48168288145,1611.36908499578,1207.42731673465,404.543049956255,524.493611838026,242.068133240405,452.13724609897,329.393198318539,884.565215025041
80,CA-San Diego,8753.97975158691,8004.05349984214,4379.6584537586,3624.43900939361,2799.73592247108,343.605760353002,795.023891868783,2113.91863098299,1507.59019660911,1061.87025518763,445.479070164938,606.240321128417,190.066618760697,347.253082485813,339.412796619257,705.419718761123
81,CA-San Francisco,4158.82312011719,8330.75982488263,4693.73949627803,3633.6858846386,3436.95646847156,335.010076241256,1171.70991560622,1836.34494017086,1440.22059634541,1047.78908716801,392.271827141569,395.311768328559,139.593197609961,386.950375107195,77.9301107668049,640.20265241004
82,CA-San Jose,3994.82482910156,8819.33980681757,5142.34232143442,3680.30357102592,3761.23046282622,146.0680676643,852.578004298339,2175.28387491149,1623.96332276014,1196.23989381973,428.370788707812,551.496035951412,152.853494836239,282.595769186845,147.741088341735,910.963164768857
83,CA-San Luis Obispo,1357.74732971191,6503.00373668921,3172.93503240564,3331.73760315262,2229.99391236718,,548.34619198478,2010.68305470658,1496.10449494365,1076.75358486733,419.461677240785,514.574422972509,186.84198069162,256.857739377117,175.975675614877,530.0226329851
85,CA-San Mateo County,2134.41125488281,7975.656548245,4271.71546966084,3704.87169871855,3088.79748618693,264.107940842199,1019.87010626467,2027.88790113452,1557.14612865515,1113.29342838429,443.849119716697,470.477590329734,122.533599758032,357.928458465917,175.476141813605,544.119557428361
86,CA-Santa Barbara,1865.66334533691,7188.01520902716,3479.02820242181,3711.3486584048,2524.3317560773,95.4391568059408,794.070536957445,2163.44150091605,1582.71911734954,1139.46453301392,443.36533531717,580.708338427,139.37963081189,253.693510181306,111.273477006559,596.399507848569
87,CA-Santa Cruz,970.747802734375,7658.71176865891,4290.59693074932,3367.63535196037,3219.26742972082,249.263214934765,653.613609085703,2052.19071532519,1513.55788289518,1098.20961336052,415.553710644772,538.636841124594,153.632667171153,360.414763073523,-165.543713324134,410.902331039618
89,CA-Santa Rosa,1648.4122467041,7183.93324418963,3726.85326392141,3464.53397558042,2608.06958394676,128.662248967688,910.241579716377,1905.70496402614,1436.13876983059,1030.05516427506,406.074996795615,468.998911777147,152.068427976432,294.802710134394,193.488139295114,590.674931229702
91,CA-Stockton,1659.41052246094,8359.75444562843,4851.73191367129,3509.94626655742,3232.50274964191,277.056702130797,906.024936043619,1784.97829476537,1264.25840594813,916.967235515359,347.357203192718,520.662042610834,239.68132768527,244.595631493662,108.056186007518,1069.38158134925
96,CA-Ventura,2832.82720947266,8671.66143652421,4330.16873689369,4336.5280399833,2993.53327484731,253.695046249053,762.297653819239,2672.76064334273,1899.42133343067,1390.2343400553,509.852319954928,773.068198885898,184.199118320986,402.86488932746,240.56600621517,595.008210251688
101,CO-Boulder,725.831558227539,9102.77742174522,5044.50241960421,4058.74773511064,3053.77000540294,-466.953613699448,1161.37405402951,1968.08841117972,1515.89302416683,1085.93610884535,429.995022538352,452.696973175849,419.042427072959,380.98009001245,-478.328378029373,808.059803522222
102,CO-Colorado Springs,3006.07669067383,7088.25507485355,3752.53463459333,3330.84570774303,2267.32847652513,636.634988906024,895.700227703159,1521.96006824994,1119.07439141627,744.438593370393,373.021143329278,403.038612969294,439.406649493079,330.49872170558,148.919406894484,516.372894436104
103,CO-Denver,6306.9029083252,8026.95739265633,4340.67327715932,3686.31153413747,2571.10549488895,529.084197577281,1038.93356434345,1851.89086617817,1397.69866749207,998.381475195221,399.302772588352,454.264426888462,355.758309750785,302.284949075865,237.247290464701,820.619588240041
104,CO-Fort Collins,1411.08139038086,6448.02975541592,3378.38808497859,3068.55918434911,2051.79644910942,308.878636065832,748.207657905006,1537.86244104421,1148.90587883002,777.049839394555,371.008667784511,389.07640979615,319.231362512079,243.814337890524,102.515156612637,761.330030279836
105,CO-Grand Junction,1180.74716186523,5873.07335682846,3181.41887241905,2690.97144325364,1832.1891385966,228.69732188509,941.941592838196,1066.58026814982,848.309607359529,528.300644180828,317.234198324834,219.113307653375,305.800141790621,265.843607351294,-453.425983308343,534.169067019502
106,CO-Greeley,1447.1644744873,7668.52081288452,4084.3452635982,3583.39524009576,2689.67873763636,336.394310181821,1125.53298606709,1626.14156697045,1257.68871663746,814.696842861199,441.027510901735,368.863115477355,390.627355187834,229.643234810827,142.307114150737,776.507072575317
107,CO-Pueblo,861.998550415039,6627.21613810448,3380.07183938982,3243.41486516253,2046.84082818074,-304.133466929875,776.762042763001,1498.26386720471,1121.01839538439,796.827432800818,324.079381459138,377.402766641805,425.673528540174,378.010396920677,-217.808019040987,622.87760786948
109,CT-Bridgeport,3269.40995788574,9273.57389118883,5161.30965801271,4110.3167811116,3687.76400710721,253.931270467851,924.81481005711,2453.93692971367,1738.94905524421,1266.94654375235,471.768428842948,715.36203473652,121.267592581419,456.729741063436,199.946019269423,783.833114810509
110,CT-Hartford,8517.81753540039,8241.06709361344,4540.0678562436,3699.95019634443,3029.16588252218,150.853990597367,1013.86942985448,1890.13566339607,1395.74645978212,1008.98925915329,386.721476087055,494.210310366166,153.530378978067,436.038169730335,148.080088597543,975.431107405085
111,CT-New Haven,7839.23622131348,9712.54828523145,5666.04214382047,4037.05205280688,3724.75888543467,307.945842563942,905.088330026661,2246.60638236552,1634.77397520998,1204.01974374055,430.544617667922,611.845009565136,166.862057088146,468.214715886749,165.979022787028,1205.41662556051
112,DE-Wilmington,4030.74412536621,7892.7823453826,4375.99441181778,3517.03132175983,2967.06219023823,259.869012331687,796.125740356405,2107.65660041507,1521.65645837721,1101.37308721071,420.150333366565,586.000595224848,146.81732178314,289.338672605868,348.546269326977,602.473084709739
113,DC-Washington,10197.0604705811,8173.03519860626,4617.16749841724,3551.72745556758,3474.19613468702,177.528736820978,929.701054232284,2125.78810443497,1477.91814284862,1070.98854296995,406.180791454545,648.8052558793,135.528840557251,194.874461873033,123.9836804572,695.509496243517
115,FL-Bradenton,1999.82632446289,7639.59984796195,3438.76899818361,4205.06179671869,2167.77483792831,170.39965158919,617.426996417626,2535.13613728797,1726.68911131302,1181.08257855621,545.060330866268,808.684970918626,179.888428022852,475.545834359042,256.560295358649,600.487622294106
116,FL-Clearwater,2996.90559387207,8697.41651249227,4340.13258976462,4372.02103244341,2386.45915145066,225.861844227658,743.767233759861,2640.90873465021,1924.31206275696,1382.57113993572,541.749273722332,716.585359144581,180.460373944146,585.4820612091,543.301801038025,848.195689986162
118,FL-Fort Lauderdale,13675.7998657227,9816.31189776454,4278.44218334708,5584.19806395756,2661.56485572066,307.608664137142,902.850122082254,3502.74879036178,2363.75622461617,1629.77798843312,734.383072853982,1141.95452436455,203.858128845717,725.27719345965,369.535438389159,646.634517360786
119,FL-Fort Myers,8644.05953979492,8243.22559427838,3823.51080020104,4407.32099344048,2450.03271768894,176.758814924308,668.815615948513,2708.65069022233,1831.22284023342,1190.86662152458,637.301979888107,876.361156366255,168.67477904758,358.296373592025,401.415467501433,598.906868360115
120,FL-Gainesville,3054.82702636719,8356.7203332168,4471.12738061962,3883.94838749227,2846.39209057195,238.956798615973,809.701263924467,2150.33797127899,1480.04197557173,1020.56502385358,459.262108669079,669.734413372983,286.185322235514,324.252472760274,360.283595409445,854.528353899069
122,FL-Hudson,2772.15684509277,9057.66613599499,4373.83966612566,4690.98954457596,2666.84835527736,347.402929257349,620.77785725643,3003.46573393187,2128.65922774189,1563.88885431287,565.334321652172,875.034425521598,199.771686021085,553.840082658266,369.107952940322,725.410760099477
123,FL-Jacksonville,7050.56784057617,8732.65832154049,4534.76416165508,4195.55474516073,2825.55775699208,421.276033658045,842.191290949234,2442.55538458745,1773.53171417377,1282.45438589766,490.949537349016,669.012714297772,258.210834344916,439.954150422742,307.687495458586,748.886396827007
124,FL-Lakeland,1801.82641601563,8799.45571571026,4936.28144683374,3865.01754987062,3031.5352126414,186.315654289039,546.002893774468,2254.51470570058,1536.6759853753,1068.25238355342,468.023189376648,717.220303175991,291.795175759488,511.024924958708,458.964623359165,1011.36196974927
127,FL-Miami,8330.13024902344,16351.0945460609,6028.24812199243,10382.3260938311,4065.37086869276,573.449199473176,1744.85618862304,4518.69658929641,3003.33541814777,2212.11063107476,790.190283269134,1517.61343233916,1485.09120661131,2262.37500480481,368.940505795502,779.503738825539
129,FL-Ocala,5464.3203125,8097.31999647965,3989.54449667243,4090.16738012836,2634.70325288091,77.9211514741109,593.390095457334,2568.36127200062,1688.67956011061,1143.36060849631,543.071399067917,876.716625897039,210.077856541206,423.534038475403,251.297830691213,816.981189160376
130,FL-Orlando,18122.6138763428,8587.9022495658,4275.94810636015,4307.18232438499,2750.00933606666,178.371377231316,745.35874699793,2578.53436332249,1788.91254347372,1263.41654685869,525.288012016232,789.277893176157,237.695492550232,436.563364332935,330.936704331589,817.663917016124
131,FL-Ormond Beach,2469.74440002441,8298.0554976748,4312.68847455491,3982.17725405416,2614.52211354868,251.909400490912,892.073675333,2255.26347485648,1539.34657791711,1089.01555296175,450.126334019608,715.257487226856,190.100413791534,399.771712360743,437.278630285053,828.402313571007
133,FL-Panama City,1332.49807739258,9677.95087314914,5452.99671078635,4231.76995143084,3285.72670467703,657.571676245806,977.820595974574,2250.54023580355,1673.67493313338,1173.36206550089,499.823768260578,577.372328541949,285.242602086782,428.15699196596,638.312498574468,637.18319434762
134,FL-Pensacola,4402.32600402832,7945.7357206497,4228.39499739514,3712.80824202927,2699.92492800538,206.896556291253,865.694619999057,1962.86539568262,1459.64977515447,1000.72411907677,458.275007184317,503.625938739889,227.286486661758,352.327812267255,574.002150273148,609.287483997182
137,FL-Sarasota,4317.48829650879,7466.47772828345,3091.79190641233,4387.38635746073,1929.03474792784,244.867483308081,698.825233334423,2611.11366327866,1764.42929041568,1183.23680645125,580.151802733353,847.339962577957,153.698442641587,369.857391096413,211.737319971189,540.269310908128
139,FL-St. Petersburg,2112.4084777832,9102.54867038723,4715.46358425969,4397.00382225772,2694.30226298446,315.505953868263,734.559173588165,2715.13289404494,2060.80628006466,1526.61552376507,533.500539447519,653.146518976652,205.056340564481,475.222203465005,505.367599146252,913.307914723977
140,FL-Tallahassee,3450.32484436035,7256.68888752871,3973.01695186653,3283.65170789177,2392.3107434704,383.394766360763,950.251390266307,1582.74999586051,1123.9988080589,726.658473604532,399.604013308724,458.826737666338,295.09660369266,275.710838364922,382.087067690001,683.550620613471
141,FL-Tampa,4277.73323059082,8991.07728496869,4841.75898223807,4149.01027881858,2864.14918017526,245.32567741729,739.820965039904,2353.47253099395,1637.55848626121,1153.44833697461,484.039975388296,715.641422702956,204.075631980414,618.863956930614,680.6539256721,804.079627024555
142,GA-Albany,1036.99755859375,5950.41261496176,2907.32214719095,3048.25788495376,1972.95399883532,251.646054418789,1122.23246002083,1263.33052671282,918.638203552478,573.058774833829,350.980544061417,344.70640165596,229.916766435217,253.40108492103,-322.843187477485,231.200480201175
144,GA-Atlanta,19941.8609771729,7363.41157644451,3869.31499392451,3491.53858459608,2531.22732302857,299.619261831277,774.304767708042,1869.61037834025,1321.60422623461,919.916451349258,401.996261258194,547.81363934225,259.011221719716,384.429571334599,325.896699435977,525.49896400794
145,GA-Augusta,3305.82373046875,6971.26279637988,3847.34531702816,3123.90239533311,2539.54513815439,457.957514845328,922.75148215442,1533.54045449152,1108.52027353867,736.488341431774,374.292630458984,425.052281974904,221.545543125086,258.17188391428,193.971186862584,511.067603652839
146,GA-Columbus,1528.74377441406,6611.79827965443,3497.81474783258,3115.67605339475,1985.43866614281,442.554882887952,890.007901375358,1614.21937254626,1132.10524087975,757.815179191406,377.116984759052,482.55122769152,189.673407207682,224.335520825436,577.983665748199,363.487290824896
147,GA-Macon,3628.49014282227,8233.39797121263,4558.35322946111,3675.3280125874,3058.20180391896,473.198767912077,974.030886014468,1817.91167604541,1297.7613678716,885.628399906478,413.745799598752,520.174816574446,335.683008999499,303.143031059994,307.97013336177,556.56153476203
148,GA-Rome,1508.58082580566,7588.46388305013,4339.02599991774,3257.0944158175,2897.35419679368,392.116488646548,743.464255342162,1657.62520887647,1142.7798024954,743.537438880865,398.17749919849,513.952635787235,254.961262951896,468.387810741412,326.187034264238,534.721175736203
149,GA-Savannah,4204.8257598877,7643.76027977583,4097.03855246146,3546.03417417622,2559.88134240569,467.469429309191,843.727794622111,1952.19808172918,1383.59347343516,955.638023830707,428.721556091681,568.560531093119,271.998176201975,278.655581560876,442.088105145333,465.595732094197
150,HI-Honolulu,4392.98770141602,5310.86037865708,2732.16628122242,2574.64128951063,2049.42306178274,152.62380261326,800.763681293057,1328.5074269524,984.727012654769,739.234260880062,246.43037458131,343.921829942667,102.223155425248,112.510157704989,133.185038571776,327.096976181754
151,ID-Boise,3285.15704345703,6523.43899600915,3538.51180235051,2984.6839054962,2209.09630802025,475.080011262979,1177.84954128725,1181.52941118127,898.697924347471,535.360338471952,361.100037209352,283.030762756541,185.236759086787,306.845080064882,203.421794635804,490.775595322849
152,ID-Idaho Falls,950.498550415039,5923.56794255492,2810.74759881303,3102.86215964808,1674.23086864127,312.480617740342,826.748060842165,1406.9442137629,1058.86063497167,720.552443858884,336.972663681552,348.543470793396,288.38075051827,427.894385112966,-202.536173696572,491.739608777385
154,IL-Aurora,925.831527709961,8944.21458769326,5096.84273319219,3853.92422336267,3361.89152240384,448.649662739323,1106.23908459852,2014.88374003052,1495.18147525809,1073.72336011399,421.535045792255,520.03415385979,135.174583903343,296.307099255648,-186.77647666902,935.277706953033
155,IL-Blue Island,4519.23979187012,9846.11458199922,5889.15338849108,3950.09213647856,4036.51154827882,318.478177056095,903.757149127743,2265.75975468558,1718.39013788325,1287.91721471508,429.163478561599,546.89173907567,172.999097190992,526.676326085863,261.818558061545,973.7826526082
156,IL-Chicago,8867.3077545166,9662.24171817652,5663.63675656499,3983.49248998139,3837.30846479898,624.613110915967,924.803837608058,1934.77279050192,1513.84602680083,1144.27849363034,364.402418284249,418.69325964177,171.378497713384,809.046431846505,166.845365263713,777.467555890374
158,IL-Elgin,2704.74433898926,9518.46366871994,5701.45550321937,3826.20422065088,3647.97850960137,487.797951738107,968.760992580993,2197.73958304812,1723.53257353084,1296.10008261798,428.790652279578,475.332481020099,158.036481156231,387.864652933316,321.82643909284,999.17441138596
161,IL-Evanston,5645.82402038574,8764.31998834431,4724.88236645226,4040.67424375069,2939.89004497177,315.932755077293,1111.87875199307,2284.78748344317,1703.95106082153,1260.72227130074,443.296703950642,580.516427332362,132.153716693616,397.344471988544,312.431470773301,917.476775842045
163,IL-Hinsdale,1843.32901000977,9275.74439724544,5567.757801515,3706.13463713848,3513.96253670472,617.824687909678,882.640838482046,2184.03818265072,1669.71612078049,1206.45056151194,463.313928002628,514.311739420672,131.119202364593,409.636963584529,204.712708904822,960.506276141732
164,IL-Joliet,2881.16061401367,9606.08211861017,5805.66653460791,3812.04605852691,3934.77322991878,472.259108722695,879.026400613083,2243.00928793355,1731.64978135829,1301.72467604985,430.720776943283,512.091856267318,177.074896731939,395.180181015157,319.963333757565,810.029458360054
166,IL-Melrose Park,5920.31985473633,8553.93517410495,4861.29559255443,3690.49869546491,3196.20020494823,410.224252710798,1011.94497846879,1968.87632708315,1539.2387118696,1108.59533069061,430.622228059032,429.163029295975,153.51430274278,444.915038616594,170.180045987914,836.861739252526
170,IL-Peoria,4035.82551574707,6846.54319281915,3862.74803798667,2983.00338340441,2688.37251467454,262.078543241642,1016.79272399487,1432.75102218431,1141.58564348644,793.560923398698,347.790326251493,291.046102374,161.126557539895,232.411575891961,75.9242547483696,685.665714723968
171,IL-Rockford,3949.90625,7553.06643334149,4296.1207673832,3256.72552431912,2897.69297693321,378.038482778922,1073.8553261318,1594.51680608702,1260.91719142543,895.563204086327,365.278706807443,333.659993647067,180.356030107537,269.587816521832,136.132822161544,729.417512390103
172,IL-Springfield,5828.40765380859,6901.6300225425,3673.23009657462,3229.26975716664,2373.76113859671,371.37523050886,1128.74149792486,1514.62581091572,1165.88583339152,820.256952219757,345.502600654897,348.636771825853,200.726597894173,201.86605989988,77.1983442079296,720.27150608036
173,IL-Urbana,2358.1619720459,7482.51472447316,4186.79304388281,3295.35062337276,2870.62659988168,283.087508228647,1104.13138983855,1594.51052825627,1145.70475431569,802.234713429798,343.407012668907,448.80879596048,191.550941162455,169.223672508429,163.653720666469,765.418505640654
175,IL-Bloomington,894.164840698242,6750.20981921702,3547.18830705699,3204.27736710343,2640.51045673984,219.88773857348,816.361428965652,1741.57113921996,1305.54960787226,886.079700575523,419.038736528646,435.917221225317,149.353749945634,171.656278925745,,475.921807956639
179,IN-Evansville,4329.82577514648,7568.23999248489,4263.31343185209,3306.88882035349,2332.63740820831,707.40788926045,1047.62676056911,1518.55601899678,1204.35103603756,872.185453285668,332.331660123463,314.787399907223,205.313886649395,360.843785696925,195.314464485089,866.940475075034
180,IN-Fort Wayne,4439.31922912598,6921.74905044344,3751.01951689158,3171.12516733912,2178.08163607385,439.766881534064,1025.40103967553,1556.34496116984,1163.38552279695,812.711741694578,350.573136814041,392.885687866611,186.373175337006,176.272237508312,195.724346437472,837.076094099592
181,IN-Gary,2922.82897949219,9158.44011314019,5414.44050428101,3744.6635263078,3543.23200131347,667.971514641619,949.771816244244,2000.01927597651,1521.62867391093,1147.5076280439,372.898981414727,478.263282208329,192.335644018183,463.25547092476,135.813200653752,845.568488600495
183,IN-Indianapolis,14148.6392364502,7509.00632011306,4142.4243620133,3367.04253640006,2447.01952889584,537.833685602624,1126.87611108298,1601.71868440577,1194.26517837877,823.478171731401,370.599068985667,407.568432185063,211.291757632107,247.642004282652,213.293475542895,810.107765109831
184,IN-Lafayette,900.581100463867,7345.81925091697,4125.45623607604,3222.02611475671,2321.61151150298,740.242632386839,974.942448546571,1638.20118337672,1211.2134109174,835.418388843803,375.068647522526,427.138773588872,237.826628806651,116.593437281108,-183.204093415612,809.529809070935
185,IN-Muncie,1093.49847412109,6904.48731954328,3510.45474570477,3390.18376221498,2158.27598650677,439.384429866466,932.814608261728,1710.73651428317,1267.55922143167,927.469670680972,340.42017271984,443.366481461254,261.32346559466,160.351323673789,-140.794820687274,691.252370005448
186,IN-Munster,1745.9136505127,9445.69804278993,5480.17291885858,3963.83611388723,3535.04788951322,833.210308843947,982.36012475292,2149.16937492472,1631.80661572719,1273.90463694924,357.047240440869,517.110249658433,169.982201086265,607.063780768136,148.727359031198,677.054091031775
187,IN-South Bend,3693.07206726074,7508.6166046209,4077.12464635474,3431.5668273458,2537.27079278365,440.87705865234,866.70896545783,2014.06183975903,1599.43147538473,1235.56120444426,364.655067335123,414.582223472944,177.629416510061,221.334864591959,211.731899102468,745.21839265674
188,IN-Terre Haute,1078.83164978027,8552.59659928312,4843.58406086037,3710.73966770182,2816.08495242704,701.387547106098,956.785092112254,2214.8042295659,1597.93852373028,1219.85333958586,379.279082094222,616.769870250893,274.550787184866,192.48719998286,-283.341532149947,920.110700298589
190,IA-Cedar Rapids,1562.16296386719,6054.18332582964,2988.44172501335,3070.01541237377,2057.70601647475,199.636871807291,1260.43673934825,1344.13742516145,1020.62732938371,706.785219800984,313.622751670879,323.385266033166,190.973083909001,128.139216268073,221.11689326485,434.192205724738
191,IA-Davenport,3004.57719421387,6993.62883147223,3889.59471806864,3103.80745276775,2750.49620814073,219.071222435044,886.684274316635,1624.03909678163,1205.32861854512,840.68967210001,364.401364351125,418.719008906752,201.191212107493,256.138786126153,244.439718115991,522.989276806002
192,IA-Des Moines,6090.98747253418,6335.04428519038,3417.08342598477,2918.63304804504,2172.23697070867,374.195225741305,1012.05909744607,1418.30677275248,1050.21315684677,720.791302769583,329.202377927512,368.035113280106,218.582167512361,159.000379878579,254.321983909316,523.023921217122
193,IA-Dubuque,596.081298828125,7857.67754009478,4321.3445084215,3536.74673206349,2608.42507596612,-684.901964758667,1216.63576422165,1652.54048661227,1276.17017025114,924.044922064984,352.332206960972,376.868440868961,249.129746139544,283.822488881347,-235.552764788342,612.522354548638
194,IA-Iowa City,1785.74659729004,6044.90185431451,3293.94796866555,2751.08581885702,2241.96098780649,329.423555707765,1060.45156380046,1216.23752448961,964.641905148905,645.5464267814,318.907948265274,251.234788544617,173.619632860494,168.531855309351,233.021801845888,402.030409657586
195,IA-Mason City,1183.83113098145,7061.22168029958,3837.05061652977,3224.60883017572,2691.65465577439,299.873853678762,1616.15908464249,1161.82464455902,902.94871040713,561.056256362212,341.451667360901,258.409241898844,197.814692648581,134.965791286476,-241.094883766277,513.729884398998
196,IA-Sioux City,1653.41264343262,6705.86461701196,3496.83342840202,3213.01022429692,1982.78711160897,615.672753597123,1271.07157612381,1374.47254327662,1078.6804943078,736.541385677571,341.809308842086,295.315218263037,229.395989851957,114.971696785819,258.621694585481,555.987932967351
197,IA-Waterloo,1171.99705505371,6670.54898155485,3499.20101629695,3175.39971229474,1923.36161928833,439.617326810103,1477.71704791463,1286.23467739469,1005.33285074665,685.016489634353,320.328888243849,280.236877013228,238.68346326145,107.450104181435,-396.354095521538,634.671949882245
200,KS-Topeka,2525.91304016113,6292.18596863154,3406.70255025614,2885.60477684567,1866.11052760353,632.526306909777,986.251930345138,1386.14498017853,1036.91132969231,693.90893864895,342.486229462916,349.219897149013,178.068369897472,123.505979212485,280.017656593127,564.883437733562
201,KS-Wichita,7715.40231323242,7654.90623449401,4191.22834630533,3463.56537252834,2469.3092910327,678.823505184138,1101.59705542845,1735.36477833581,1287.71199547055,898.801871506195,388.774777423782,447.544719801406,216.854901685253,168.251136082956,308.919352354512,630.557614988956
203,KY-Covington,1577.07977294922,8034.06382490423,4634.60615665503,3406.98709130275,3076.89754765251,642.999016609683,818.773708964911,1960.67965745128,1466.15420495669,1104.12233531885,363.234954327983,494.996969784327,196.324633391811,227.192537415052,222.141393759897,544.841921207398
204,KY-Lexington,8003.48190307617,8622.35137386358,4939.19152589596,3691.56023594905,3172.97879732026,617.800180101988,928.451098428887,1654.37996291081,1186.17547283905,838.550446092643,347.431030376544,467.952999791424,297.337511423856,559.084812264209,308.242055659865,639.177058558913
205,KY-Louisville,8873.56394958496,8145.01789562136,4577.12083378772,3569.72225693775,2914.30975503609,488.832852771388,1005.96296747533,1753.82540428714,1300.38658507957,937.582164302152,362.848783246053,453.551335348192,245.341012671845,351.446487066259,160.837796868267,819.463056824521
207,KY-Owensboro,882.414672851563,7227.96526037455,3909.58066669407,3317.50569622011,2711.21183758745,331.575447049705,842.202005353089,1775.28897768544,1189.0725584163,781.802735431868,406.286860271929,585.316505070508,251.06366097924,270.7620416928,-52.0283851777705,695.276762968598
208,KY-Paducah,2666.99534606934,7860.99899274902,4451.64938431817,3413.63314460084,2865.28766342343,450.500241438518,970.301315378096,1706.66968270533,1308.67334275319,921.865896681303,386.481325913261,398.802448079767,230.859667647836,363.58789090644,73.9579624041388,863.339497348588
209,LA-Alexandria,1735.41346740723,9354.39612421475,5228.95538163734,4126.67461109639,3235.71354096957,1017.62386209529,881.252734396534,1674.517623278,1214.46242773963,855.242515320322,359.489260589703,460.045897957515,241.661714711871,1124.70358326296,179.880862393045,538.16141332437
210,LA-Baton Rouge,3189.65312194824,9622.96907738677,5088.26968061071,4536.7386649436,2735.15707783117,1286.26968950352,899.361022499832,2172.78266817693,1598.34671411862,1196.92509824584,399.114783552552,574.311655697852,254.785672115557,1016.24062493199,186.801525073287,557.478542652529
212,LA-Houma,1300.99241638184,8078.34423738855,4111.22457564933,3964.58542417652,2464.86959668497,740.488020568299,1027.47821209632,1849.47162365709,1280.777534197,903.885634088902,376.958359884786,568.479490947256,233.173031287556,613.451771776947,208.78383506052,485.164882964336
213,LA-Lafayette,3089.24354553223,9190.05785151124,4939.57663943177,4250.33508589393,2964.19795584582,1099.86941824465,899.064682145135,1812.31292968544,1287.66775153974,947.610535752759,339.411076133933,524.687066976044,259.907167718351,1053.03249988231,64.2583449386158,554.566737213367
214,LA-Lake Charles,1360.99691772461,8325.71725901539,4507.78445775068,3816.82109155486,2646.46101688217,1028.97841313725,891.328828906003,1808.63381097576,1298.09270987151,923.575496588635,374.537897932067,510.375244268365,233.919627654533,798.137892622146,246.345633096734,354.802176700468
216,LA-Metairie,1766.49507141113,10287.6404144867,5595.23874107194,4692.43965892345,3398.50153802296,1132.96565348081,1136.21567335406,2113.79832873178,1584.91945187886,1119.50792182972,465.56267775686,528.804318303455,258.309141048646,1141.24437889598,167.707552976795,539.532055999931
217,LA-Monroe,1596.83058166504,10007.8449368429,5138.88050417847,4875.96688916016,3110.48185729457,1107.63818947835,1138.31263868183,1839.67124199419,1283.11218051261,886.930549133537,397.64251219221,557.272518121552,316.085332396984,1259.80807229054,135.442743144394,525.32576350258
218,LA-New Orleans,1380.07818603516,8354.71537787224,4591.89521326171,3762.07728907517,2738.77171283864,936.786909165889,864.408749850698,1830.12273031102,1352.02819984786,999.330334793537,350.49208797746,477.807674193671,189.89457965268,692.777363978175,237.118852088034,488.772790950468
219,LA-Shreveport,3885.74272155762,9494.50479318313,5584.5832823408,3907.26868082808,2773.67964671548,1516.00538947227,1025.24088211341,1761.59230112421,1248.28207866971,859.305650452874,390.386028276262,513.490550344428,219.155243360971,750.064168159776,373.161162051348,699.357824812299
220,LA-Slidell,708.247268676758,9736.76084578283,5624.71359623471,4128.03987740156,3301.63295498219,-1168.97144119868,955.145171424054,1948.59228327559,1444.99776647097,1000.24969459768,443.985586925937,504.101318761608,258.735577561677,706.393594972881,-304.571298564795,612.201066019529
221,ME-Bangor,2799.16180419922,7654.54795979021,4219.55779432753,3435.92114938438,2388.20448326649,749.699569034689,1727.21848233856,1092.23026349363,814.643839355836,511.144902886289,301.592316941451,277.785218957154,187.381925652234,301.781394690414,58.2402425023914,855.613176217313
222,ME-Portland,6707.15719604492,6782.80346436914,3657.98443358681,3124.24900660945,2341.27922109603,288.777981053011,1127.53601069748,1369.08788237003,1041.51250201971,736.382690758191,304.944890504637,327.832070158459,148.26766458331,382.300493091276,117.412619275526,708.057395047016
223,MD-Baltimore,12137.3868103027,9657.82793361417,5666.42308684036,3982.69186249463,4579.36785573371,82.6732161578358,1260.71772672914,2113.7790228321,1491.52957608285,1048.02130014082,444.190078235801,622.791139162624,167.098420954878,243.857200651574,132.824656019867,674.403609532097
225,MD-Salisbury,3204.41151428223,8078.85232404329,4372.74759178154,3705.16194280919,3224.44455898731,256.36025918939,1074.15243023477,1912.50117047106,1432.87243960558,1024.06879933361,408.801551794,479.896391394221,176.764652516167,244.234244396242,119.259061678628,579.019363657401
226,MD-Takoma Park,3027.99348449707,8376.87712106625,4481.36308576648,3897.8592084605,3352.98290487333,174.386975739548,843.04906962222,2506.60713025697,1678.97759324589,1267.68770123397,408.176450987887,829.684128965365,136.645278384761,180.451042220507,161.793351819856,635.807176597006
227,MA-Boston,22368.5332946777,9526.23803523787,5517.19128756871,4002.81435566008,3366.09645906328,615.1297309013,1243.54764640332,1865.41109810068,1364.56349526624,962.742840789395,401.839255046316,500.807602757753,135.143092133608,623.250157475688,175.969043889608,1034.17620004292
230,MA-Springfield,3595.99337768555,8294.45680954542,4761.91974442058,3524.85298771773,2975.13781306847,484.286386095641,1048.34823388938,1760.96258611534,1359.81025911064,998.605427909055,361.005548162923,400.283810229991,134.814080009387,405.308596479355,207.113473006901,869.100854202241
231,MA-Worcester,2300.40965270996,9961.16433475877,6103.78049635469,3840.8309246216,3737.70495231463,715.770124441288,1217.92657335557,1742.71518998629,1298.74998201666,935.459496061924,363.279309442941,443.746800326211,160.28245801148,521.224330975444,135.428852492026,1202.07367754152
232,MI-Ann Arbor,6802.4878692627,9001.74788366188,4869.89482361278,4131.87354843364,3302.19067719487,399.526748824957,1204.05196414464,2125.40597871111,1600.63962518801,1111.3844619796,489.256610220654,524.704103327428,212.752073907208,464.224469037411,184.356141501665,747.533274698229
233,MI-Dearborn,3104.91032409668,10688.9282992773,5996.59354460977,4690.15002614183,4274.68295756547,516.515223009115,1068.00897679718,2613.35422999975,1895.39744211263,1317.75167935694,577.526432163956,717.99218167349,207.331278451272,586.521001375412,168.880733583857,802.614300862396
234,MI-Detroit,9440.1467590332,10080.5264515147,5295.98139403555,4794.02732893178,3758.04916624005,470.121046902411,1068.59287786716,2699.93470830374,1951.69265306787,1382.88639960168,569.780079630917,748.576190740606,236.98860907341,669.083845830819,152.319437988066,658.594132768761
235,MI-Flint,3041.24456787109,9099.81286119656,5072.47822057446,4028.57456496186,3671.58930122669,393.382561177648,822.663824534497,2371.50331384174,1633.95552525531,1192.009814,441.92656934382,737.178964675305,232.57557097044,502.393406234965,186.751181930083,587.936697600385
236,MI-Grand Rapids,5330.06442260742,7380.27231203279,4014.77806334089,3365.55729066431,2830.62584599686,238.211943324762,1036.43824403247,1624.47958497981,1241.40220617162,818.366239795353,422.383656653482,383.060349151772,210.214427335599,364.301951854255,218.651217568228,544.566367135997
238,MI-Kalamazoo,3594.49092102051,8007.5471101808,4598.2103202874,3411.90525119245,3095.50831251551,480.980930778257,1147.8938185574,1642.64111357788,1256.02842676121,849.642562699266,405.762661611473,386.932407193478,203.976355500798,294.636610419818,236.514007871795,597.201177863211
239,MI-Lansing,3501.40975952148,8186.30155809798,4472.8974188644,3713.41576681482,3000.47978866265,559.693298525995,1205.4122103482,1822.39106267793,1323.66684258983,913.318385293088,409.870562695499,498.701449279517,208.446039844175,311.979257633771,170.980767741521,568.933975252839
240,MI-Marquette,1520.2470703125,6105.6231993996,2898.77025619828,3205.00033731364,1817.76973082476,427.611662854872,1416.76711009911,1151.37222866659,921.666028709448,621.64613840224,299.247139101726,230.009835610412,171.71492580842,456.06647295763,41.9061409299436,443.857125184454
242,MI-Muskegon,1650.74584960938,7660.12208574374,3979.25317779776,3680.53919971107,2565.21197049041,439.388370050532,1397.91072229096,1591.89731636368,1285.63881390464,882.246298866378,403.170620120694,306.281283016959,204.208923887488,431.677496957236,259.704192108913,495.429423424325
243,MI-Petoskey,1310.58152770996,6972.73798645456,3534.03368112215,3430.24428036182,2380.00900627768,343.767135507909,1206.09428155954,1624.0656966966,1213.84821416829,770.040984365606,440.450569072108,410.63202393937,166.310313634606,341.770045341652,280.904349441791,363.221295670172
244,MI-Pontiac,2113.66189575195,9443.77116871554,4929.93050769911,4513.29266441614,3538.83435814717,406.375295638978,1049.58454971013,2629.7377295107,1893.82331861935,1386.58824106685,507.39094381269,735.895938385663,197.100313576807,548.234501099786,151.924492936701,552.633463086207
245,MI-Royal Oak,4005.32496643066,10160.8732405056,5411.11468822788,4752.76534136523,3881.82337651509,321.062046112776,1013.40502761371,2840.21133743369,2040.09540730739,1449.65198067538,590.56542385416,800.357031707011,197.267448327218,566.615045762168,191.966309380621,740.80935690154
246,MI-Saginaw,5001.24197387695,8572.47531448119,4745.54263120553,3828.12078456414,3130.04850734569,511.566394645156,1366.3071270683,1749.26251020294,1312.16961042931,867.173862434459,443.727531191006,437.406075209593,215.079644209517,401.07355567391,273.729137456515,626.452931121673
248,MI-St. Joseph,1016.49746704102,7577.23379800432,3931.10910909179,3644.44896676425,2904.95826508916,326.811230041319,996.25722884984,2055.87613044069,1570.15135165057,1114.55843429485,455.642348909505,485.86151805818,189.774720564572,349.667033320663,-51.9650243235576,446.940349703433
249,MI-Traverse City,1821.41424560547,6610.74343200467,3239.68162590431,3364.21485213292,2376.07899288103,117.676616233013,1097.4981327064,1589.42033440706,1239.57773848116,858.703369373492,380.051194128682,350.541550823393,208.86293178689,300.26799731841,184.394704087526,388.927318357514
250,MN-Duluth,2138.24465942383,6589.34710061233,3813.98552173658,2775.8114217629,2324.91046438163,438.272938357646,1067.76962869289,1216.4052943307,927.304769314602,636.115344196383,290.708188257018,289.194001793611,130.488932809488,181.773144485722,119.506535505001,856.528959431476
251,MN-Minneapolis,11274.3827362061,6705.10189071365,3792.31114070139,2914.73992994903,2410.78135053594,442.235637952829,1054.05054875689,1383.25975473513,1055.07873078908,727.135509752111,327.317321035629,328.488276914919,140.911702168267,165.148038677474,156.481867865721,693.762664310137
253,MN-Rochester,2414.74472045898,6687.97681606296,3902.77880583107,2785.64404100784,2740.25000869681,322.98435558007,1223.72276206802,1173.06908920281,838.677283038342,554.055262979399,283.831418086631,334.362655678669,152.270678862327,54.453088102439,114.323196949482,696.440747362715
254,MN-St. Cloud,1086.57972717285,6375.00571451767,3305.37970851825,3068.84281358965,2055.44615867977,431.418718467403,1225.66881262115,1346.99412537226,1045.05031142166,705.206475228878,339.036545987678,302.134346677362,151.540995678423,177.641526708906,-98.1732453149572,644.805402113509
256,MN-St. Paul,3149.99102783203,7244.41294586956,4236.99709233859,3008.47276097828,2660.50169330631,542.126152961891,982.587039887115,1491.14170693651,1125.7499705078,795.252416432176,330.305105780489,365.512043250129,160.19932767293,213.005926073421,243.693807389273,675.019964847196
257,MS-Gulfport,957.913787841797,7677.31098272377,4432.5873512957,3254.93427310871,2617.46862601018,607.881751633407,747.145597297359,1664.15844693042,1203.80275511135,849.597782581553,354.066736559674,460.239561566887,256.613078284255,418.083718586203,-420.660239223952,584.357172164861
258,MS-Hattiesburg,1679.99600219727,7612.7495768706,4182.23934054078,3431.15764431634,2766.63435296469,478.276051584509,826.084199429755,1688.90039066733,1157.30881090424,770.186854345545,387.579758166397,530.912913475974,279.774787202874,470.092267330623,344.375970758193,373.668136503877
259,MS-Jackson,5279.06634521484,7947.55586537968,4521.94698852467,3422.15266417654,2389.74378732063,761.534067054534,967.027355244203,1412.27588479976,1087.26551670417,773.714256001155,313.79654568536,324.297263043389,259.652766191559,625.71154144832,446.257932442623,718.703848068467
260,MS-Meridian,1259.24671936035,8140.63337064517,4902.61583674441,3230.88906881425,2210.62967569527,958.040763666701,906.144619661203,1541.5238764069,1135.1753111319,775.833178360818,361.025539168664,406.247627829648,209.357780051304,383.795734506085,1021.08386373995,618.844861818314
261,MS-Oxford,842.330032348633,8159.81718906167,4560.21221158395,3598.28697391602,3084.37019689156,-447.598095223476,999.98598484279,1600.37373378816,1214.84397545299,871.969559689945,342.73502766778,385.198402641797,226.846652227101,635.432266367961,-170.004145114552,612.334753234612
262,MS-Tupelo,2226.40882873535,7279.05534915941,3906.7372071915,3371.37852024688,2454.02008179278,227.412767559452,966.091062467402,1489.80123151181,1127.58152540445,780.373015504182,347.459359361799,362.4121803523,297.862761605575,468.086813240883,377.114173132031,682.700614745381
263,MO-Cape Girardeau,1857.07971191406,6988.53489001208,3598.64303678115,3387.92337837737,2396.88810346511,390.142562956427,1220.4456182733,1519.97094156127,1194.40855594251,844.924529148013,349.414635911886,325.880823376601,259.792490268847,218.434791453974,143.807939789602,528.21174091039
264,MO-Columbia,4267.99272155762,7315.41478174619,4223.10403853378,3093.60608931584,3076.2616531651,304.400031471285,963.553079782475,1496.87117503851,1084.19557058317,709.428154754022,373.727187741074,412.653403994609,245.995775566365,233.772560765238,119.065996486891,582.97512064736
267,MO-Joplin,2352.57843017578,7485.7506373693,4461.94227230311,3029.26175970853,2734.99204478515,588.657235298374,960.3550574396,1354.00762275047,1027.92644192038,683.914464306179,343.009149013655,326.3572799512,289.064442697984,365.164564941119,188.176773676383,760.511245505643
268,MO-Kansas City,10816.3934936523,7603.67936143312,4223.12885673912,3380.28573743326,2621.48628877428,450.459999016319,973.984252684268,1705.33233221823,1243.62319028827,856.64564742633,386.920791679501,461.70847543898,231.514751831585,299.799844470444,286.290891436912,676.582393123802
270,MO-Springfield,4896.65519714355,6694.73390494656,3611.21582595123,3082.46324059215,2412.49429934914,256.63373216952,1114.20906929995,1373.85493560282,1020.44167328428,667.083898831444,351.593275028973,353.607593780581,221.566103035885,277.852408706524,226.246725915729,577.131439538916
273,MO-St. Louis,15963.2961425781,8305.65229275056,4658.56782681435,3646.99962709465,3129.84327901624,429.328746702763,1057.46719648561,1862.94600254358,1418.01751028901,991.48251038679,426.64331251365,444.887752385437,197.139688357472,352.246450006861,174.307197161975,730.146140715511
274,MT-Billings,3289.90766906738,6331.83735099938,3231.06920445479,3097.11721946226,2082.17572300302,442.569127753969,1311.11495060131,1219.10570946639,965.048512024892,612.540788371031,350.565920886985,254.629458293093,233.875065095054,137.987076220005,175.071181067554,450.241904413035
275,MT-Great Falls,949.331329345703,7446.24705568222,4337.99406573393,3110.04622762096,2678.88969512718,491.648366428429,886.588089970442,1561.49300674813,1244.38942590175,866.055438044359,377.800169192406,317.540609098538,213.34600686652,203.641222550941,-85.0905322536759,949.096844303445
276,MT-Missoula,2242.6607208252,6080.40046900084,3243.61646338169,2835.52606813799,1962.33703049416,473.05610593148,1000.68066637714,1301.51353801659,1059.25970850503,724.819087840656,333.543184913428,243.210143320452,225.757848024331,174.342167838264,169.829098961102,533.629148774133
277,NE-Lincoln,3488.57659912109,6932.75845071027,3594.95846716052,3341.72855986095,2029.73163868303,693.633993048095,1256.98307726507,1552.65738449844,1158.74024503421,777.491768244246,380.919947731471,393.748376703035,176.664240702781,155.691433483055,80.0008951867851,687.416446531306
278,NE-Omaha,6765.98512268066,7149.23303999626,3902.52888591745,3246.7115047155,2431.90188329992,503.989772104392,1158.26551354007,1544.72334202921,1207.3644168657,853.997270299636,353.273659601851,337.326149430651,197.536028141469,185.623097876342,143.197394990497,714.670472942865
279,NV-Las Vegas,5298.15235900879,9526.62540562191,5222.10669884066,4305.44038395746,3084.19386209089,1103.9364451892,569.334186112174,2701.92008462492,1823.31489746143,1399.65633312465,426.69408599279,875.565809829809,265.002002262601,588.828401306768,254.693303486163,509.846006820347
280,NV-Reno,3268.07713317871,7571.41221657566,4237.57716377203,3337.50944071594,2569.09555449865,706.057571410601,878.675795311154,1619.65898136954,1220.85800204975,824.375821807159,394.528728769108,399.340908201694,268.614400244823,385.123546349918,224.22884026029,564.831413235796
281,NH-Lebanon,2793.82968139648,7053.32748829833,3952.29854067412,3101.60331552605,1800.71839826708,941.440448857961,1701.90590619497,887.894343799209,716.096525620045,455.228906503868,259.778669905053,172.027038173555,125.013665555099,373.91784180633,123.460161449593,897.880918938587
282,NH-Manchester,4430.3260345459,8032.83494068269,4530.67711168835,3503.98577975604,2571.24143929787,620.505715044321,1301.39227254348,1422.54703731505,1103.05190244187,761.347438445939,341.122868161966,319.877217680759,179.059889963519,464.658551300117,210.337065730939,905.135109777505
283,NJ-Camden,16040.3031616211,9445.3696951228,5214.68483591298,4229.95404913314,3550.58282033116,377.494513464033,789.525325263361,2725.59413827267,1944.96066365178,1460.29832146519,484.319287950066,780.837336954179,160.781311716922,304.579137214868,226.926187864881,843.285830303914
284,NJ-Hackensack,6460.48812866211,10002.0576988661,5578.31690602333,4421.07358177155,3817.7922128733,398.799970033819,922.504396601812,2800.44351417771,1984.35688192621,1464.67319223418,519.382661367168,816.555702130172,148.822124618032,315.450734696307,133.884498356682,1008.81422354794
285,NJ-Morristown,5102.74047851563,8705.82021738384,4826.98796323715,3877.93948000063,3174.37775401397,414.847127714268,764.221307854662,2487.29654356549,1775.70092876094,1311.9076196123,463.907803949518,711.722015061793,130.676449239281,308.506984004057,161.485496887537,866.411667695283
288,NJ-New Brunswick,4687.3258972168,9315.63862269626,5178.08134595245,4136.21787593167,3635.54858305561,280.60556215631,717.582850932212,2767.11269644399,1929.15383745422,1492.8595022969,436.318029380012,838.479710506384,139.490926137873,285.752616713569,243.688451636221,820.345803832882
289,NJ-Newark,6086.73709106445,10466.8962014773,6046.71062019434,4406.68863430999,4268.0540023328,341.344079394345,934.253034067337,2838.91199820507,2006.11787212083,1502.56202525082,500.078544026526,833.92620371519,133.833808369466,307.837508248464,152.575410612952,1066.97518056702
291,NJ-Paterson,1838.24633789063,10035.6545438704,5568.86866182909,4464.76615288339,3692.87486778211,361.133357751037,908.759532020811,2712.90441689667,1989.70375976924,1522.27340393501,466.208016705859,723.082395917658,170.189833797348,248.168267789275,167.078355027828,1175.06872186182
292,NJ-Ridgewood,2090.33024597168,9652.5913219403,5184.89772358115,4469.81478830676,3629.36058512062,356.478819731526,923.686423227534,2747.17146225152,1890.55156542373,1428.17402099239,462.15725288361,857.499601890584,154.823128320577,410.339320666872,127.438859060845,854.192737530993
293,NM-Albuquerque,5949.0687713623,6661.23290627298,3587.93090607343,3071.57695923702,2347.38447699867,287.449121285214,955.909356677259,1326.04067111471,1007.83530683704,711.345474545105,296.205123281955,318.755607952334,258.606411157285,337.291391297074,371.894018672912,437.992998391239
295,NY-Albany,10082.1463623047,7255.05798771892,3879.35823518576,3376.50970675701,2737.80843761063,317.221859759271,832.612923638867,1900.51991519662,1388.14872487299,1036.93441808847,351.565921665223,512.363237352298,163.866576627575,296.401351069645,176.184281410055,484.46849353163
296,NY-Binghamton,2590.66131591797,6579.41298970746,3495.6742868856,3084.38431637527,2514.24082435124,203.331324103423,996.006170209647,1496.05811471645,1186.28450964608,844.516647546136,341.728626394787,309.651893427499,220.950268049526,230.656126976891,150.383716770981,502.006081026582
297,NY-Bronx,3213.56440734863,12542.8114258851,8094.72085198927,4414.75108547202,6146.58248978841,542.650820814027,956.513688877416,2644.59861862051,1841.30703121428,1390.98183154831,445.547737851883,804.541965083753,162.745050344602,447.846911604616,151.50540981769,990.298588100966
299,NY-Buffalo,5192.73071289063,7306.16004445475,4136.57006546608,3164.10423795766,2916.22865007458,177.802413544885,834.343752669298,1679.20519654422,1237.06765948939,891.48882016093,345.480280001085,441.951515617906,171.980027978514,307.849936695736,117.379859198693,749.496229566636
300,NY-Elmira,2198.41055297852,6760.5679695778,3594.64232430612,3168.69751512044,2567.18540617054,245.924669467953,930.283016461257,1678.24304583343,1225.03010119568,916.893590091173,308.144177127049,453.188255975649,175.946949782326,207.162596549778,59.3583441141738,619.571483859858
301,NY-East Long Island,19844.4498748779,10800.7237392486,5830.02178233398,4972.35422968477,4378.48686084146,277.934683294783,761.706088786822,3406.41925183498,2307.83373276439,1722.81700400713,584.135469100739,1100.11291225971,148.745531886378,404.691880034246,125.114595008012,834.232585888314
303,NY-Manhattan,16314.1119842529,12114.3965985728,7190.15340312367,4905.02703704726,5680.43698999459,485.486199910146,844.832452242602,3189.77802631117,2178.97356318421,1621.43063806498,555.348067087758,1012.82772250031,159.091966346777,509.422706264943,88.6508547084521,725.245966083763
304,NY-Rochester,3924.48867797852,6793.6822572409,3752.67505967207,3039.29106509608,2800.3734957475,176.006788264451,935.833543444972,1437.29805297579,1079.90195576311,754.351500374375,325.788813923315,356.903118305172,192.8701213064,362.009101859047,106.551758562328,515.418960256114
307,NY-Syracuse,5946.73753356934,6863.02489105325,3578.54343877763,3284.6490284217,2629.2027619802,131.5982087426,746.193492076665,1838.45965867689,1301.0105872044,952.646531112305,348.546635236702,537.436445664685,218.628629131129,322.06096465896,105.959428151185,543.720479620433
308,NY-White Plains,5382.07273864746,9717.56770588065,5358.77779952669,4357.95613762706,3824.36808831508,391.094067292468,877.227119857259,2827.69570260593,1972.29340081487,1473.93913639466,497.620633809438,856.009443451935,139.913334248909,337.938251106871,177.637548168417,761.424521263522
309,NC-Asheville,4767.5721282959,6358.96896404394,3310.42682107105,3046.76969758383,2078.4488762491,295.43864738083,786.753147082037,1532.2331190521,1125.87456154222,777.324701786616,348.098076811545,406.405443673171,264.268439295239,312.414086480689,239.561960175311,538.731947499366
311,NC-Charlotte,10372.3940582275,7742.13431627748,4316.33304543854,3426.56661490676,2951.71228789832,225.741070563489,871.806435247539,1795.54494923081,1334.17657714744,950.872052787348,383.214166955992,461.426447231862,276.296765339986,368.459420761073,275.744618584472,662.811570101932
312,NC-Durham,6930.31314086914,7202.19405649565,3926.80373744568,3275.48101152773,2761.68771241644,200.178688451221,1050.63963553565,1607.96830211985,1183.70432160028,827.458582300837,356.897918534048,424.175774557925,199.442949494373,263.002810556891,266.059717534108,553.600445139007
313,NC-Greensboro,2550.49159240723,7036.24981755908,3906.31231790188,3129.23716547807,2695.48807613608,182.564620350159,914.275603262779,1569.77341216292,1086.70974777198,724.779551282771,363.137761391853,483.376032556008,198.068704887481,318.805289446586,193.711782470884,652.74431855801
314,NC-Greenville,4639.57678222656,7353.84893789386,3991.50330227129,3362.11855783731,2844.86352420463,377.241369899338,947.730862747309,1751.29287667236,1242.46751578619,865.425289623462,377.887147679994,508.845202713716,187.170794174248,242.029094391084,143.183232281075,444.399320334348
315,NC-Hickory,1651.07901000977,7764.11802012464,4495.67960517769,3274.59402812269,2764.662971584,264.340331974832,922.004974849794,1646.53726536555,1237.08295012785,872.869835863483,364.049158142948,409.794550835273,264.054792253279,403.073958564761,759.832632760623,516.466669644678
318,NC-Raleigh,7649.81436157227,8050.96159660323,4639.02302490927,3414.48310183641,3099.95192242733,419.562823731873,887.033653100972,1858.38723489522,1373.37856789929,990.329232423384,382.803246705797,485.027351004681,208.278166800511,289.820812545235,331.629413989291,557.493024338583
319,NC-Wilmington,2545.82894897461,7899.02479495402,4002.89583285785,3887.32549732887,2649.12768444678,305.875006595354,926.817452464599,2179.87581558985,1523.27336849297,1054.31329032815,469.176840642707,655.992261611915,194.462584071382,324.488574362333,350.242857740932,524.284759557168
320,NC-Winston-Salem,5008.56829833984,7701.69174294455,4324.61109311248,3378.01474007643,2952.31670754,303.449439789892,886.022671353617,1718.69780639244,1263.66017844434,914.297835604749,349.330028088813,455.058837013638,263.990306219779,407.286224901021,251.124028365449,609.224176450607
321,ND-Bismarck,1473.33024597168,6616.59101430257,3425.67916022497,3193.60461726239,2224.91208245131,576.514934903976,1426.83695651696,1139.29993346572,878.890673940205,547.950685157855,330.067660157263,260.19118973151,205.267030837155,169.687392334265,73.3600282069993,469.568511714196
322,ND-Fargo/Moorhead MN,2920.40977478027,5738.02610219213,2922.18748207383,2819.1347281665,1805.08975444615,415.359319892665,939.283439326255,1351.31897908302,1003.03683686319,695.887767526234,306.89554636384,348.230658150548,175.659262231741,128.495640852416,109.601759603574,510.618809614895
323,ND-Grand Forks,1035.99752807617,7046.00568152735,3774.28143028355,3271.41471914563,2352.24094923956,642.578623984143,1770.76305921942,1025.07829578135,798.613026106372,498.525007258052,298.662220019311,226.635676131108,193.347070286712,147.407664073636,,623.311415617969
324,ND-Minot,829.164031982422,5541.65544988034,2738.72960146716,2805.37707042574,1786.21688447307,-377.72842093248,1403.0513242679,940.40086831267,767.499606968871,493.265291176547,273.402437027011,172.631325200061,193.380865327343,72.8813645774182,,510.16907743975
325,OH-Akron,2909.9095916748,8152.5834163635,4619.85451638969,3530.53436359611,3017.0949618199,508.203938596117,1096.97660918855,1741.30332564743,1360.40606936836,964.755767299706,395.696979208837,380.333885764092,199.811213603699,299.808146904671,219.703055576434,686.080277593218
326,OH-Canton,3260.4086151123,8122.58491075306,4649.12729274987,3472.31158383574,2769.52505942165,663.610412316271,1013.75243088122,1796.47994815771,1393.6342965162,1023.99249661754,369.853476156544,402.776999979188,195.849122999597,203.887625721445,83.6068967401743,1015.02013359545
327,OH-Cincinnati,7362.48054504395,8105.17206575212,4594.65845744853,3509.84797162035,2852.04735016446,449.532309267124,898.455340542201,1878.14403092514,1440.66608379853,1045.31612226075,395.284709270666,437.404839732969,204.254409953098,301.443047954166,306.435108014365,805.559657818523
328,OH-Cleveland,11024.7242279053,8377.34664969802,4789.27280148961,3582.33003677396,3097.5807225098,388.120435444165,1085.30659201824,1835.4540789216,1391.85286643549,1007.74037063956,383.824144981286,442.963141572863,194.770698768416,327.411883541311,191.38557753347,904.626921148399
329,OH-Columbus,13811.2193603516,8278.94341755417,4776.55412561613,3507.0576857814,3071.47975700137,427.021877622256,992.851261552481,1738.73203429793,1302.97926933503,922.955698054966,379.904712837733,436.012798840134,215.195076231469,325.829623283109,213.041452970182,914.62070698649
330,OH-Dayton,6027.48463439941,7929.57356391881,4417.63818389394,3512.02309418279,2963.97580664043,331.942877211296,878.93226090058,1890.90061678476,1419.7291275694,1033.39428877012,386.304249426978,471.182116684086,204.416898846802,291.603652012773,208.721852662288,755.495234539408
331,OH-Elyria,1440.49717712402,9611.60166041,5592.32871804774,4021.86141853549,3542.05261096176,616.616165371021,1040.97185986279,2299.73226004334,1795.69737287516,1326.00113768907,470.127788268863,504.454301277701,221.652617013749,328.788045857416,199.851946801523,1018.09995484004
332,OH-Kettering,2124.82795715332,8084.00234996749,4460.03214433599,3624.06776509191,2797.00249286667,420.726922423158,827.060600712426,1910.35791982523,1375.73776842785,976.67503204629,398.989277469021,534.603976789464,206.972456422577,460.317565906843,275.542874739932,782.466899516702
334,OH-Toledo,5341.90480041504,8296.66442255055,4803.15000156441,3492.08391624976,3082.51478235706,359.232999110287,1121.84096727687,1722.98744351087,1329.42669985083,909.463493166929,419.873515301909,393.478585863586,181.76470160232,243.579240383227,258.152257152801,938.468923111667
335,OH-Youngstown,3832.90644836426,7976.91338274439,4355.90086989815,3621.04873975679,2932.57385427232,440.433835206193,1100.58856633142,1820.84983320716,1357.9004397983,976.937416003419,380.92524804601,462.732261898605,197.562182576987,288.090838593877,138.410627056854,666.878343842285
336,OK-Lawton,1093.08004760742,7755.18564611766,4263.64465035026,3492.38611936677,2790.68571593022,581.090987662982,825.07384058746,1683.74202352658,1234.33078090121,850.590543196434,383.248578755148,449.505708906199,277.714696390886,603.420783758234,-307.560927176002,388.983270903584
339,OK-Oklahoma City,9222.47346496582,8645.37698712673,4869.92627329994,3779.09811381209,2909.62483083463,809.46986424487,823.561433529523,1806.95846297829,1316.70742113789,906.068682526882,410.07451905414,490.257850758511,281.995901346783,746.11057279829,464.635744171164,495.193584331831
340,OK-Tulsa,6115.5634765625,8556.14136897232,4914.63794715871,3646.28298034667,2774.65074374786,786.862977710186,853.569583644967,1706.72940161159,1246.46409340887,882.609373829306,363.714179256328,460.249531366305,229.424397307497,709.013216631892,637.056884999276,528.362873839502
341,OR-Bend,993.412353515625,6324.21504955226,3234.81157403157,3081.19533834339,1970.22363240529,600.646117540419,849.668808023244,1520.20502665736,1108.24296251976,741.713031416811,364.509685014045,411.980909853837,183.552794731688,340.13877346763,-350.290377425033,165.584204377328
342,OR-Eugene,3272.82472229004,5814.89060779702,3123.88958311769,2689.6603383752,2058.13981255424,328.486471274198,788.929152314328,1293.51726669209,978.267796627575,681.393163654768,296.273223037387,315.654162834166,196.227156715172,185.813481610387,192.036369634191,436.734423791769
343,OR-Medford,2547.32778930664,6210.11663334079,3289.97441340711,2917.95282804735,2310.14937819627,239.991324596555,856.588243332184,1309.79916490585,990.77951732883,652.813566110496,336.144243172007,319.422282826335,237.989203680909,280.623877870997,199.991485750321,423.211453962093
344,OR-Portland,6710.2294921875,6552.28844772182,3659.30388569848,2893.3723360302,2346.17400478782,430.583699396675,994.157298615647,1283.16617044051,999.744832638667,690.122789824059,309.090266950581,283.720177283834,173.959186313975,265.04391419705,235.557911188133,523.444961811646
345,OR-Salem,718.33024597168,5877.06882822916,3143.40324423144,2734.4736522886,2417.79875403798,,849.445839278385,1312.85677562436,994.782976617268,691.301522755089,303.103178016422,318.072378570445,174.920837434019,226.573719405386,-119.905136828712,289.349545045283
346,PA-Allentown,6748.15199279785,8531.71965856256,4899.74065599282,3630.31975726427,3413.83578160692,330.731467169108,912.286256226116,2082.87661521749,1555.06937009723,1127.97485950213,427.249526229967,527.736786482039,172.306949593139,310.501875728252,153.573150921909,789.957792533138
347,PA-Altoona,1541.16084289551,7260.74625292054,3867.74997931977,3393.1127678814,2429.54973550118,527.643744067882,1181.86042694326,1520.62191871208,1168.84258823366,799.840306308306,368.574156195422,351.850458253104,181.016766645492,409.8772041371,213.740266127238,512.760976929627
350,PA-Danville,3002.32649230957,6790.204356327,3800.12435656336,2989.02685221517,2409.51079235066,484.512245505132,1043.32157652986,1377.03543211692,1094.60220700865,741.762899635129,352.508580713698,282.227392719326,175.937715536078,238.057623503959,148.874572765616,632.501059160099
351,PA-Erie,4490.40678405762,7393.16459907007,4106.42006725542,3286.67118617719,2651.90385439052,536.217897592849,1068.39110643779,1531.03719948609,1182.2215767474,827.442783353277,354.519980317547,348.91132247186,220.165446858288,323.707159810842,92.5809338998217,637.055659536623
352,PA-Harrisburg,5825.32015991211,7444.13692163764,4124.74019439215,3319.48349083436,2724.31563051575,473.144044135457,869.531373662868,1792.13501245325,1357.52735592559,976.47367937185,381.107468609985,434.717597273121,145.261008633762,192.821809515481,164.675661240324,636.131354357116
354,PA-Johnstown,865.411972045898,8232.85722493842,4723.42333285448,3503.37102977819,3205.77384977194,-541.633759281242,1117.3427867694,1619.85906270063,1275.91040247204,929.572574818425,346.429976417176,343.501539078939,209.759079597865,532.155192613919,-204.306443479396,522.147046536743
355,PA-Lancaster,3467.40730285645,6851.28410970213,3642.33528180532,3210.70811599994,2571.64348642953,182.054320492672,908.920311287161,1740.16956598021,1320.19651396908,936.599338154159,383.557883654759,419.698329633171,128.788064468833,199.479193127241,193.351506976132,562.856108874443
356,PA-Philadelphia,13839.5421142578,9665.15835149688,5423.97777001423,4233.14487828237,3722.77592056552,440.895506414007,942.565721934579,2528.99281187631,1913.5409500856,1409.76100095696,502.018176181124,613.857776696005,153.559328710665,376.416204352249,244.626372392731,798.064234090237
357,PA-Pittsburgh,11097.7802734375,8505.72079320009,4923.01167312179,3570.14485978946,3251.37857121648,580.386907084828,965.1422567573,1854.55813978125,1465.58286602853,1095.48143015177,369.447621724561,387.210490452727,201.348855173689,422.225248230065,190.185316262718,672.268827705605
358,PA-Reading,3190.24234008789,7675.3695503749,4469.12192395965,3202.81936260259,3036.16077835222,386.6923219141,780.851280760068,1781.57918371873,1362.13308906051,966.024195555596,396.032960492848,419.253180558295,142.830256632426,265.79242675688,136.956918989159,756.867076219612
359,PA-Sayre,1347.99681091309,6408.63998896231,3524.61861334803,2884.50262901489,2614.20797303563,149.580555311386,1034.49162441756,1266.91978049314,984.799217901774,654.660650075363,328.916348135633,282.734676621893,208.513758757458,259.654594614959,61.2360873383843,543.521005771
360,PA-Scranton,2197.49601745605,8424.03483244248,4800.85041787693,3622.61229220923,2940.05622742382,732.69627799868,888.718657546919,1935.8934575022,1480.4002593865,1056.6932576689,423.681023647992,455.563813056232,172.366178493409,411.51432869908,209.882747566922,694.490790883166
362,PA-Wilkes-Barre,1742.91314697266,8548.50878141034,4546.84606058148,4004.13217607765,2830.12751364703,744.476597381817,941.844526733233,1997.80609034109,1494.24924790294,1079.82438965886,414.421625169386,503.298161326094,195.996449381721,536.922720214287,167.097594586883,578.144731284882
363,PA-York,2547.24317932129,7095.59635363873,3826.3704658537,3268.86296057927,2835.24713912149,341.750307106015,1010.06078967715,1634.69907135547,1324.20508923336,941.880015951186,382.240306554698,311.026295012917,159.789550152094,199.577100427958,117.797572256171,406.153544111124
364,RI-Providence,4414.57218933105,8670.97048817861,5020.61797584478,3638.21631382944,3257.08220806411,306.959213637225,964.81191375348,1854.15963794248,1335.22860766531,951.620534870818,383.639806823528,519.143164973956,149.851030048869,485.412717254237,280.503955233894,883.728037389577
365,SC-Charleston,5535.07499694824,7646.03361915511,3990.88708922811,3651.30575221371,2733.63931965459,350.200761308277,945.260616393487,1940.07279455008,1480.19300247564,1040.69261018744,439.782956772416,460.290768117216,240.794195650286,329.661400957272,252.889243024138,438.072788099545
366,SC-Columbia,5897.81809997559,7426.98732156483,4071.8756075704,3354.94378240691,2732.23383913564,306.953560236492,828.896838883121,1744.9076974072,1204.76431955974,808.140615420993,399.002886212582,540.685742820197,223.705648481505,284.30678964423,341.891771823445,526.919044068931
367,SC-Florence,1975.49664306641,8447.09375896464,5033.09950379471,3407.50493058503,3407.88902106322,621.450265923632,1003.03079880586,1566.48217388441,1105.31328857146,757.97744286572,349.693544276693,461.551683572902,308.432464899606,356.44882070263,351.624884136947,398.66908615567
368,SC-Greenville,4573.81982421875,7602.97842381145,4268.36623082975,3336.80786522777,2843.04599224571,345.657273266214,788.384134471267,1789.36546638643,1340.67949809933,978.26926630568,362.452973454876,448.95392544226,251.672965197985,278.613870715545,277.440642522894,648.091875944595
369,SC-Spartanburg,2065.82698059082,7336.74638098074,4321.03502676668,3016.90228718658,2602.75749714571,456.964945099187,776.552488668669,1618.24311924201,1201.29842073785,904.268973357817,296.781228909778,416.968704367227,240.415531576606,306.322521064177,397.471929545588,681.164015260128
370,SD-Rapid City,1235.08055114746,6192.84617135775,3078.31874326847,3108.0153458905,1878.12391108415,252.157495558022,1333.76960187728,1164.50797323693,862.627037018901,519.611848784957,340.344346953384,302.022360349998,249.773344904083,171.690504528628,241.551817058739,618.086567500013
371,SD-Sioux Falls,5243.90849304199,6134.52203960674,3213.11443135663,2923.40371463636,1976.96694422645,472.510873999389,1180.28357927992,1273.31706785104,978.421138753295,673.432501350094,304.652266935435,294.697371936425,241.269128023218,107.936877504521,94.3255486034097,601.094784082777
373,TN-Chattanooga,3721.3228302002,8105.37699361188,4586.22081784835,3523.44946353378,2791.23128552138,470.621099925701,803.378035049322,1790.91574518758,1304.09083749438,935.85031496677,368.277032222424,486.815418365024,270.994208126744,557.177884907078,454.060663833573,667.041009248754
374,TN-Jackson,2145.49505615234,8402.05954665654,4687.38032413532,3715.0232744885,3119.57466179437,340.042366544702,808.801722864762,1748.32396084492,1283.75301859737,913.285610400567,370.538401728541,464.582840027229,288.456121686241,659.747770134389,135.646110753034,866.219413488796
375,TN-Johnson City,1376.32943725586,8656.63750305916,5157.83163236829,3508.69014318874,3344.22629529717,524.74329373699,705.49232141934,1688.04028611419,1264.96564135364,929.440798334924,336.052599486567,423.435326012035,343.284472703383,640.74597157234,213.571554785331,799.645673825079
376,TN-Kingsport,2665.49226379395,7807.30247375047,4184.22669917904,3619.0453871096,2777.49326035135,355.559513943679,810.363259861456,1568.32708917246,1156.7311441683,857.500164232931,300.298572490692,411.886580360897,295.250520865823,717.885076093157,220.975844480301,636.307826477555
377,TN-Knoxville,6669.73031616211,8066.10625888719,4309.28986181269,3754.07152411273,2865.0788357049,371.512742192181,854.281116013283,1802.45879369655,1366.44702495441,1020.32697634604,347.022615172911,436.629983984416,283.132460113343,662.233216865966,144.115532273254,681.914109403913
379,TN-Memphis,7854.9755859375,7736.1696967165,4244.90157706776,3490.99372133753,2715.55814187556,550.597279575762,745.863821632479,1774.82616012483,1267.44977124241,923.638583277817,342.806347631147,507.593643090916,242.223242911474,488.190316268787,228.579363376706,561.159876712539
380,TN-Nashville,11517.056060791,8354.72025702633,4822.36061304222,3538.79067405165,2973.76168174445,553.353073839731,833.711742723959,1702.64506611811,1226.09511850755,874.463745880809,351.603293134302,476.415051593076,240.032441850909,587.00652550562,167.023629966511,883.747772811223
382,TX-Abilene,2019.07943725586,7559.98074138162,4163.74301444129,3396.75678007479,2671.10714978667,421.669535761956,762.230508308412,1643.33342792827,1223.29569936189,828.773510936314,393.74760799549,420.186819402048,294.038826922828,565.485736697069,325.444635746057,558.680670805104
383,TX-Amarillo,2347.0792388916,7673.4824613542,3967.91814541452,3701.36542432854,2445.24464807358,572.785588072599,914.515535725435,1754.33141758985,1230.64122494754,839.48320912005,390.313972194543,523.35388169456,305.111773488405,539.581473078411,311.655222209406,466.497204446465
385,TX-Austin,5023.65498352051,8681.32369306383,4470.60287374856,4203.16096819719,2640.99727192533,758.589192711433,915.249081235437,2228.89998512862,1546.13092224354,1087.72726020582,458.122634117429,682.016483023759,231.601023805185,545.188311805025,240.119364153753,641.229129059127
386,TX-Beaumont,2542.24336242676,9168.38925375899,4867.80415258127,4299.10145273767,2948.21880712574,972.787211264017,781.67422206011,2049.57839082633,1404.15960314535,1015.21939463757,388.816703354808,645.281271860737,285.812448909061,927.15461769286,218.557028743704,453.664046732247
388,TX-Bryan,928.998382568359,7549.54003425261,3933.15942138481,3614.65854699492,2522.43041767976,423.336404455492,906.595585357411,1665.41789626249,1260.09956160875,894.23452362954,365.932094320071,405.415168397979,184.24880106067,665.415590351528,-190.091058371759,651.949818252066
390,TX-Corpus Christi,2328.24217224121,10326.7236350594,5180.6447086369,5131.17453397258,3185.96270713992,614.164987752343,962.367134880785,2409.39936317491,1675.29206684755,1270.90356739732,406.035953540896,733.210372887737,283.697344288536,1332.2974706154,285.219511714136,755.293353722362
391,TX-Dallas,15364.7978363037,10102.7591388659,5224.0296189119,4874.29472421937,3012.3935591755,793.337218129338,867.157530854271,2270.04965364568,1597.26736726764,1164.07099080977,433.189870410792,672.503119551897,275.088500485504,1241.64785260609,368.782398540075,801.064902652627
393,TX-El Paso,4283.22987365723,7504.24157369722,3824.09073427333,3669.37166970266,2531.40107542396,633.463713717844,833.863472177882,1623.23997316201,1159.57105762092,842.751630624726,317.210974401733,463.355807415789,291.927893729487,730.606604582097,121.995798837387,306.616418396274
394,TX-Fort Worth,6634.98397827148,8688.79362494414,4494.6725797373,4188.97508722257,2479.81595288911,692.021045069226,814.494860130199,2067.26673102789,1450.18331577436,1049.8122447012,400.507403396794,616.647637153515,275.053769893581,861.288395389438,440.001339850113,662.971326784638
396,TX-Harlingen,2276.74293518066,11991.2315542286,5493.72990052705,6463.60524965301,4037.99251054899,526.053686178521,901.569766707916,2595.32220936989,1780.43988045108,1349.82538485991,432.76075482987,813.773022937154,291.815842770956,2649.5008119582,128.463297642348,477.026905139766
397,TX-Houston,18843.1876983643,9880.89558930479,5282.52306910895,4596.67456660289,3080.4111969092,1107.57415021372,915.364191624787,2241.25040472629,1583.53750335028,1160.15322315438,423.206102673087,657.487797899282,248.935891566902,962.525574142692,259.540714850617,589.407860086225
399,TX-Longview,1282.58164978027,7222.30879985406,3639.46536359418,3576.10435317751,2213.93521174245,451.273445529696,653.486138782705,1714.50651245835,1267.32588077425,906.622761789425,360.695512644097,447.32912621041,229.909845550571,851.488472728354,177.330164654579,588.040361868734
400,TX-Lubbock,3663.24116516113,9979.94425444695,5723.51572626136,4262.50080497733,3530.33246423147,595.206742783311,1164.08056786598,1790.1727982743,1274.98403307221,823.073750971156,450.290330891147,514.933485796598,350.224718030397,869.224700683643,687.39828046867,658.984598725013
402,TX-McAllen,2138.24600219727,14945.5472061044,7063.22279917311,7826.5095292662,4751.06270907121,1426.81773645733,986.708677354983,2878.14688759594,1975.57687188195,1518.33562643971,461.529247827767,900.24726846193,320.81471966629,3533.62987330401,19.6343187148184,549.014209571072
406,TX-Odessa,1703.08087158203,8514.98723305851,4770.02537190784,3748.87985584451,2648.34487279298,1132.95060236111,787.903831437207,1754.8430991737,1260.76019470054,907.34588988673,353.534946874087,493.909014476549,256.302703635329,855.223908547862,535.823620470108,273.306225604532
411,TX-San Angelo,1013.66410827637,8492.4441370805,4883.26462422916,3613.49827570989,2535.9234258646,1054.38097712019,837.814531262312,1705.83808191012,1230.86294647677,772.435766560579,456.578542152691,474.897880859237,253.363444485136,696.045262390185,-294.235945923486,766.246895990592
412,TX-San Antonio,9520.39134216309,8792.83880231119,4529.71440874752,4256.5867060456,2843.01252636907,655.272397711545,852.945592960849,2055.12041290466,1427.44683195901,1042.19601714953,385.634468340816,627.039776311776,233.818821591276,820.461976732533,269.775405402597,562.868676332581
413,TX-Temple,1284.7467956543,7015.4804688649,3769.40620507687,3243.02988816124,2380.49152160252,404.671131698915,1108.35875226521,1277.95732991148,961.150509105558,640.41765772879,319.901235638454,317.360615435259,187.931992540967,521.170867908573,309.031835278984,521.319368073744
416,TX-Tyler,3627.07801818848,9139.11813073024,4583.29391921493,4548.36409801406,2865.30178376749,756.067863320451,1114.70303925692,2210.70484774309,1615.29176258997,1156.8543351633,458.441594595191,595.449075784233,299.15357211312,810.515723023174,223.712053210751,508.032808326838
417,TX-Victoria,985.248077392578,8823.13691481532,4769.77458756157,4052.8852944238,2791.08825708773,848.421868333804,1184.93642150074,1796.05872768473,1322.69950691846,936.988820473109,385.652925043733,473.41346642837,242.698867030586,729.688522026096,-273.944176191058,618.478408519266
418,TX-Waco,1744.83018493652,6551.33585076817,3305.95712360379,3246.64907672522,2052.35754522951,259.264248456294,918.133077375048,1483.39106094738,1058.92259152592,721.914250290452,337.330595045042,424.498209579605,254.124948999623,472.612056261126,266.047846884215,549.590555128283
420,TX-Wichita Falls,1309.41473388672,8768.27195864572,4688.38053432686,4079.23445576674,2503.57150016782,1105.02526161757,1003.05964581928,1885.24062993901,1396.02565520082,1042.63503322302,353.69715200113,489.261393852178,258.447969289973,890.405276121537,212.161765558802,659.11760093079
421,UT-Ogden,1376.66264343262,6586.38482012494,3488.50516969603,3095.19530514884,2090.08184819896,147.489404244477,818.320082758312,1434.90348570183,1137.58534480648,763.0777542941,373.260881329551,298.069046596563,296.110009010946,386.498839578519,507.119053233751,588.026125915067
422,UT-Provo,1241.99635314941,7345.402822563,3966.33044317662,3378.17550550485,2152.28903792044,290.351986344933,765.30146433811,1465.05481478298,1128.65811819952,705.070964931411,421.264244631007,336.894231989297,309.364198618763,817.426116589476,594.023531640075,727.674873882067
423,UT-Salt Lake City,6645.06205749512,6909.05418675928,3688.91839854517,3218.78260768941,2131.00052686896,411.834273130159,981.55446307978,1349.5817069975,1055.72066285267,663.581852598176,389.763532725109,294.372348705902,295.322365706598,501.742561932416,347.680079028563,618.499622907304
424,VT-Burlington,3703.8271484375,6990.39039173555,3822.26902215303,3168.16682201857,2684.93199819362,285.621908162423,1233.71596724404,1230.33900284641,980.555421978598,700.055216640787,280.476230755066,250.243429878815,154.25006467928,451.72196400676,122.578079929193,574.22695758569
426,VA-Arlington,6214.49208068848,7120.2608054092,3574.0624371323,3543.43218870796,2449.63711561176,145.880427883992,864.155976681914,2127.11820333594,1490.51680724226,1085.41255273187,405.199148585783,636.455523729971,123.333016966172,297.182718739265,240.345469631328,560.7107540416
427,VA-Charlottesville,3266.41000366211,6542.70136579357,3572.81806708957,2969.87049874117,2581.56707824717,162.135725862126,1179.72114316674,1304.48165935877,1032.86917595392,718.961756222436,313.768111365338,271.931621402775,173.288168033005,224.184155384988,157.778869270895,538.555062987406
428,VA-Lynchburg,1645.16143798828,6399.28164859279,3567.21407703884,2832.35741462632,2357.57593197506,133.160522656868,738.615766825772,1554.04834994968,1193.87928971768,885.884576845184,307.733602791306,360.21134317791,232.0222321769,153.224507823576,128.145448524101,850.013788643303
429,VA-Newport News,2825.99159240723,6670.20975505871,3336.50807823184,3331.97049475129,2434.52703352217,183.617777921278,826.432970378354,1928.32313730134,1518.06009833823,1101.20043038906,416.420993992071,410.198169965608,220.104524686832,246.85866543624,106.11675985051,455.3449577736
430,VA-Norfolk,5621.65208435059,7133.07543771666,3564.27394023182,3574.53871372421,2428.63199931496,238.468031616871,935.488291557651,1952.30073764627,1515.67996379418,1121.07703146713,393.076407044462,435.720557720257,246.80908545054,342.137940710376,166.942653218487,523.258740458847
431,VA-Richmond,8104.48057556152,6603.50429021054,3525.59297356322,3078.90650072819,2502.45040165618,215.773838986698,807.447766626364,1657.9241888825,1248.78358473839,888.055789506747,360.929196827875,408.82344057583,189.875664607288,286.39259224149,164.305550158697,469.129159704714
432,VA-Roanoke,4571.23915100098,6895.64853030327,3844.13726678627,3052.51628357521,2628.06773550397,263.402421923186,794.545981439417,1544.36684393949,1162.6380566337,819.677418440811,342.863094685098,381.912854448544,221.78505392102,278.310450478822,107.789391176037,703.343706307546
435,VA-Winchester,2280.91268920898,7394.62876318825,4337.87646285569,3066.71776195362,2863.91060721103,450.820888618052,1051.35317861149,1451.25137149086,1087.73479489016,751.983604808605,335.111688705468,363.987741485667,160.599508501534,245.280298399096,245.327528402349,626.708032280252
437,WA-Everett,2282.49482727051,6905.47531806961,3650.00958411219,3251.98517589482,2273.64370641083,365.705801979519,1085.39380446146,1538.84905414051,1100.64442640231,751.004248881314,348.502882210356,437.973511141458,142.980835110327,253.133986325366,208.355817314347,666.190292380521
438,WA-Olympia,1717.4969329834,6716.25874917613,3409.52166242605,3304.22519201308,2112.63172826319,474.459378392069,926.113177754685,1693.0619279447,1253.90506962522,936.369125255638,318.377833669444,439.250077691393,164.157765799064,291.08512438069,203.493232448163,475.627088476636
439,WA-Seattle,10091.8133850098,7218.13426587786,3935.69554233478,3282.46241137696,2652.98913156551,246.042588723692,966.708700633061,1712.70987166447,1247.62879715736,896.561437460388,351.122242791988,465.081018445617,153.390896710213,260.13642953365,220.10538338672,669.132461185051
440,WA-Spokane,7893.06442260742,6974.70607249178,3670.31213677346,3302.89672313045,2307.23900675972,471.149450332181,1033.65878863251,1551.0408868201,1092.22200305217,731.502931404334,359.581387247621,458.587954984492,225.356732515561,250.297492974984,120.590494316178,644.227944986368
441,WA-Tacoma,2895.49488830566,7363.29327691703,4097.73116382258,3266.37937476497,2676.32366232276,327.331661538997,876.253469112829,1716.31483012001,1298.61537911979,943.430679235616,355.362002098014,417.93032175696,155.667658864354,195.382238757823,264.671762437391,708.436746164784
442,WA-Yakima,1354.2462310791,6174.50363809719,3144.56670716237,3028.34669927441,2051.4431958358,476.285254568218,1046.15354097857,1362.31727181669,954.155940125724,650.17264235048,303.34162954359,408.007857928501,210.537748696385,177.780553327825,84.9393893137053,467.15704218292
443,WV-Charleston,5633.73936462402,7712.26649915892,4358.22264116597,3359.5134946689,2954.18251624583,497.938488527405,1022.53631747435,1536.08619169629,1143.35451462254,815.149322904252,328.134062666271,393.120902243747,258.389587711679,247.84718670847,164.886134191147,611.419823048704
444,WV-Huntington,2284.66171264648,8114.50236737441,4795.35254776953,3337.94465494665,3271.03325332796,498.336999613082,931.577009225192,1604.28246726884,1183.07773383255,862.802723159367,320.771744234057,421.473135624094,277.143054629951,306.497017125866,312.98988620128,539.44116807282
445,WV-Morgantown,2401.32954406738,7515.21947779361,4408.74693967699,3112.48547566536,3076.89135172054,362.326890996116,1070.55041885426,1371.58794928781,1053.07472478093,746.905546649141,306.045165616424,318.941525402947,245.001758752774,235.990279240733,318.997946783424,507.406341367126
446,WI-Appleton,1371.8268737793,6179.89641872628,3256.07091312573,2926.03360766971,1595.17637925449,586.374431787849,1050.15253697262,1410.17970612587,1131.21133957969,820.026193985929,311.273984993423,278.446582648626,159.653272228833,166.302218892353,224.887491685933,736.500202048087
447,WI-Green Bay,2902.40863037109,6809.81423924309,3811.99015960837,2996.22596677806,2477.84467410062,230.657816960113,1031.0324130832,1451.25075062591,1114.57035518815,748.627446341099,365.595093714928,336.437753894902,150.883843174238,217.130856809136,249.15242733141,739.160676973641
448,WI-La Crosse,1642.16165161133,5811.80385177556,3183.60546275777,2628.02176791259,1958.47154602731,445.776638403502,1058.8804239033,1125.34177479871,858.021412425927,586.748513169117,270.947159854474,267.180709419103,150.502933613881,104.160013224525,86.1345292688017,633.76918079589
449,WI-Madison,5110.82197570801,6415.89155625321,3809.43937130853,2604.25758586606,2407.23214822999,372.005047975224,938.395568509746,1158.43789972605,882.479366751672,583.453509619525,298.510595669402,275.905644326445,156.719844503924,228.901601662065,232.100840159957,664.934925671018
450,WI-Marshfield,2197.24465942383,6602.85210500313,3574.55331809153,3028.28866312466,2388.36192120097,352.546298521211,1188.51898077955,1354.42049287098,1033.39429010971,711.71897890908,321.098521060431,321.151971097221,145.1427987395,134.033484320363,109.559547354227,666.048493555247
451,WI-Milwaukee,12300.5532073975,7578.30437331556,4355.77839847085,3218.81341074641,3007.66483503575,303.249020494882,1007.17822980325,1663.19088438094,1252.21527329355,884.137905273922,368.139322936162,410.709580913786,155.796593656726,238.53856574598,235.40604571182,678.422571157948
452,WI-Neenah,1120.82929992676,6789.96468506111,3539.11416731895,3251.37382537687,2038.38112283673,507.845241482252,1246.34778371961,1515.14614305146,1256.06462196948,940.230689409798,316.546847445742,259.029208939145,142.265509151601,147.766483907727,-163.97941073197,743.868335843276
456,WI-Wausau,1169.33058166504,8127.15667078762,4724.24283858641,3404.59973850251,3200.3371766801,384.372014428768,1195.00921999396,1696.35670916283,1299.60828570929,930.949795223306,368.689217261081,397.051051673262,155.66655637818,194.829144869387,-113.034674435115,896.541380413354
457,WY-Casper,1150.58110046387,5999.24060419579,3206.75018006159,2789.83209971924,1998.0306495661,436.787466921204,974.42158316061,1129.36320767073,852.599355982927,506.452509113778,342.776490810914,277.195816132119,335.437059432461,147.736382851605,-126.192131137844,566.568498011026
999,US-United States,1311290.26831055,8303.75257571979,4536.27152107505,3767.48105464474,2979.11199633402,441.75255319047,941.659501973495,1977.99045465481,1440.54789595422,1030.35832389784,410.185301453498,537.440551517232,216.710738932062,434.461959161798,233.931746016248,689.946292490702
