HRR #,HRR label,Medicare Enrollees (2010),"All Surgical Discharges per 1,000 Medicare Enrollees (2010)","Abdominal Aortic Aneurysm Repair per 1,000 Medicare Enrollees (2010)","Back Surgery per 1,000 Medicare Enrollees (2010)","Coronary Angiography per 1,000 Medicare Enrollees (2010)","Coronary Artery Bypass Grafting (CABG) per 1,000 Medicare Enrollees (2010)","Percutaneous Coronary Interventions per 1,000 Medicare Enrollees (2010)","Carotid Endarterectomy per 1,000 Medicare Enrollees (2010)","Cholecystectomy per 1,000 Medicare Enrollees (2010)","Hospitalization for Hip Fracture per 1,000 Medicare Enrollees (2010)","Hip Replacement per 1,000 Medicare Enrollees (2010)","Knee Replacement per 1,000 Medicare Enrollees (2010)","Mastectomy for Breast Cancer per 1,000 Female Medicare Enrollees (2010)","Resection for Colon Cancer per 1,000 Medicare Enrollees (2010)","Lower Extremity Revascularization per 1,000 Medicare Enrollees (2010)","Transurethral Prostatectomy for Benign Prostatic Hyperplasia per 1,000 Male Medicare Enrollees (2010)","Radical Prostatectomy per 1,000 Male Medicare Enrollees (2010)","Aortic/Mitral Valve Replacement per 1,000 Medicare Enrollees (2010)"
1.0,AL-Birmingham,228522.0,101.049999952316,1.15999999642372,5.88999998569489,24.5,4.28999999165535,10.3199999928474,2.52999999374151,4.02999998629093,8.58999997377396,2.92999999970198,9.25999999046326,1.01999999955297,0.689999999478459,1.04999999701977,3.98999999463558,1.40999999642372,1.39999999850988
2.0,AL-Dothan,47985.0,98.7699999809265,1.25999999791384,7.07999999821186,16.4499999880791,4.00999999046326,6.75,3.69999999552965,4.40999999642372,8.05999997258186,2.80999999493361,9.33999997377396,-1.25,1.12999999895692,0.559999998658895,3.95999999344349,2.09999999403954,1.40999999642372
5.0,AL-Huntsville,71400.0,89.4799997806549,1.25,5.72999998927116,16.4499999880791,3.42999999970198,6.80999998748302,2.37999999523163,4.02999998629093,7.90999999642372,3.32999999821186,9.45999997854233,0.709999999031425,0.619999999180436,0.639999998733401,2.56999999284744,2.34999999403954,1.35999999940395
6.0,AL-Mobile,78020.0,102.129999876022,1.03999999910593,5.3999999910593,22.8099999427795,4.75,10.4699999988079,2.02999999374151,4.20999999344349,8.78999999165535,3.16999999433756,9.48999997973442,0.629999998956919,0.849999999627471,1.50999999791384,1.16999999806285,1.7799999974668,1.60999999940395
7.0,AL-Montgomery,43108.0,95.7199997901917,1.06999999657273,7.27999998629093,14.5599999725819,4.69999998807907,6.88999998569489,2.44999999552965,3.95999999344349,9.23999997973442,2.76999999582767,7.4299999922514,-1.0,1.17999999970198,1.04999999701977,3.52999999374151,-1.38999999687076,1.29999999701977
9.0,AL-Tuscaloosa,27899.0,99.3899998664856,-0.819999998435378,4.95999999344349,22.6499999761581,3.60999999940395,9.88999998569489,1.39999999850988,4.78999999165535,7.6499999910593,3.09999999403954,7.88999998569489,-1.23999999836087,-0.519999999552965,1.13999999687076,2.14999999850988,-1.01999999955297,0.969999998807907
10.0,AK-Anchorage,52461.0,82.1999998092651,0.569999998435378,5.09999999403954,11.0499999821186,2.63999999314547,5.88999998569489,1.46999999880791,3.17999999970198,5.93999999761581,4.37999999523163,9.09999999403954,-0.669999999925494,1.11999999731779,0.28999999910593,2.50999999791384,1.47999999672174,2.0899999961257
11.0,AZ-Mesa,76609.0,102.389999866486,0.97999999858439,4.66999998688698,17.4499999880791,3.71999999880791,7.77999998629093,2.0899999961257,3.95999999344349,6.84999999403954,4.5,9.73999997973442,0.579999998211861,0.879999998956919,0.829999998211861,2.47999999672174,1.64999999850988,1.40999999642372
12.0,AZ-Phoenix,247262.0,95.4399998188019,0.839999999850988,4.98999999463558,16.3599999547005,3.27999999374151,8.16999998688698,1.75,3.65999999642372,7.09999999403954,4.41999998688698,9.21999999880791,0.839999999850988,0.619999999180436,0.78999999910593,2.68999999761581,1.73999999836087,1.38999999687076
14.0,AZ-Sun City,45035.0,109.129999876022,0.919999999925494,4.1499999910593,20.4899999499321,3.50999999791384,10.2099999785423,1.85999999940395,3.51999999582767,6.87999999523163,4.91999998688698,12.2299999892712,-1.25,0.619999999180436,0.72999999858439,2.14999999850988,-1.48999999836087,1.67999999970198
15.0,AZ-Tucson,102139.0,91.25,0.739999998360872,5.81999999284744,14.6299999952316,2.51999999582767,7.36999998986721,1.73999999836087,4.12999999523163,6.34999999403954,4.25999999046326,9.59999999403954,0.679999999701977,0.479999999515712,0.809999998658895,3.18999999761581,1.70999999716878,1.3099999986589
16.0,AR-Fort Smith,42067.0,86.0199999809265,1.17999999970198,3.86999999731779,16.4799999594688,3.31999999284744,7.0,1.87999999895692,4.40999999642372,9.26999998092651,2.68999999761581,8.42999997735024,,1.20999999716878,0.599999999627471,3.71999999880791,-1.35999999940395,1.38999999687076
18.0,AR-Jonesboro,29065.0,97.7299997806549,-1.0,5.73999999463558,17.2099999785423,3.23999999463558,11.8799999952316,2.66999999433756,2.87999999523163,9.44999998807907,2.59999999403954,7.87999999523163,-0.899999998509884,-1.09999999776483,-0.909999998286366,4.63999998569489,-0.889999998733401,1.16999999806285
19.0,AR-Little Rock,195027.0,104.609999895096,1.06999999657273,6.19999998807907,23.589999973774,4.68999999761581,13.5399999916554,2.63999999314547,4.15999999642372,7.90999999642372,3.06999999284744,9.83999997377396,1.2799999974668,0.869999999180436,0.849999999627471,2.51999999582767,2.09999999403954,1.17999999970198
21.0,AR-Springdale,48876.0,95.6199998855591,1.26999999955297,3.68999999761581,25.039999961853,4.53999999165535,11.589999973774,2.88999999314547,3.96999999880791,7.13999998569489,3.76999999582767,9.27999997138977,-0.75,0.899999998509884,0.689999999478459,2.38999999314547,1.42999999970198,1.58999999985099
22.0,AR-Texarkana,32529.0,101.489999771118,1.20999999716878,5.43999999761581,18.9399999976158,6.41999998688698,8.12999999523163,2.60999999940395,3.12999999523163,9.84999999403954,3.09999999403954,8.95999997854233,-1.44999999925494,1.51999999955297,0.97999999858439,4.27999998629093,-2.72999999672174,1.5299999974668
23.0,CA-Orange County,192715.0,76.6199998855591,0.709999999031425,4.6499999910593,10.2299999892712,1.92999999970198,4.98999999463558,1.0299999974668,2.75,5.35999999940395,3.32999999821186,6.77999998629093,0.599999999627471,0.53999999910593,0.449999999254942,2.13999999314547,1.84999999776483,1.08999999985099
25.0,CA-Bakersfield,65876.0,95.8299999237061,0.659999998286366,5.33999998867512,21.6399999856949,3.11999999731779,11.8999999761581,1.67999999970198,3.57999999821186,6.98999999463558,3.12999999523163,8.72999998927116,1.12999999895692,0.689999999478459,1.20999999716878,3.66999999433756,1.33999999985099,1.47999999672174
31.0,CA-Chico,42107.0,91.9199998378754,0.559999998658895,3.98999999463558,14.8599999845028,3.52999999374151,6.25,2.8399999961257,3.39999999850988,7.36999998986721,4.26999999582767,9.35999998450279,-1.53999999910593,0.97999999858439,0.989999998360872,3.12999999523163,-1.75999999791384,1.37999999895692
33.0,CA-Contra Costa County,62293.0,74.8299999237061,0.669999999925494,3.43999999761581,8.69999998807907,2.31999999284744,4.51999999582767,1.25999999791384,2.65999999642372,5.30999998748302,3.59999999403954,8.19999998807907,0.769999999552965,0.439999999478459,0.599999999627471,2.48999999463558,1.01999999955297,1.04999999701977
43.0,CA-Fresno,77864.0,87.8599998950958,0.459999999962747,3.68999999761581,16.2999999523163,3.35999999940395,9.66999998688698,1.46999999880791,3.40999999642372,6.00999999046326,3.53999999910593,9.20999997854233,1.37999999895692,0.449999999254942,0.559999998658895,5.09999999403954,1.5599999986589,1.69999999925494
56.0,CA-Los Angeles,541386.0,81.1899998188019,0.5,4.47999998927116,12.5199999809265,1.65999999642372,6.03999999165535,1.08999999985099,3.30999999493361,5.47999998927116,2.80999999493361,6.30999998748302,0.889999998733401,0.719999998807907,0.669999999925494,3.26999999582767,1.86999999731779,1.08999999985099
58.0,CA-Modesto,64696.0,87.5599999427795,0.849999999627471,3.75999999791384,14.8299999833107,3.64999999850988,6.82999999821186,3.28999999910593,3.01999999582767,6.66999998688698,3.50999999791384,8.29999998211861,1.16999999806285,1.08999999985099,1.09999999776483,3.90999999642372,0.689999999478459,1.5599999986589
62.0,CA-Napa,32748.0,93.7399997711182,0.859999999403954,3.43999999761581,16.1499999761581,2.25999999791384,8.06999999284744,2.66999999433756,3.29999999701977,6.18999999761581,5.41999998688698,9.34999999403954,-1.06999999657273,0.869999999180436,0.699999999254942,1.93999999761581,-0.849999999627471,1.32999999821186
65.0,CA-Alameda County,81395.0,67.039999961853,0.679999999701977,3.73999999463558,9.44999998807907,1.21999999880791,5.08999998867512,0.899999998509884,2.64999999850988,4.82999999821186,3.10999999940395,6.1799999922514,0.619999999180436,0.439999999478459,0.78999999910593,1.69999999925494,0.909999998286366,0.859999999403954
69.0,CA-Palm Springs/Rancho Mirage,39602.0,100.149999856949,0.72999999858439,5.95999999344349,14.9799999892712,2.46999999880791,7.33999998867512,1.31999999657273,4.43999999761581,6.56999999284744,5.0,10.0099999904633,-1.18999999761581,0.479999999515712,0.589999999850988,4.83999998867512,-1.37999999895692,1.76999999955297
73.0,CA-Redding,48830.0,87.9499998092651,0.759999999776483,4.29999999701977,13.1099999845028,2.06999999284744,6.54999999701977,3.0,3.09999999403954,6.58999998867512,3.90999999642372,8.88999998569489,-0.429999999701977,0.909999998286366,1.10999999940395,5.36999998986721,1.18999999761581,1.37999999895692
77.0,CA-Sacramento,174647.0,76.9099998474121,0.679999999701977,3.70999999344349,10.589999973774,2.87999999523163,4.81999999284744,1.70999999716878,2.84999999403954,6.1799999922514,3.75,8.23999997973442,1.25,0.709999999031425,0.839999999850988,2.82999999821186,1.0,1.47999999672174
78.0,CA-Salinas,39154.0,79.2299997806549,0.46999999973923,5.93999999761581,9.33999997377396,2.46999999880791,4.58999998867512,1.47999999672174,4.06999999284744,5.02999998629093,3.53999999910593,7.93999999761581,-0.599999999627471,0.529999999329448,0.549999998882413,1.23999999836087,-0.679999999701977,1.61999999731779
79.0,CA-San Bernardino,115701.0,82.0099999904633,0.619999999180436,4.12999999523163,16.039999961853,2.55999999493361,7.41999998688698,1.53999999910593,3.20999999344349,6.4299999922514,2.65999999642372,6.75,0.929999999701977,0.859999999403954,0.799999998882413,2.50999999791384,1.46999999880791,1.07999999821186
80.0,CA-San Diego,216157.0,80.75,0.559999998658895,4.5,14.3199999928474,2.12999999523163,8.43999999761581,1.08999999985099,3.20999999344349,5.79999999701977,2.98999999463558,6.69999998807907,0.859999999403954,0.559999998658895,0.949999999254942,2.63999999314547,1.25999999791384,1.31999999657273
81.0,CA-San Francisco,101884.0,61.9799998998642,0.449999999254942,3.15999999642372,8.44999998807907,1.2799999974668,4.25999999046326,0.759999999776483,2.41999999433756,5.19999998807907,3.15999999642372,5.72999998927116,0.269999999552965,0.699999999254942,0.589999999850988,2.16999999433756,0.699999999254942,1.07999999821186
82.0,CA-San Jose,106075.0,62.9899998903275,0.429999999701977,3.81999999284744,8.43999999761581,1.20999999716878,4.56999999284744,0.609999999403954,3.01999999582767,4.55999998748302,2.69999999552965,5.27999998629093,0.549999998882413,0.839999999850988,0.519999999552965,1.81999999657273,0.899999998509884,1.26999999955297
83.0,CA-San Luis Obispo,30432.0,77.8899998664856,0.879999998956919,4.61999998986721,11.0599999725819,2.3399999961257,6.1499999910593,1.57999999821186,2.61999999731779,5.53999999165535,5.44999998807907,8.75999999046326,-0.78999999910593,-0.5,-1.10999999940395,1.36999999731779,-2.14999999850988,1.69999999925494
85.0,CA-San Mateo County,55971.0,68.7199997901917,0.75,3.48999999463558,6.45999999344349,1.54999999701977,3.65999999642372,1.18999999761581,2.25999999791384,5.12999999523163,4.30999998748302,6.3999999910593,-0.799999998882413,0.399999999441206,0.739999998360872,2.63999999314547,0.829999998211861,1.3099999986589
86.0,CA-Santa Barbara,42537.0,81.3299999237061,0.709999999031425,6.08999998867512,10.0799999833107,2.21999999880791,5.60999999940395,1.54999999701977,2.44999999552965,5.54999999701977,4.6499999910593,7.69999998807907,-0.689999999478459,0.609999999403954,0.459999999962747,3.51999999582767,-1.91999999806285,1.41999999806285
87.0,CA-Santa Cruz,23710.0,79.8899998664856,-0.579999998211861,4.47999998927116,11.9799999892712,1.44999999925494,5.25999999046326,1.03999999910593,3.0899999961257,4.97999998927116,4.1799999922514,8.46999999880791,-1.33999999985099,-0.569999998435378,,-2.5,-1.51999999955297,1.54999999701977
89.0,CA-Santa Rosa,38987.0,74.2399997711182,0.549999998882413,2.65999999642372,7.65999999642372,2.12999999523163,3.68999999761581,1.33999999985099,2.48999999463558,6.66999998688698,5.25999999046326,7.96999999880791,-1.21999999880791,0.669999999925494,0.809999998658895,0.929999999701977,-0.709999999031425,1.43999999761581
91.0,CA-Stockton,38468.0,84.4599997997284,0.619999999180436,4.15999999642372,13.8899999856949,3.5,5.76999999582767,1.64999999850988,3.81999999284744,6.23999999463558,3.19999999552965,6.84999999403954,-0.819999998435378,0.589999999850988,1.5299999974668,2.62999999523163,-0.939999999478459,1.86999999731779
96.0,CA-Ventura,68004.0,90.4599997997284,0.589999999850988,7.02999998629093,12.419999986887,2.06999999284744,6.30999998748302,1.08999999985099,3.76999999582767,5.80999998748302,3.76999999582767,8.01999998092651,1.01999999955297,0.619999999180436,1.11999999731779,6.48999999463558,2.19999999552965,1.50999999791384
101.0,CO-Boulder,20125.0,85.1099998950958,,6.63999998569489,14.869999974966,1.63999999687076,7.29999999701977,1.0299999974668,3.57999999821186,5.98999999463558,5.25999999046326,10.119999974966,,-0.689999999478459,,-1.83999999985099,-2.15999999642372,0.899999998509884
102.0,CO-Colorado Springs,71715.0,83.2999999523163,0.72999999858439,4.87999999523163,10.8799999952316,2.77999999374151,5.01999999582767,2.0899999961257,2.94999999552965,7.23999999463558,4.65999999642372,10.8899999856949,0.439999999478459,0.78999999910593,0.609999999403954,0.53999999910593,1.62999999895692,1.06999999657273
103.0,CO-Denver,156915.0,87.0899999141693,0.879999998956919,7.6799999922514,9.11999997496605,1.75,4.75,1.10999999940395,3.05999999493361,6.81999999284744,5.18999999761581,11.589999973774,0.569999998435378,0.619999999180436,0.509999999776483,0.97999999858439,1.08999999985099,1.0299999974668
104.0,CO-Fort Collins,31778.0,85.5699999332428,0.879999998956919,6.75,11.0199999809265,1.75999999791384,5.61999998986721,1.38999999687076,2.75999999791384,5.51999999582767,5.28999999165535,10.6999999880791,,-0.679999999701977,0.629999998956919,1.40999999642372,-1.64999999850988,0.97999999858439
105.0,CO-Grand Junction,40110.0,77.1899998188019,0.919999999925494,5.82999999821186,7.40999999642372,1.19999999925494,3.59999999403954,1.2799999974668,2.92999999970198,6.20999999344349,5.04999999701977,11.4099999964237,-0.529999999329448,0.619999999180436,0.629999998956919,1.57999999821186,-1.92999999970198,0.909999998286366
106.0,CO-Greeley,33609.0,94.6399998664856,0.969999998807907,7.80999998748302,13.9599999785423,1.8099999986589,7.08999998867512,1.41999999806285,3.87999999523163,5.70999999344349,4.83999998867512,12.8099999725819,-0.97999999858439,0.659999998286366,0.599999999627471,1.39999999850988,-1.20999999716878,0.969999998807907
107.0,CO-Pueblo,19652.0,89.8499999046326,-0.619999999180436,4.31999999284744,10.2199999988079,1.93999999761581,3.67999999970198,2.16999999433756,4.45999999344349,7.07999999821186,4.27999998629093,11.8999999761581,,-0.929999999701977,-0.629999998956919,,-1.25999999791384,1.0599999986589
109.0,CT-Bridgeport,67835.0,86.1299998760223,0.719999998807907,3.21999999880791,12.419999986887,1.71999999880791,7.48999999463558,1.48999999836087,1.96999999880791,6.12999999523163,4.66999998688698,7.45999999344349,0.869999999180436,0.739999998360872,0.879999998956919,3.75,1.54999999701977,1.20999999716878
110.0,CT-Hartford,166377.0,84.3199999332428,0.779999999329448,3.86999999731779,13.0299999713898,3.25,6.46999999880791,1.54999999701977,2.66999999433756,5.79999999701977,4.02999998629093,7.95999999344349,1.09999999776483,0.679999999701977,0.899999998509884,3.01999999582767,0.969999998807907,1.86999999731779
111.0,CT-New Haven,160274.0,85.2799999713898,0.75,3.45999999344349,13.4699999988079,2.73999999463558,6.75999999046326,1.94999999925494,2.52999999374151,5.97999998927116,4.58999998867512,7.83999998867512,1.11999999731779,0.569999998435378,0.809999998658895,2.19999999552965,1.32999999821186,1.59999999776483
112.0,DE-Wilmington,91340.0,88.4499998092651,0.779999999329448,3.78999999910593,15.0299999713898,3.77999999374151,6.37999999523163,1.85999999940395,3.16999999433756,6.1799999922514,4.30999998748302,9.37999999523163,0.629999998956919,1.03999999910593,0.989999998360872,1.79999999701977,0.599999999627471,2.04999999701977
113.0,DC-Washington,275158.0,81.8699998855591,0.709999999031425,4.55999998748302,12.7299999892712,2.88999999314547,5.8999999910593,1.40999999642372,2.40999999642372,6.1799999922514,4.08999998867512,8.48999997973442,0.889999998733401,0.72999999858439,0.929999999701977,2.5899999961257,1.09999999776483,1.3099999986589
115.0,FL-Bradenton,44387.0,99.6999998092651,1.3099999986589,6.9299999922514,16.6399999856949,3.81999999284744,9.60999998450279,2.21999999880791,3.3399999961257,6.86999998986721,5.23999999463558,9.54999998211861,-1.01999999955297,0.859999999403954,0.549999998882413,1.23999999836087,-1.31999999657273,1.68999999761581
116.0,FL-Clearwater,59309.0,90.0,1.0,5.88999998569489,15.5,3.02999999374151,7.05999998748302,1.78999999910593,2.87999999523163,6.73999999463558,4.54999999701977,8.52999997138977,1.04999999701977,0.489999999292195,0.819999998435378,1.87999999895692,1.40999999642372,1.2799999974668
118.0,FL-Fort Lauderdale,288350.0,92.5699999332428,0.809999998658895,5.45999999344349,15.5699999928474,3.25,6.62999999523163,1.75999999791384,3.57999999821186,6.78999999165535,4.72999998927116,7.69999998807907,0.649999998509884,0.549999998882413,0.699999999254942,2.45999999344349,1.40999999642372,1.66999999806285
119.0,FL-Fort Myers,183531.0,102.719999790192,1.0299999974668,7.23999999463558,15.4399999976158,3.31999999284744,7.78999999165535,2.82999999821186,3.79999999701977,6.75999999046326,6.01999999582767,11.0799999833107,0.529999999329448,0.879999998956919,0.879999998956919,1.7799999974668,1.36999999731779,1.59999999776483
120.0,FL-Gainesville,66877.0,90.7999999523163,0.689999999478459,6.01999999582767,18.789999961853,2.63999999314547,7.45999999344349,2.5899999961257,3.81999999284744,7.23999999463558,3.03999999910593,7.75999999046326,0.709999999031425,0.799999998882413,1.0599999986589,2.98999999463558,0.809999998658895,1.19999999925494
122.0,FL-Hudson,51309.0,106.859999895096,1.17999999970198,6.48999999463558,22.1799999475479,3.07999999821186,10.3199999928474,2.48999999463558,5.35999999940395,7.07999999821186,3.8399999961257,8.64999997615814,-0.709999999031425,1.04999999701977,0.719999998807907,2.5,0.779999999329448,1.57999999821186
123.0,FL-Jacksonville,155062.0,98.1599998474121,1.12999999895692,5.55999998748302,17.8999999761581,3.56999999284744,7.27999998629093,2.56999999284744,3.59999999403954,7.35999999940395,3.69999999552965,10.089999973774,0.699999999254942,0.699999999254942,1.0599999986589,2.53999999910593,0.819999998435378,1.48999999836087
124.0,FL-Lakeland,33597.0,99.0699999332428,1.11999999731779,3.56999999284744,19.5699999928474,2.97999999672174,7.87999999523163,2.50999999791384,3.85999999940395,7.05999998748302,2.50999999791384,9.31999999284744,-0.799999998882413,0.669999999925494,1.21999999880791,3.5899999961257,-0.78999999910593,1.51999999955297
127.0,FL-Miami,185039.0,89.75,0.569999998435378,3.01999999582767,15.6099999845028,2.00999999791384,7.37999999523163,1.00999999791384,3.88999999314547,6.13999998569489,2.37999999523163,5.18999999761581,0.779999999329448,0.669999999925494,0.639999998733401,3.25,1.51999999955297,1.46999999880791
129.0,FL-Ocala,110694.0,103.179999828339,0.97999999858439,9.35999998450279,20.2299999594688,4.33999998867512,9.11999997496605,2.85999999940395,3.97999999672174,6.69999998807907,4.47999998927116,9.5799999833107,0.5,1.00999999791384,0.959999999031425,1.31999999657273,2.38999999314547,1.76999999955297
130.0,FL-Orlando,373680.0,99.4499998092651,0.969999998807907,5.35999999940395,18.1199999451637,3.46999999880791,8.85999998450279,2.46999999880791,3.93999999761581,6.94999998807907,3.82999999821186,8.95999997854233,0.599999999627471,0.75,0.969999998807907,1.59999999776483,1.40999999642372,1.64999999850988
131.0,FL-Ormond Beach,52727.0,85.9699997901917,0.919999999925494,4.20999999344349,12.1399999856949,3.29999999701977,4.48999999463558,2.66999999433756,2.69999999552965,7.53999999165535,4.80999998748302,9.3299999833107,-0.739999998360872,0.849999999627471,1.37999999895692,1.20999999716878,0.929999999701977,1.51999999955297
133.0,FL-Panama City,27981.0,102.979999780655,-1.25999999791384,5.81999999284744,25.25,3.66999999433756,10.3799999952316,3.41999999433756,3.80999999493361,8.45999997854233,2.52999999374151,9.18999999761581,,-0.739999998360872,-1.25999999791384,3.05999999493361,-3.39999999850988,1.54999999701977
134.0,FL-Pensacola,92191.0,104.019999980927,1.25999999791384,7.06999999284744,18.7799999713898,3.56999999284744,7.91999998688698,2.55999999493361,4.06999999284744,7.94999998807907,3.43999999761581,10.119999974966,0.689999999478459,1.08999999985099,1.8099999986589,2.03999999910593,1.32999999821186,1.09999999776483
137.0,FL-Sarasota,86470.0,91.5999999046326,0.939999999478459,6.6499999910593,12.3099999725819,4.01999999582767,5.25,2.19999999552965,2.94999999552965,6.07999999821186,5.06999999284744,10.8199999928474,0.319999999366701,0.939999999478459,0.889999998733401,3.04999999701977,2.20999999344349,1.81999999657273
139.0,FL-St. Petersburg,42481.0,100.179999828339,0.879999998956919,4.88999998569489,15.2899999916554,2.69999999552965,7.15999999642372,3.71999999880791,3.90999999642372,7.25999999046326,4.16999998688698,7.18999999761581,-0.819999998435378,0.919999999925494,1.08999999985099,3.07999999821186,-0.939999999478459,1.87999999895692
140.0,FL-Tallahassee,68956.0,88.7699999809265,1.18999999761581,6.28999999165535,16.3099999427795,3.14999999850988,6.6799999922514,2.42999999970198,3.61999999731779,7.21999999880791,3.07999999821186,7.86999998986721,0.949999999254942,0.759999999776483,0.75,3.62999999523163,0.799999998882413,1.0299999974668
141.0,FL-Tampa,93823.0,97.8799998760223,0.759999999776483,5.05999998748302,17.7599999904633,3.5899999961257,7.09999999403954,2.21999999880791,4.16999998688698,6.90999999642372,3.65999999642372,8.10999998450279,0.879999998956919,0.799999998882413,0.959999999031425,2.96999999880791,1.2799999974668,1.46999999880791
142.0,GA-Albany,19539.0,86.3899998664856,-1.04999999701977,7.40999999642372,11.1399999856949,3.04999999701977,5.0,2.00999999791384,4.26999999582767,8.3299999833107,4.36999998986721,9.26999998092651,,-0.739999998360872,-1.37999999895692,-1.50999999791384,,-1.23999999836087
144.0,GA-Atlanta,426065.0,83.2599999904633,0.899999998509884,4.27999998629093,14.7599999904633,3.22999999672174,7.09999999403954,2.25999999791384,3.04999999701977,7.86999998986721,3.71999999880791,8.39999997615814,0.489999999292195,0.649999998509884,0.779999999329448,1.46999999880791,1.11999999731779,1.25
145.0,GA-Augusta,63079.0,88.6999998092651,1.04999999701977,5.1499999910593,16.5,3.06999999284744,9.79999998211861,1.75999999791384,3.3399999961257,7.48999999463558,3.13999999314547,9.37999999523163,0.459999999962747,0.549999998882413,0.659999998286366,2.40999999642372,0.719999998807907,1.46999999880791
146.0,GA-Columbus,30114.0,87.5799999237061,-1.16999999806285,8.87999999523163,9.94999998807907,2.43999999761581,4.02999998629093,2.09999999403954,3.11999999731779,6.82999999821186,3.78999999910593,11.0299999713898,-0.589999999850988,-1.14999999850988,1.28999999910593,1.23999999836087,-1.48999999836087,1.0
147.0,GA-Macon,66269.0,99.0499999523163,0.919999999925494,6.54999999701977,26.7999999523163,4.46999999880791,10.9299999773502,2.39999999850988,3.50999999791384,8.76999998092651,3.17999999970198,8.5799999833107,0.589999999850988,0.759999999776483,0.879999998956919,1.73999999836087,1.16999999806285,1.29999999701977
148.0,GA-Rome,30774.0,100.089999914169,0.949999999254942,5.3999999910593,27.4899999499321,3.94999999552965,11.839999973774,2.8399999961257,3.5899999961257,10.1499999761581,3.46999999880791,9.33999997377396,,-1.01999999955297,0.859999999403954,1.70999999716878,-2.45999999344349,0.849999999627471
149.0,GA-Savannah,82281.0,89.6599998474121,0.819999998435378,7.1799999922514,11.9899999797344,2.95999999344349,4.59999999403954,2.01999999582767,3.55999999493361,7.09999999403954,4.81999999284744,11.4099999964237,0.809999998658895,0.699999999254942,0.829999998211861,1.78999999910593,1.0,1.33999999985099
150.0,HI-Honolulu,135271.0,39.0499999523163,0.259999999776483,1.45999999716878,6.48999999463558,1.61999999731779,2.55999999493361,0.429999999701977,2.11999999731779,2.51999999582767,1.44999999925494,3.41999999433756,0.349999999627471,0.549999998882413,0.389999999664724,1.70999999716878,0.97999999858439,0.779999999329448
151.0,ID-Boise,65831.0,81.5899999141693,0.5,7.96999999880791,11.1599999964237,2.12999999523163,5.59999999403954,1.5599999986589,2.26999999582767,6.01999999582767,5.35999999940395,12.3499999940395,0.349999999627471,0.699999999254942,0.599999999627471,1.10999999940395,1.89999999850988,1.25
152.0,ID-Idaho Falls,18407.0,89.5999999046326,-0.559999998658895,5.59999999403954,9.15999999642372,2.5899999961257,4.41999998688698,1.98999999836087,2.8399999961257,5.79999999701977,6.71999999880791,15.8099999725819,-1.23999999836087,,,-4.19999998807907,,1.12999999895692
154.0,IL-Aurora,22182.0,92.7299997806549,-0.819999998435378,4.04999999701977,14.9599999785423,4.69999998807907,5.62999999523163,2.39999999850988,4.4299999922514,6.63999998569489,4.43999999761581,11.0599999725819,,-1.00999999791384,-0.559999998658895,,-1.0299999974668,1.19999999925494
155.0,IL-Blue Island,101211.0,102.139999866486,0.969999998807907,3.5899999961257,23.5599999427795,3.78999999910593,10.4099999964237,1.92999999970198,3.44999999552965,6.45999999344349,4.61999998986721,9.96999999880791,0.739999998360872,1.12999999895692,0.75,2.62999999523163,1.50999999791384,1.71999999880791
156.0,IL-Chicago,202934.0,87.3199999332428,0.589999999850988,2.94999999552965,17.0699999928474,2.71999999880791,7.43999999761581,1.25999999791384,3.32999999821186,5.71999999880791,3.19999999552965,6.62999999523163,0.97999999858439,0.949999999254942,1.0,3.10999999940395,1.13999999687076,1.26999999955297
158.0,IL-Elgin,72885.0,103.27999997139,1.03999999910593,4.04999999701977,20.0499999523163,3.50999999791384,9.61999997496605,2.00999999791384,4.44999998807907,5.93999999761581,5.07999999821186,10.5999999940395,0.78999999910593,0.929999999701977,0.889999998733401,2.61999999731779,1.72999999672174,1.48999999836087
161.0,IL-Evanston,130799.0,86.2099997997284,0.769999999552965,4.11999998986721,13.2699999809265,2.8399999961257,6.46999999880791,1.12999999895692,3.00999999791384,5.81999999284744,5.12999999523163,8.63999998569489,0.769999999552965,0.479999999515712,0.769999999552965,2.60999999940395,1.5299999974668,1.66999999806285
163.0,IL-Hinsdale,47651.0,90.0699999332428,0.609999999403954,4.13999998569489,15.0699999928474,2.65999999642372,7.00999999046326,1.31999999657273,2.88999999314547,6.16999998688698,4.75,10.0799999833107,-1.06999999657273,0.649999998509884,,2.53999999910593,1.22999999672174,1.13999999687076
164.0,IL-Joliet,70395.0,103.609999895096,0.679999999701977,5.0,20.7399999499321,4.13999998569489,8.83999997377396,2.43999999761581,3.42999999970198,6.27999998629093,4.16999998688698,11.1399999856949,0.759999999776483,0.969999998807907,0.639999998733401,3.68999999761581,1.11999999731779,1.50999999791384
166.0,IL-Melrose Park,136638.0,95.6799998283386,0.889999998733401,3.40999999642372,17.3799999952316,2.91999999433756,8.22999998927116,1.58999999985099,3.71999999880791,6.09999999403954,4.72999998927116,9.59999999403954,0.899999998509884,0.819999998435378,0.699999999254942,3.01999999582767,1.14999999850988,1.22999999672174
170.0,IL-Peoria,79876.0,93.2299997806549,1.12999999895692,4.53999999165535,12.2099999785423,2.84999999403954,5.81999999284744,1.73999999836087,3.80999999493361,7.09999999403954,4.84999999403954,10.0399999916554,1.2799999974668,0.869999999180436,1.08999999985099,3.00999999791384,0.909999998286366,1.54999999701977
171.0,IL-Rockford,82698.0,97.1899998188019,1.08999999985099,4.04999999701977,20.2599999904633,3.79999999701977,10.2999999821186,1.97999999672174,3.25,6.43999999761581,5.13999998569489,10.9299999773502,1.0,1.26999999955297,1.0599999986589,2.31999999284744,1.64999999850988,1.60999999940395
172.0,IL-Springfield,121375.0,100.419999837875,1.08999999985099,4.63999998569489,22.089999973774,3.11999999731779,11.6499999761581,2.09999999403954,3.17999999970198,7.07999999821186,4.26999999582767,11.1099999845028,1.23999999836087,1.12999999895692,0.75,3.29999999701977,1.07999999821186,1.11999999731779
173.0,IL-Urbana,47813.0,94.5899999141693,0.989999998360872,4.94999998807907,15.0399999916554,3.45999999344349,7.63999998569489,2.95999999344349,2.88999999314547,6.38999998569489,4.09999999403954,10.3599999845028,-1.13999999687076,1.2799999974668,1.09999999776483,2.63999999314547,1.25,1.37999999895692
175.0,IL-Bloomington,18624.0,104.329999923706,-1.16999999806285,8.45999997854233,19.6899999976158,3.36999999731779,9.09999999403954,2.56999999284744,3.3399999961257,7.0,4.65999999642372,11.8599999845028,-1.31999999657273,-0.859999999403954,,-2.86999999731779,-2.18999999761581,1.40999999642372
179.0,IN-Evansville,87102.0,93.0099999904633,0.929999999701977,3.76999999582767,18.1099999547005,3.72999999672174,8.01999998092651,2.85999999940395,3.71999999880791,7.43999999761581,4.04999999701977,11.75,0.5,1.26999999955297,0.939999999478459,1.94999999925494,1.04999999701977,1.0599999986589
180.0,IN-Fort Wayne,72147.0,86.0799999237061,1.0,5.16999998688698,13.4399999976158,2.86999999731779,6.37999999523163,1.50999999791384,3.81999999284744,6.03999999165535,4.59999999403954,9.84999999403954,0.849999999627471,0.819999998435378,1.0,1.37999999895692,1.0299999974668,1.22999999672174
181.0,IN-Gary,63354.0,104.689999818802,1.23999999836087,4.81999999284744,19.7399999499321,4.33999998867512,9.04999998211861,2.59999999403954,3.28999999910593,6.98999999463558,4.38999998569489,9.63999998569489,0.949999999254942,1.28999999910593,1.25999999791384,4.34999999403954,2.05999999493361,1.62999999895692
183.0,IN-Indianapolis,289152.0,89.3499999046326,1.0,4.51999999582767,16.4899999499321,3.36999999731779,9.42999997735024,2.03999999910593,3.01999999582767,6.81999999284744,4.38999998569489,10.169999986887,0.569999998435378,0.909999998286366,1.09999999776483,2.11999999731779,1.09999999776483,1.32999999821186
184.0,IN-Lafayette,22310.0,86.6599998474121,-1.13999999687076,4.15999999642372,17.3799999952316,4.80999998748302,8.59999999403954,1.7799999974668,3.05999999493361,7.01999999582767,4.29999999701977,10.2399999797344,,-2.03999999910593,-1.32999999821186,-1.86999999731779,-1.97999999672174,1.60999999940395
185.0,IN-Muncie,22226.0,93.5299999713898,-1.58999999985099,5.8999999910593,13.1499999761581,3.39999999850988,7.58999998867512,2.44999999552965,3.92999999970198,7.48999999463558,4.06999999284744,9.08999997377396,,-1.71999999880791,-0.78999999910593,,-1.25,1.00999999791384
186.0,IN-Munster,37236.0,109.009999990463,0.97999999858439,3.73999999463558,22.9699999690056,4.84999999403954,10.7799999713898,2.70999999344349,4.08999998867512,6.38999998569489,4.30999998748302,9.10999998450279,-0.939999999478459,1.29999999701977,1.0,4.44999998807907,-2.61999999731779,2.02999999374151
187.0,IN-South Bend,72710.0,90.1199998855591,1.07999999821186,3.66999999433756,15.589999973774,3.17999999970198,7.66999998688698,2.53999999910593,2.65999999642372,6.33999998867512,4.76999999582767,11.169999986887,1.14999999850988,1.13999999687076,1.09999999776483,3.73999999463558,1.38999999687076,1.35999999940395
188.0,IN-Terre Haute,23334.0,101.949999809265,-0.899999998509884,2.39999999850988,19.339999973774,4.11999998986721,12.619999974966,2.46999999880791,4.5,8.14999997615814,3.42999999970198,9.89999997615814,-1.0299999974668,-1.19999999925494,-0.679999999701977,-2.76999999582767,-1.45999999716878,1.37999999895692
190.0,IA-Cedar Rapids,30929.0,83.9699997901917,1.0,3.57999999821186,13.5799999833107,3.25999999791384,6.98999999463558,2.16999999433756,2.92999999970198,5.68999999761581,4.83999998867512,12.0599999725819,,-1.57999999821186,0.709999999031425,1.67999999970198,-1.51999999955297,1.47999999672174
191.0,IA-Davenport,64541.0,101.199999809265,1.15999999642372,3.95999999344349,26.9399999976158,2.48999999463558,18.6999999880791,2.09999999403954,3.91999999433756,6.10999999940395,4.11999998986721,12.3299999833107,0.519999999552965,0.97999999858439,0.639999998733401,1.58999999985099,1.21999999880791,1.13999999687076
192.0,IA-Des Moines,129198.0,86.1799998283386,0.949999999254942,3.76999999582767,13.3099999725819,2.91999999433756,6.91999998688698,1.94999999925494,3.05999999493361,6.55999998748302,5.21999999880791,12.589999973774,0.709999999031425,0.929999999701977,0.739999998360872,1.7799999974668,1.78999999910593,1.04999999701977
193.0,IA-Dubuque,24438.0,78.3399999141693,-0.709999999031425,4.28999999165535,9.73999997973442,2.01999999582767,4.85999999940395,2.55999999493361,2.75999999791384,5.72999998927116,4.9299999922514,11.5199999809265,,-0.899999998509884,-0.859999999403954,-2.87999999523163,-2.06999999284744,0.929999999701977
194.0,IA-Iowa City,39263.0,80.9599997997284,0.639999998733401,4.70999999344349,14.9499999880791,2.15999999642372,8.42999997735024,1.29999999701977,2.90999999642372,6.60999999940395,3.78999999910593,10.5599999725819,-0.579999998211861,0.929999999701977,0.399999999441206,1.5599999986589,-2.36999999731779,1.01999999955297
195.0,IA-Mason City,24319.0,84.6899998188019,-1.00999999791384,6.66999998688698,18.0199999809265,4.08999998867512,7.30999998748302,2.23999999463558,2.00999999791384,7.44999998807907,5.94999998807907,10.4599999785423,,-1.28999999910593,,,,1.78999999910593
196.0,IA-Sioux City,30711.0,91.6499998569489,1.08999999985099,6.11999998986721,10.2099999785423,1.70999999716878,5.59999999403954,2.77999999374151,3.53999999910593,5.30999998748302,4.6499999910593,12.7399999797344,-1.51999999955297,0.989999998360872,1.98999999836087,2.39999999850988,-1.62999999895692,1.06999999657273
197.0,IA-Waterloo,27876.0,99.9799997806549,-1.13999999687076,5.4299999922514,21.5999999642372,3.97999999672174,11.0,2.72999999672174,3.45999999344349,5.47999998927116,4.04999999701977,11.7699999809265,,-1.25,-1.21999999880791,1.83999999985099,-1.22999999672174,1.98999999836087
200.0,KS-Topeka,56027.0,88.2099997997284,0.769999999552965,4.58999998867512,15.1099999845028,3.25999999791384,6.38999998569489,1.95999999716878,3.05999999493361,6.5,3.91999999433756,12.6599999964237,-0.409999999217689,1.0,0.549999998882413,2.17999999970198,2.26999999582767,1.16999999806285
201.0,KS-Wichita,159528.0,95.4199998378754,1.04999999701977,5.94999998807907,17.6299999952316,4.97999998927116,7.9299999922514,3.3399999961257,3.20999999344349,7.10999999940395,4.05999998748302,12.5099999904633,0.449999999254942,1.04999999701977,0.799999998882413,2.63999999314547,2.34999999403954,1.70999999716878
203.0,KY-Covington,32774.0,105.189999818802,1.12999999895692,4.53999999165535,27.4699999690056,3.68999999761581,10.419999986887,1.98999999836087,4.08999998867512,8.09999999403954,4.08999998867512,8.31999999284744,-0.75,1.00999999791384,0.619999999180436,4.98999999463558,-1.38999999687076,0.689999999478459
204.0,KY-Lexington,156611.0,95.25,1.21999999880791,3.22999999672174,23.089999973774,3.92999999970198,12.6599999964237,2.25,4.22999998927116,7.58999998867512,3.15999999642372,7.1499999910593,0.929999999701977,1.00999999791384,0.919999999925494,2.79999999701977,1.04999999701977,1.16999999806285
205.0,KY-Louisville,181292.0,103.419999837875,1.19999999925494,4.25,20.839999973774,4.07999999821186,8.78999999165535,2.34999999403954,4.59999999403954,7.55999998748302,4.21999999880791,10.6999999880791,0.739999998360872,0.959999999031425,1.01999999955297,3.69999999552965,1.11999999731779,1.36999999731779
207.0,KY-Owensboro,18202.0,97.1399998664856,-1.46999999880791,3.72999999672174,18.9599999785423,5.01999999582767,7.91999998688698,3.45999999344349,3.59999999403954,6.44999998807907,2.37999999523163,8.86999997496605,,-0.719999998807907,,-2.96999999880791,-1.40999999642372,0.959999999031425
208.0,KY-Paducah,55672.0,103.069999933243,0.769999999552965,6.22999998927116,20.9899999499321,3.89999999850988,9.21999999880791,2.66999999433756,4.93999999761581,8.19999998807907,3.71999999880791,10.2699999809265,-1.0299999974668,0.949999999254942,1.13999999687076,2.80999999493361,1.78999999910593,1.32999999821186
209.0,LA-Alexandria,34264.0,104.05999994278,0.859999999403954,6.47999998927116,23.9799999594688,6.16999998688698,9.75999999046326,2.92999999970198,4.38999998569489,8.34999999403954,1.92999999970198,9.59999999403954,-1.14999999850988,0.879999998956919,0.489999999292195,5.33999998867512,-1.10999999940395,1.69999999925494
210.0,LA-Baton Rouge,60548.0,91.0899999141693,0.939999999478459,4.78999999165535,12.7699999809265,4.57999999821186,5.52999998629093,4.03999999165535,3.91999999433756,8.73999997973442,2.91999999433756,8.35999998450279,1.31999999657273,0.879999998956919,1.0599999986589,0.939999999478459,1.75999999791384,1.51999999955297
212.0,LA-Houma,24701.0,91.7699999809265,-0.629999998956919,6.30999998748302,15.7799999713898,3.89999999850988,7.83999998867512,3.98999999463558,4.07999999821186,7.29999999701977,2.86999999731779,8.68999999761581,,-1.15999999642372,-0.46999999973923,-2.20999999344349,,1.87999999895692
213.0,LA-Lafayette,64297.0,97.6999998092651,1.06999999657273,3.34999999403954,16.339999973774,4.25,7.91999998688698,4.41999998688698,5.78999999165535,7.50999999046326,2.57999999821186,8.33999997377396,1.41999999806285,1.16999999806285,1.0299999974668,4.05999998748302,0.709999999031425,2.53999999910593
214.0,LA-Lake Charles,27510.0,97.0999999046326,-0.939999999478459,4.84999999403954,15.1399999856949,2.64999999850988,6.4299999922514,2.66999999433756,4.87999999523163,7.86999998986721,2.77999999374151,11.3499999940395,-0.689999999478459,-1.0599999986589,-0.799999998882413,3.65999999642372,-1.56999999657273,1.35999999940395
216.0,LA-Metairie,32302.0,99.2699999809265,1.10999999940395,4.40999999642372,23.589999973774,4.82999999821186,11.8299999833107,2.64999999850988,3.37999999523163,8.06999999284744,2.07999999821186,8.48999997973442,-0.78999999910593,0.819999998435378,0.97999999858439,2.26999999582767,-1.00999999791384,2.04999999701977
217.0,LA-Monroe,30818.0,98.6999998092651,-0.839999999850988,6.82999999821186,26.8999999761581,3.75999999791384,13.6099999845028,2.11999999731779,4.06999999284744,9.53999999165535,2.75999999791384,8.53999999165535,-1.06999999657273,-0.959999999031425,0.939999999478459,2.37999999523163,-0.929999999701977,1.8099999986589
218.0,LA-New Orleans,32354.0,84.0599999427795,-0.639999998733401,4.04999999701977,14.5199999809265,2.11999999731779,7.57999999821186,2.05999999493361,3.11999999731779,7.86999998986721,2.71999999880791,7.70999999344349,-0.759999999776483,0.819999998435378,0.659999998286366,2.21999999880791,-1.18999999761581,0.649999998509884
219.0,LA-Shreveport,76959.0,91.0999999046326,1.04999999701977,5.55999998748302,16.2399999499321,3.20999999344349,8.04999998211861,2.0,4.43999999761581,8.10999998450279,3.30999999493361,7.73999999463558,1.07999999821186,0.889999998733401,0.379999999888241,1.59999999776483,1.08999999985099,1.13999999687076
220.0,LA-Slidell,15934.0,99.8999998569489,-1.37999999895692,4.28999999165535,20.9599999785423,6.35999999940395,9.92999997735024,3.32999999821186,4.46999999880791,6.79999999701977,2.13999999314547,8.67999997735024,,-0.919999999925494,-1.67999999970198,-3.28999999910593,-1.41999999806285,-1.70999999716878
221.0,ME-Bangor,56824.0,80.0299999713898,0.899999998509884,3.40999999642372,16.6299999952316,2.86999999731779,6.46999999880791,1.62999999895692,2.47999999672174,6.57999999821186,4.61999998986721,7.75,-0.869999999180436,0.879999998956919,0.849999999627471,2.47999999672174,1.84999999776483,1.67999999970198
222.0,ME-Portland,134187.0,77.4499998092651,0.869999999180436,3.75999999791384,12.1899999976158,2.68999999761581,5.68999999761581,1.69999999925494,2.36999999731779,5.97999998927116,4.46999999880791,8.91999998688698,0.449999999254942,0.739999998360872,1.23999999836087,2.15999999642372,1.06999999657273,1.2799999974668
223.0,MD-Baltimore,283450.0,93.0199999809265,0.859999999403954,5.63999998569489,14.25,3.21999999880791,6.41999998688698,2.5,3.09999999403954,6.03999999165535,4.05999998748302,9.58999997377396,0.939999999478459,0.689999999478459,1.64999999850988,1.95999999716878,0.839999999850988,1.43999999761581
225.0,MD-Salisbury,74918.0,94.6799998283386,1.25999999791384,4.1499999910593,19.1699999570847,3.98999999463558,8.92999997735024,2.52999999374151,3.93999999761581,5.94999998807907,3.5899999961257,9.58999997377396,,0.969999998807907,0.829999998211861,1.38999999687076,0.459999999962747,1.92999999970198
226.0,MD-Takoma Park,86181.0,74.8899998664856,0.569999998435378,3.89999999850988,11.5,2.30999999493361,6.09999999403954,1.14999999850988,2.20999999344349,5.84999999403954,4.01999999582767,7.84999999403954,0.72999999858439,0.46999999973923,0.669999999925494,2.19999999552965,1.00999999791384,0.849999999627471
227.0,MA-Boston,507818.0,80.8799998760223,0.739999998360872,3.47999999672174,11.8899999856949,2.54999999701977,5.28999999165535,1.62999999895692,2.60999999940395,5.75999999046326,3.88999999314547,7.45999999344349,0.689999999478459,0.839999999850988,0.859999999403954,3.25999999791384,1.06999999657273,1.46999999880791
230.0,MA-Springfield,79861.0,72.6899998188019,0.659999998286366,3.67999999970198,9.34999999403954,2.44999999552965,3.90999999642372,1.26999999955297,2.34999999403954,5.73999999463558,3.5899999961257,8.53999999165535,0.479999999515712,0.699999999254942,1.11999999731779,1.62999999895692,0.929999999701977,1.62999999895692
231.0,MA-Worcester,54958.0,78.0799999237061,0.849999999627471,3.61999999731779,11.1399999856949,1.88999999687076,5.4299999922514,1.39999999850988,2.07999999821186,6.4299999922514,3.5,7.46999999880791,-0.5,0.929999999701977,1.26999999955297,2.36999999731779,1.59999999776483,1.35999999940395
232.0,MI-Ann Arbor,137635.0,96.7099997997284,1.0599999986589,5.16999998688698,15.8999999761581,3.45999999344349,7.4299999922514,1.95999999716878,2.86999999731779,5.97999998927116,5.07999999821186,10.2399999797344,0.949999999254942,0.799999998882413,0.859999999403954,2.13999999314547,1.57999999821186,1.37999999895692
233.0,MI-Dearborn,53273.0,112.719999790192,1.12999999895692,5.4299999922514,24.7399999499321,3.11999999731779,14.2399999797344,2.93999999761581,4.36999998986721,6.04999999701977,4.08999998867512,10.2399999797344,-1.03999999910593,0.799999998882413,1.17999999970198,2.95999999344349,1.08999999985099,0.969999998807907
234.0,MI-Detroit,180372.0,106.859999895096,0.989999998360872,5.36999998986721,22.0199999809265,3.44999999552965,11.2299999892712,1.98999999836087,3.0,6.07999999821186,4.44999998807907,10.8299999833107,1.01999999955297,1.00999999791384,1.0299999974668,1.65999999642372,1.40999999642372,1.32999999821186
235.0,MI-Flint,59679.0,102.0,0.72999999858439,5.76999999582767,16.9299999475479,4.79999999701977,7.30999998748302,3.32999999821186,3.20999999344349,6.31999999284744,4.18999999761581,10.4099999964237,1.12999999895692,0.899999998509884,0.589999999850988,2.16999999433756,1.70999999716878,1.40999999642372
236.0,MI-Grand Rapids,92632.0,97.2599999904633,1.08999999985099,7.5,14.169999986887,2.80999999493361,7.18999999761581,1.76999999955297,2.72999999672174,5.93999999761581,4.97999998927116,10.8299999833107,0.959999999031425,0.78999999910593,0.629999998956919,4.0,2.34999999403954,1.5
238.0,MI-Kalamazoo,76318.0,99.0599999427795,1.22999999672174,6.08999998867512,19.7099999785423,3.13999999314547,10.2799999713898,2.60999999940395,3.16999999433756,6.08999998867512,4.71999999880791,11.119999974966,0.719999998807907,0.769999999552965,1.51999999955297,3.02999999374151,1.98999999836087,1.12999999895692
239.0,MI-Lansing,72938.0,94.7999999523163,1.04999999701977,6.33999998867512,16.9899999499321,3.37999999523163,6.70999999344349,1.76999999955297,3.0,5.22999998927116,4.87999999523163,11.419999986887,0.859999999403954,0.909999998286366,0.679999999701977,2.01999999582767,3.56999999284744,1.40999999642372
240.0,MI-Marquette,31138.0,85.0499999523163,0.959999999031425,5.79999999701977,11.2199999988079,2.86999999731779,5.50999999046326,2.92999999970198,2.41999999433756,5.57999999821186,3.75,11.0499999821186,-1.67999999970198,-1.0599999986589,1.59999999776483,2.34999999403954,-1.44999999925494,1.47999999672174
242.0,MI-Muskegon,28678.0,95.4799997806549,0.989999998360872,9.5,9.84999999403954,3.46999999880791,4.48999999463558,2.60999999940395,3.00999999791384,5.91999998688698,4.91999998688698,11.6799999773502,-0.919999999925494,-0.819999998435378,-1.16999999806285,2.88999999314547,-2.8399999961257,1.44999999925494
243.0,MI-Petoskey,28639.0,103.079999923706,1.41999999806285,7.33999998867512,16.3299999833107,3.37999999523163,7.47999998927116,3.38999999314547,2.84999999403954,6.25999999046326,4.83999998867512,11.839999973774,-1.06999999657273,-0.899999998509884,-0.97999999858439,2.22999999672174,,1.73999999836087
244.0,MI-Pontiac,45052.0,106.5,1.03999999910593,7.31999999284744,16.7399999499321,2.39999999850988,9.73999997973442,2.25999999791384,3.16999999433756,5.85999999940395,4.52999998629093,11.369999974966,-0.669999999925494,0.889999998733401,1.00999999791384,2.25,1.56999999657273,0.879999998956919
245.0,MI-Royal Oak,80428.0,94.4299998283386,0.699999999254942,6.0,16.8799999952316,3.07999999821186,8.25,1.48999999836087,2.65999999642372,6.04999999701977,4.98999999463558,9.75999999046326,0.549999998882413,0.479999999515712,0.739999998360872,2.41999999433756,1.17999999970198,1.32999999821186
246.0,MI-Saginaw,98816.0,111.30999994278,1.16999999806285,7.19999998807907,26.2999999523163,5.01999999582767,13.5999999940395,2.51999999582767,2.95999999344349,5.75,4.71999999880791,10.7699999809265,1.37999999895692,1.16999999806285,1.11999999731779,2.41999999433756,1.29999999701977,1.75
248.0,MI-St. Joseph,19005.0,108.859999895096,-1.0,4.68999999761581,23.1199999451637,3.56999999284744,17.3199999928474,1.63999999687076,3.07999999821186,6.54999999701977,4.27999998629093,10.7599999904633,,-0.819999998435378,-1.23999999836087,-3.77999999374151,-2.79999999701977,1.3099999986589
249.0,MI-Traverse City,38593.0,113.679999828339,1.50999999791384,6.46999999880791,23.089999973774,4.60999999940395,11.3299999833107,2.78999999910593,3.43999999761581,5.25999999046326,4.48999999463558,11.7599999904633,-1.2799999974668,1.0299999974668,1.28999999910593,4.6499999910593,-1.82999999821186,2.75
250.0,MN-Duluth,43774.0,90.9799997806549,0.869999999180436,4.28999999165535,14.0199999809265,3.29999999701977,7.00999999046326,1.36999999731779,3.55999999493361,5.68999999761581,5.61999998986721,13.4299999773502,-0.589999999850988,0.609999999403954,1.13999999687076,2.67999999970198,-2.0,1.72999999672174
251.0,MN-Minneapolis,283192.0,91.7999999523163,0.819999998435378,5.33999998867512,13.8899999856949,2.47999999672174,7.57999999821186,1.45999999716878,3.0,5.9299999922514,5.59999999403954,11.5499999821186,0.989999998360872,0.869999999180436,0.809999998658895,2.15999999642372,1.84999999776483,1.58999999985099
253.0,MN-Rochester,48363.0,83.3699998855591,0.78999999910593,3.78999999910593,12.8099999725819,2.78999999910593,5.96999999880791,1.21999999880791,2.53999999910593,6.69999998807907,5.47999998927116,12.1399999856949,-0.519999999552965,0.859999999403954,0.599999999627471,1.14999999850988,-2.0899999961257,1.50999999791384
254.0,MN-St. Cloud,24089.0,97.0099999904633,-0.72999999858439,6.47999998927116,11.1999999880791,2.51999999582767,6.56999999284744,1.84999999776483,2.52999999374151,5.25,5.80999998748302,13.7599999904633,-1.37999999895692,-1.38999999687076,-1.37999999895692,1.39999999850988,-2.56999999284744,1.56999999657273
256.0,MN-St. Paul,86953.0,97.1699998378754,0.719999998807907,5.63999998569489,13.1499999761581,2.48999999463558,7.02999998629093,1.82999999821186,3.20999999344349,5.80999998748302,5.87999999523163,12.3599999845028,1.10999999940395,1.08999999985099,0.679999999701977,2.97999999672174,2.71999999880791,1.39999999850988
257.0,MS-Gulfport,20483.0,106.289999961853,-0.78999999910593,4.35999999940395,29.589999973774,4.07999999821186,15.6299999952316,3.69999999552965,3.90999999642372,6.68999999761581,2.90999999642372,8.76999998092651,-1.39999999850988,-0.799999998882413,-0.699999999254942,-7.08999998867512,-1.48999999836087,0.589999999850988
258.0,MS-Hattiesburg,34130.0,104.5,1.11999999731779,6.40999999642372,20.2999999523163,6.79999999701977,9.12999999523163,3.0899999961257,3.87999999523163,8.37999999523163,3.00999999791384,9.5799999833107,-1.44999999925494,0.619999999180436,0.919999999925494,3.40999999642372,-0.78999999910593,1.88999999687076
259.0,MS-Jackson,111328.0,96.4899997711182,1.15999999642372,4.05999998748302,15.1499999761581,3.57999999821186,6.65999999642372,2.98999999463558,5.04999999701977,7.50999999046326,2.85999999940395,9.34999999403954,2.14999999850988,1.42999999970198,0.849999999627471,2.91999999433756,1.10999999940395,1.18999999761581
260.0,MS-Meridian,25188.0,83.8099999427795,-0.839999999850988,2.75999999791384,15.4299999773502,3.36999999731779,6.69999998807907,2.8399999961257,4.15999999642372,7.70999999344349,3.25,9.40999999642372,,-0.949999999254942,-0.5,,-2.16999999433756,1.23999999836087
261.0,MS-Oxford,17019.0,92.7699999809265,-1.41999999806285,3.53999999910593,20.289999961853,4.28999999165535,8.98999997973442,2.30999999493361,4.41999998688698,9.37999999523163,2.35999999940395,7.20999999344349,,-1.04999999701977,-1.45999999716878,-3.88999999314547,,-1.0299999974668
262.0,MS-Tupelo,48152.0,88.8099999427795,1.09999999776483,4.61999998986721,15.2599999904633,4.87999999523163,6.22999998927116,2.54999999701977,4.21999999880791,7.90999999642372,2.73999999463558,7.09999999403954,-2.07999999821186,1.09999999776483,0.719999998807907,3.66999999433756,2.29999999701977,1.22999999672174
263.0,MO-Cape Girardeau,36449.0,92.5299999713898,1.11999999731779,6.10999999940395,16.5999999642372,3.61999999731779,6.27999998629093,2.75,3.82999999821186,6.77999998629093,2.27999999374151,10.1099999845028,,1.26999999955297,1.5599999986589,1.79999999701977,-2.8399999961257,1.29999999701977
264.0,MO-Columbia,89055.0,104.739999771118,1.29999999701977,6.96999999880791,22.3499999642372,3.54999999701977,12.2699999809265,2.75999999791384,3.47999999672174,7.3999999910593,3.93999999761581,9.58999997377396,0.869999999180436,0.75,1.0,1.56999999657273,2.26999999582767,1.38999999687076
267.0,MO-Joplin,48016.0,108.979999780655,0.909999998286366,6.04999999701977,27.4399999976158,3.73999999463558,14.2699999809265,3.30999999493361,4.43999999761581,7.71999999880791,4.05999998748302,10.419999986887,-0.97999999858439,1.10999999940395,1.09999999776483,2.76999999582767,0.899999998509884,1.35999999940395
268.0,MO-Kansas City,229044.0,97.9399998188019,1.00999999791384,4.96999999880791,17.6299999952316,3.25999999791384,8.42999997735024,2.11999999731779,3.68999999761581,7.11999998986721,3.88999999314547,10.9599999785423,0.679999999701977,0.839999999850988,1.06999999657273,2.10999999940395,1.28999999910593,1.25999999791384
270.0,MO-Springfield,95771.0,89.1499998569489,1.13999999687076,4.56999999284744,16.7099999785423,3.60999999940395,7.87999999523163,2.67999999970198,3.86999999731779,7.10999999940395,3.86999999731779,8.54999998211861,1.07999999821186,0.629999998956919,0.989999998360872,2.73999999463558,0.879999998956919,1.45999999716878
273.0,MO-St. Louis,341446.0,98.8799998760223,1.0599999986589,4.27999998629093,19.6299999952316,3.53999999910593,9.26999998092651,1.95999999716878,4.12999999523163,7.1499999910593,3.75,10.589999973774,0.659999998286366,0.829999998211861,0.97999999858439,2.18999999761581,1.5,1.59999999776483
274.0,MT-Billings,66159.0,89.9799997806549,0.609999999403954,7.33999998867512,10.8599999845028,3.0,5.44999998807907,1.96999999880791,3.28999999910593,7.38999998569489,6.05999998748302,12.0,0.719999998807907,0.859999999403954,0.949999999254942,2.11999999731779,2.13999999314547,1.38999999687076
275.0,MT-Great Falls,17668.0,100.579999923706,-0.779999999329448,5.33999998867512,11.7299999892712,2.78999999910593,6.1799999922514,3.5899999961257,3.84999999403954,6.81999999284744,5.93999999761581,12.7199999988079,,-1.00999999791384,-1.57999999821186,-2.02999999374151,-2.48999999463558,1.89999999850988
276.0,MT-Missoula,46130.0,83.9599997997284,0.819999998435378,6.04999999701977,11.0699999928474,2.53999999910593,5.66999998688698,1.46999999880791,2.52999999374151,7.16999998688698,5.41999998688698,10.5699999928474,-1.06999999657273,0.849999999627471,0.53999999910593,2.09999999403954,1.45999999716878,1.62999999895692
277.0,NE-Lincoln,74467.0,99.7199997901917,0.879999998956919,5.19999998807907,14.3599999845028,4.45999999344349,6.70999999344349,1.95999999716878,3.39999999850988,6.85999999940395,4.61999998986721,13.9699999988079,0.5,1.2799999974668,1.16999999806285,2.98999999463558,1.16999999806285,1.42999999970198
278.0,NE-Omaha,144043.0,97.1499998569489,0.809999998658895,5.62999999523163,14.2599999904633,3.67999999970198,7.26999999582767,1.94999999925494,3.64999999850988,6.9299999922514,5.02999998629093,12.4699999988079,0.699999999254942,1.22999999672174,0.889999998733401,4.08999998867512,2.28999999910593,1.56999999657273
279.0,NV-Las Vegas,138097.0,90.8699998855591,0.869999999180436,5.55999998748302,17.9399999976158,3.04999999701977,8.36999997496605,2.45999999344349,3.30999999493361,7.34999999403954,3.60999999940395,7.00999999046326,0.689999999478459,0.869999999180436,0.959999999031425,2.82999999821186,0.829999998211861,1.43999999761581
280.0,NV-Reno,79179.0,80.4899997711182,0.629999998956919,7.22999998927116,10.0699999928474,1.8099999986589,4.72999998927116,1.8099999986589,2.98999999463558,6.79999999701977,4.69999998807907,8.54999998211861,0.53999999910593,0.639999998733401,1.01999999955297,1.21999999880791,1.36999999731779,1.36999999731779
281.0,NH-Lebanon,61103.0,66.3699998855591,0.759999999776483,2.07999999821186,10.1899999976158,2.31999999284744,4.82999999821186,1.34999999776483,1.95999999716878,6.59999999403954,4.32999999821186,7.50999999046326,,0.879999998956919,0.629999998956919,1.07999999821186,1.28999999910593,1.67999999970198
282.0,NH-Manchester,102543.0,74.1399998664856,0.949999999254942,2.97999999672174,10.4599999785423,3.07999999821186,4.20999999344349,2.19999999552965,2.63999999314547,5.68999999761581,4.10999999940395,8.01999998092651,0.449999999254942,0.639999998733401,1.10999999940395,1.29999999701977,1.62999999895692,1.8099999986589
283.0,NJ-Camden,353438.0,94.1499998569489,0.909999998286366,2.60999999940395,17.289999961853,3.19999999552965,7.76999999582767,1.92999999970198,3.35999999940395,6.12999999523163,3.77999999374151,7.6799999922514,0.719999998807907,0.939999999478459,0.889999998733401,2.98999999463558,0.839999999850988,2.25999999791384
284.0,NJ-Hackensack,142179.0,86.1699998378754,0.689999999478459,2.68999999761581,13.919999986887,3.06999999284744,6.50999999046326,1.21999999880791,3.3399999961257,5.38999998569489,3.37999999523163,5.75999999046326,0.97999999858439,1.0599999986589,0.909999998286366,2.96999999880791,0.769999999552965,2.06999999284744
285.0,NJ-Morristown,116544.0,82.5299999713898,0.72999999858439,2.88999999314547,13.4899999797344,3.32999999821186,6.18999999761581,1.64999999850988,3.05999999493361,5.5,3.96999999880791,6.56999999284744,0.989999998360872,0.799999998882413,0.819999998435378,1.58999999985099,1.13999999687076,2.16999999433756
288.0,NJ-New Brunswick,106442.0,85.0499999523163,0.829999998211861,2.8399999961257,16.9799999594688,2.86999999731779,7.57999999821186,1.5299999974668,2.78999999910593,5.73999999463558,3.54999999701977,6.08999998867512,0.419999999925494,0.739999998360872,0.759999999776483,3.71999999880791,1.0,1.8099999986589
289.0,NJ-Newark,129592.0,85.5199999809265,0.619999999180436,1.59999999776483,17.8699999451637,3.36999999731779,8.95999997854233,1.17999999970198,2.97999999672174,5.52999998629093,2.84999999403954,5.06999999284744,0.849999999627471,0.75,0.849999999627471,2.40999999642372,0.589999999850988,1.83999999985099
291.0,NJ-Paterson,41727.0,82.5,0.879999998956919,2.60999999940395,16.039999961853,3.5899999961257,6.51999999582767,1.47999999672174,4.09999999403954,5.29999999701977,2.75,6.56999999284744,-0.579999998211861,0.679999999701977,1.00999999791384,2.42999999970198,-0.939999999478459,2.34999999403954
292.0,NJ-Ridgewood,48566.0,85.539999961853,0.609999999403954,2.73999999463558,13.619999974966,3.30999999493361,7.06999999284744,1.20999999716878,3.63999999314547,5.70999999344349,4.10999999940395,6.53999999165535,-0.869999999180436,0.889999998733401,0.869999999180436,2.37999999523163,1.0,2.20999999344349
293.0,NM-Albuquerque,144151.0,70.9699997901917,0.599999999627471,3.72999999672174,10.119999974966,1.71999999880791,4.94999998807907,1.0,3.81999999284744,7.19999998807907,3.50999999791384,7.71999999880791,0.689999999478459,0.549999998882413,0.339999999850988,1.54999999701977,1.83999999985099,0.809999998658895
295.0,NY-Albany,191849.0,76.8899998664856,0.929999999701977,3.32999999821186,9.87999999523163,2.78999999910593,3.98999999463558,2.09999999403954,2.95999999344349,6.25999999046326,4.07999999821186,7.75999999046326,0.529999999329448,0.809999998658895,1.47999999672174,1.68999999761581,0.849999999627471,1.79999999701977
296.0,NY-Binghamton,42940.0,76.2799999713898,0.97999999858439,3.16999999433756,9.08999997377396,2.90999999642372,4.58999998867512,1.76999999955297,2.8399999961257,6.34999999403954,4.34999999403954,8.25999999046326,-0.489999999292195,0.829999998211861,1.0,3.0,-0.879999998956919,1.5299999974668
297.0,NY-Bronx,64499.0,80.4899997711182,0.509999999776483,2.22999999672174,14.3099999725819,2.11999999731779,7.83999998867512,1.26999999955297,2.26999999582767,4.91999998688698,2.37999999523163,4.58999998867512,0.679999999701977,0.849999999627471,1.14999999850988,2.59999999403954,1.16999999806285,1.42999999970198
299.0,NY-Buffalo,91169.0,77.6299998760223,1.23999999836087,3.25,11.7599999904633,3.14999999850988,4.6799999922514,1.03999999910593,2.37999999523163,5.58999998867512,3.85999999940395,7.12999999523163,0.849999999627471,0.719999998807907,0.809999998658895,2.40999999642372,0.53999999910593,1.21999999880791
300.0,NY-Elmira,37071.0,90.0999999046326,0.969999998807907,3.11999999731779,16.4499999880791,3.36999999731779,8.30999997258186,3.26999999582767,3.25999999791384,6.54999999701977,4.72999998927116,9.52999997138977,-0.649999998509884,0.679999999701977,1.25999999791384,2.18999999761581,,1.56999999657273
301.0,NY-East Long Island,440921.0,91.7999999523163,0.839999999850988,2.72999999672174,20.2299999594688,3.16999999433756,10.7699999809265,1.36999999731779,2.84999999403954,5.80999998748302,3.44999999552965,5.9299999922514,0.929999999701977,0.72999999858439,0.929999999701977,2.0,1.0,2.20999999344349
303.0,NY-Manhattan,362914.0,86.2699999809265,0.559999998658895,2.5899999961257,17.8499999642372,1.86999999731779,10.75,0.879999998956919,2.11999999731779,5.26999999582767,2.94999999552965,4.5,0.75,0.659999998286366,0.669999999925494,3.35999999940395,1.15999999642372,1.44999999925494
304.0,NY-Rochester,73258.0,79.8099999427795,0.78999999910593,3.94999999552965,14.3299999833107,3.0899999961257,7.72999998927116,1.47999999672174,1.68999999761581,6.12999999523163,3.82999999821186,7.88999998569489,1.0599999986589,0.549999998882413,1.01999999955297,1.37999999895692,1.5599999986589,1.68999999761581
307.0,NY-Syracuse,109593.0,78.9199998378754,1.0299999974668,2.66999999433756,13.0499999821186,3.53999999910593,5.72999998927116,2.3399999961257,3.19999999552965,6.01999999582767,4.20999999344349,8.12999999523163,0.569999998435378,0.72999999858439,1.53999999910593,1.22999999672174,1.2799999974668,1.76999999955297
308.0,NY-White Plains,123415.0,82.1199998855591,0.639999998733401,3.19999999552965,13.1299999952316,2.45999999344349,7.06999999284744,1.33999999985099,2.32999999821186,5.66999998688698,4.10999999940395,6.37999999523163,0.829999998211861,0.709999999031425,0.959999999031425,3.14999999850988,1.23999999836087,1.69999999925494
309.0,NC-Asheville,96613.0,79.8999998569489,0.649999998509884,4.98999999463558,12.369999974966,2.73999999463558,4.45999999344349,1.63999999687076,3.14999999850988,8.13999998569489,4.05999998748302,8.53999999165535,0.609999999403954,0.589999999850988,0.699999999254942,1.29999999701977,1.11999999731779,1.36999999731779
311.0,NC-Charlotte,229185.0,86.5,0.849999999627471,4.76999999582767,14.2299999892712,2.48999999463558,6.6499999910593,1.84999999776483,3.66999999433756,7.98999999463558,3.53999999910593,9.26999998092651,0.759999999776483,0.769999999552965,0.709999999031425,2.43999999761581,1.37999999895692,1.0599999986589
312.0,NC-Durham,138952.0,82.4899997711182,0.899999998509884,4.70999999344349,15.7099999785423,2.66999999433756,6.58999998867512,1.59999999776483,3.01999999582767,7.45999999344349,3.75999999791384,8.85999998450279,0.759999999776483,0.769999999552965,0.619999999180436,2.20999999344349,1.33999999985099,1.16999999806285
313.0,NC-Greensboro,48431.0,83.1899998188019,0.859999999403954,6.36999998986721,15.7999999821186,2.37999999523163,6.8999999910593,1.83999999985099,2.88999999314547,7.63999998569489,3.0,9.19999998807907,-0.479999999515712,1.03999999910593,0.839999999850988,1.61999999731779,1.66999999806285,0.97999999858439
314.0,NC-Greenville,101728.0,86.8699998855591,1.3099999986589,4.35999999940395,15.0199999809265,4.05999998748302,6.30999998748302,2.96999999880791,3.28999999910593,7.09999999403954,3.5,9.89999997615814,0.739999998360872,0.919999999925494,1.00999999791384,0.829999998211861,1.00999999791384,1.43999999761581
315.0,NC-Hickory,34892.0,82.9499998092651,1.04999999701977,5.65999999642372,14.3499999940395,2.63999999314547,6.51999999582767,2.25,2.42999999970198,8.18999999761581,3.46999999880791,8.40999999642372,,0.479999999515712,0.689999999478459,1.96999999880791,-0.889999998733401,0.829999998211861
318.0,NC-Raleigh,178776.0,88.6399998664856,0.809999998658895,4.1799999922514,20.8199999928474,3.10999999940395,9.96999999880791,1.70999999716878,3.91999999433756,7.06999999284744,3.69999999552965,9.25999999046326,0.559999998658895,0.639999998733401,0.839999999850988,1.8099999986589,1.48999999836087,1.26999999955297
319.0,NC-Wilmington,58459.0,89.8499999046326,0.849999999627471,5.45999999344349,16.3299999833107,3.90999999642372,7.6799999922514,2.51999999582767,2.94999999552965,7.93999999761581,4.21999999880791,10.7299999892712,0.519999999552965,0.699999999254942,0.949999999254942,0.939999999478459,0.879999998956919,1.68999999761581
320.0,NC-Winston-Salem,98321.0,82.9699997901917,0.759999999776483,4.09999999403954,13.6399999856949,2.76999999582767,6.04999999701977,1.19999999925494,4.18999999761581,8.25999999046326,3.88999999314547,8.19999998807907,0.72999999858439,0.78999999910593,0.589999999850988,1.64999999850988,1.46999999880791,1.04999999701977
321.0,ND-Bismarck,31207.0,99.1399998664856,1.31999999657273,6.01999999582767,14.9099999964237,3.53999999910593,8.01999998092651,2.97999999672174,3.5899999961257,6.37999999523163,5.05999998748302,11.4099999964237,-2.39999999850988,0.969999998807907,,1.66999999806285,-1.66999999806285,1.54999999701977
322.0,ND-Fargo/Moorhead MN,64173.0,90.3999998569489,1.0599999986589,4.68999999761581,14.0499999821186,3.82999999821186,6.6799999922514,1.67999999970198,2.87999999523163,5.93999999761581,5.60999999940395,11.2399999797344,0.879999998956919,0.869999999180436,0.799999998882413,2.90999999642372,1.86999999731779,1.53999999910593
323.0,ND-Grand Forks,20648.0,91.6999998092651,-1.03999999910593,3.3399999961257,19.4899999499321,4.01999999582767,9.84999999403954,1.72999999672174,2.29999999701977,6.54999999701977,5.54999999701977,13.0099999904633,-2.79999999701977,-1.2799999974668,-0.759999999776483,-2.09999999403954,-1.2799999974668,1.35999999940395
324.0,ND-Minot,17568.0,95.7299997806549,-1.06999999657273,4.55999998748302,16.0099999904633,2.65999999642372,9.26999998092651,2.03999999910593,3.51999999582767,6.55999998748302,6.72999998927116,11.9899999797344,-1.82999999821186,-1.37999999895692,,-4.45999999344349,-2.25999999791384,1.75
325.0,OH-Akron,52872.0,95.8099999427795,1.00999999791384,6.08999998867512,16.2599999904633,2.85999999940395,9.35999998450279,2.71999999880791,3.07999999821186,6.98999999463558,3.80999999493361,10.119999974966,,0.769999999552965,1.00999999791384,0.879999998956919,0.569999998435378,1.5299999974668
326.0,OH-Canton,50951.0,86.1599998474121,1.06999999657273,4.56999999284744,16.75,4.36999998986721,7.55999998748302,3.11999999731779,2.69999999552965,6.75999999046326,3.5899999961257,10.4499999880791,-0.419999999925494,0.809999998658895,0.669999999925494,2.55999999493361,0.689999999478459,1.48999999836087
327.0,OH-Cincinnati,128836.0,93.039999961853,1.01999999955297,5.22999998927116,17.1299999952316,2.61999999731779,8.14999997615814,1.62999999895692,2.80999999493361,7.01999999582767,4.04999999701977,9.75999999046326,0.769999999552965,0.849999999627471,0.769999999552965,3.88999999314547,1.3099999986589,1.32999999821186
328.0,OH-Cleveland,208810.0,91.8099999427795,0.879999998956919,3.98999999463558,16.2599999904633,2.75999999791384,7.40999999642372,1.70999999716878,3.35999999940395,6.33999998867512,4.65999999642372,9.5799999833107,0.509999999776483,0.779999999329448,1.12999999895692,2.04999999701977,0.839999999850988,1.51999999955297
329.0,OH-Columbus,232469.0,101.519999980927,1.21999999880791,4.68999999761581,23.6299999952316,3.88999999314547,11.8299999833107,2.04999999701977,3.20999999344349,7.15999999642372,3.86999999731779,10.0999999940395,0.609999999403954,1.04999999701977,1.0,2.10999999940395,1.04999999701977,1.3099999986589
330.0,OH-Dayton,96289.0,96.0699999332428,1.26999999955297,4.88999998569489,17.9599999785423,4.3999999910593,7.91999998688698,2.16999999433756,3.29999999701977,6.96999999880791,4.4299999922514,9.80999997258186,0.699999999254942,1.01999999955297,0.75,3.0,0.519999999552965,1.58999999985099
331.0,OH-Elyria,25836.0,111.829999923706,-0.959999999031425,4.82999999821186,31.0599999427795,3.06999999284744,19.7799999713898,2.45999999344349,4.02999998629093,6.10999999940395,4.10999999940395,9.37999999523163,,-0.97999999858439,-1.18999999761581,,,1.45999999716878
332.0,OH-Kettering,35375.0,92.0,0.739999998360872,5.56999999284744,13.4499999880791,3.61999999731779,5.95999999344349,1.64999999850988,3.09999999403954,7.30999998748302,4.26999999582767,9.29999998211861,,0.929999999701977,0.819999998435378,3.35999999940395,-1.43999999761581,1.12999999895692
334.0,OH-Toledo,91330.0,103.75,1.35999999940395,6.11999998986721,16.6499999761581,4.28999999165535,7.8999999910593,2.66999999433756,3.76999999582767,6.6499999910593,4.11999998986721,10.669999986887,0.819999998435378,1.36999999731779,1.25999999791384,1.62999999895692,1.48999999836087,1.72999999672174
335.0,OH-Youngstown,58269.0,97.0599999427795,1.00999999791384,5.26999999582767,15.589999973774,3.40999999642372,6.81999999284744,2.77999999374151,3.78999999910593,6.22999998927116,3.95999999344349,9.38999998569489,1.07999999821186,1.04999999701977,0.799999998882413,1.56999999657273,0.929999999701977,1.56999999657273
336.0,OK-Lawton,23887.0,98.1999998092651,-1.18999999761581,6.84999999403954,16.6399999856949,4.07999999821186,8.25,3.71999999880791,3.71999999880791,8.28999999165535,2.76999999582767,9.42999997735024,-1.26999999955297,-1.09999999776483,-1.04999999701977,-3.51999999582767,,1.87999999895692
339.0,OK-Oklahoma City,202200.0,104.979999780655,1.06999999657273,6.12999999523163,20.5999999642372,4.1799999922514,11.6599999964237,2.27999999374151,3.70999999344349,8.23999997973442,3.71999999880791,11.6599999964237,1.37999999895692,0.969999998807907,0.799999998882413,3.19999999552965,1.13999999687076,1.25999999791384
340.0,OK-Tulsa,138159.0,98.7799999713898,1.0,6.59999999403954,16.8199999928474,3.07999999821186,8.81999999284744,2.37999999523163,3.89999999850988,8.5,3.29999999701977,11.1799999773502,1.37999999895692,0.609999999403954,0.589999999850988,3.01999999582767,1.09999999776483,0.97999999858439
341.0,OR-Bend,23566.0,82.1899998188019,,6.73999999463558,8.80999997258186,2.37999999523163,3.85999999940395,0.969999998807907,2.87999999523163,5.70999999344349,4.96999999880791,9.37999999523163,,-0.879999998956919,-0.479999999515712,,-2.42999999970198,1.44999999925494
342.0,OR-Eugene,68978.0,81.0899999141693,0.819999998435378,6.98999999463558,8.65999999642372,3.30999999493361,3.72999999672174,2.45999999344349,3.05999999493361,6.05999998748302,4.54999999701977,8.87999999523163,0.689999999478459,0.819999998435378,1.12999999895692,2.48999999463558,1.40999999642372,1.76999999955297
343.0,OR-Medford,56346.0,82.9199998378754,0.879999998956919,6.00999999046326,11.369999974966,3.17999999970198,5.07999999821186,2.42999999970198,2.50999999791384,6.31999999284744,4.85999999940395,9.5,-1.21999999880791,0.809999998658895,1.56999999657273,3.36999999731779,2.02999999374151,1.84999999776483
344.0,OR-Portland,156075.0,79.6199998855591,0.759999999776483,6.31999999284744,10.3099999725819,2.94999999552965,4.48999999463558,1.37999999895692,2.82999999821186,5.96999999880791,4.01999999582767,8.26999998092651,0.78999999910593,0.829999998211861,1.19999999925494,1.57999999821186,1.62999999895692,1.61999999731779
345.0,OR-Salem,16561.0,81.0799999237061,-0.859999999403954,5.83999998867512,12.7599999904633,4.53999999165535,5.19999998807907,1.68999999761581,2.89999999850988,5.36999998986721,3.48999999463558,8.75,,-0.879999998956919,-1.12999999895692,-1.68999999761581,-1.56999999657273,-1.88999999687076
346.0,PA-Allentown,136734.0,97.5199999809265,0.929999999701977,3.79999999701977,16.3799999952316,3.61999999731779,7.21999999880791,2.10999999940395,3.39999999850988,5.79999999701977,4.04999999701977,9.12999999523163,0.72999999858439,0.969999998807907,1.32999999821186,3.18999999761581,1.46999999880791,1.84999999776483
347.0,PA-Altoona,26211.0,103.469999790192,-1.10999999940395,4.5,26.0199999809265,3.13999999314547,16.289999961853,2.30999999493361,4.00999999046326,7.32999999821186,3.60999999940395,8.77999997138977,,-1.10999999940395,-0.959999999031425,4.09999999403954,,2.31999999284744
350.0,PA-Danville,52572.0,84.5699999332428,0.72999999858439,4.8999999910593,11.119999974966,2.19999999552965,5.34999999403954,1.72999999672174,3.0899999961257,6.11999998986721,3.56999999284744,9.19999998807907,-0.72999999858439,1.19999999925494,0.669999999925494,1.7799999974668,0.97999999858439,1.75
351.0,PA-Erie,73637.0,94.5799999237061,1.07999999821186,4.65999999642372,18.1199999451637,4.11999998986721,9.01999998092651,2.17999999970198,2.89999999850988,6.61999998986721,4.20999999344349,8.81999999284744,0.78999999910593,0.909999998286366,1.14999999850988,1.71999999880791,0.859999999403954,2.15999999642372
352.0,PA-Harrisburg,101564.0,91.3999998569489,0.869999999180436,5.0,16.5199999809265,3.55999999493361,8.39999997615814,1.35999999940395,2.87999999523163,6.05999998748302,4.45999999344349,10.1799999773502,0.529999999329448,1.15999999642372,0.599999999627471,2.14999999850988,0.919999999925494,1.95999999716878
354.0,PA-Johnstown,16766.0,108.599999904633,-0.879999998956919,5.54999999701977,26.8999999761581,3.50999999791384,14.839999973774,1.51999999955297,2.69999999552965,6.78999999165535,3.26999999582767,8.71999999880791,,-1.32999999821186,-0.759999999776483,-3.71999999880791,,-1.53999999910593
355.0,PA-Lancaster,66184.0,92.5199999809265,0.739999998360872,6.97999998927116,17.8199999928474,3.18999999761581,7.28999999165535,1.50999999791384,2.96999999880791,5.5,3.78999999910593,10.4299999773502,0.779999999329448,0.799999998882413,1.0599999986589,1.60999999940395,1.44999999925494,1.72999999672174
356.0,PA-Philadelphia,344626.0,91.8099999427795,0.899999998509884,3.04999999701977,16.2699999809265,2.69999999552965,7.3999999910593,1.3099999986589,3.07999999821186,6.25999999046326,3.60999999940395,7.33999998867512,0.969999998807907,0.72999999858439,0.769999999552965,2.78999999910593,1.10999999940395,1.56999999657273
357.0,PA-Pittsburgh,202563.0,98.4199998378754,0.97999999858439,4.60999999940395,18.7699999809265,3.64999999850988,9.21999999880791,2.02999999374151,3.61999999731779,6.46999999880791,3.85999999940395,8.40999999642372,0.849999999627471,0.829999998211861,1.29999999701977,2.13999999314547,0.559999998658895,1.56999999657273
358.0,PA-Reading,58153.0,94.8299999237061,0.769999999552965,3.76999999582767,17.0599999427795,2.64999999850988,8.34999999403954,1.86999999731779,3.71999999880791,6.22999998927116,3.5,10.369999974966,1.14999999850988,1.11999999731779,1.00999999791384,3.20999999344349,1.15999999642372,1.34999999776483
359.0,PA-Sayre,23860.0,96.4199998378754,-0.78999999910593,4.40999999642372,18.9499999880791,3.01999999582767,9.94999998807907,1.42999999970198,2.91999999433756,6.37999999523163,5.06999999284744,8.73999997973442,-1.22999999672174,-0.919999999925494,-1.00999999791384,2.77999999374151,-1.41999999806285,2.30999999493361
360.0,PA-Scranton,42756.0,90.4499998092651,1.09999999776483,3.11999999731779,17.8999999761581,4.07999999821186,8.04999998211861,2.30999999493361,3.07999999821186,6.61999998986721,3.55999999493361,9.95999997854233,-1.3099999986589,1.19999999925494,1.3099999986589,1.64999999850988,-1.62999999895692,2.26999999582767
362.0,PA-Wilkes-Barre,32906.0,90.039999961853,0.759999999776483,2.96999999880791,17.7299999594688,3.86999999731779,7.73999999463558,2.88999999314547,3.29999999701977,5.87999999523163,3.21999999880791,8.87999999523163,-1.15999999642372,1.41999999806285,0.969999998807907,1.25,-0.97999999858439,1.50999999791384
363.0,PA-York,45214.0,83.1599998474121,0.879999998956919,4.59999999403954,13.0999999940395,2.61999999731779,5.21999999880791,1.26999999955297,2.77999999374151,6.19999998807907,3.78999999910593,8.76999998092651,-0.429999999701977,1.13999999687076,0.889999998733401,2.3399999961257,,1.43999999761581
364.0,RI-Providence,103945.0,76.8199999332428,0.739999998360872,3.88999999314547,10.919999986887,2.00999999791384,5.53999999165535,1.29999999701977,2.84999999403954,5.69999998807907,3.61999999731779,6.84999999403954,0.629999998956919,0.779999999329448,0.739999998360872,2.86999999731779,0.759999999776483,1.10999999940395
365.0,SC-Charleston,120953.0,93.7699999809265,0.809999998658895,8.11999997496605,15.3299999833107,4.06999999284744,6.00999999046326,2.52999999374151,3.11999999731779,6.79999999701977,4.20999999344349,10.1799999773502,0.599999999627471,0.629999998956919,0.839999999850988,1.97999999672174,1.29999999701977,1.64999999850988
366.0,SC-Columbia,124871.0,93.9299998283386,0.969999998807907,5.47999998927116,16.0199999809265,3.38999999314547,9.35999998450279,2.01999999582767,3.27999999374151,7.62999999523163,3.52999999374151,9.66999998688698,1.06999999657273,0.669999999925494,0.739999998360872,3.09999999403954,1.03999999910593,1.2799999974668
367.0,SC-Florence,42854.0,105.939999818802,0.929999999701977,6.63999998569489,18.7399999499321,4.37999999523163,6.6799999922514,3.90999999642372,5.03999999165535,7.55999998748302,3.87999999523163,9.37999999523163,-1.0299999974668,0.899999998509884,0.929999999701977,3.0899999961257,1.10999999940395,1.0
368.0,SC-Greenville,95248.0,100.109999895096,1.0299999974668,4.61999998986721,22.2599999904633,3.59999999403954,13.7699999809265,1.76999999955297,2.81999999284744,7.96999999880791,3.71999999880791,9.85999998450279,1.21999999880791,0.759999999776483,0.679999999701977,2.77999999374151,1.32999999821186,1.5299999974668
369.0,SC-Spartanburg,38806.0,89.539999961853,0.909999998286366,5.80999998748302,15.1099999845028,3.31999999284744,5.72999998927116,2.69999999552965,3.72999999672174,8.46999999880791,3.64999999850988,8.81999999284744,-0.889999998733401,0.569999998435378,0.97999999858439,1.31999999657273,-1.46999999880791,1.21999999880791
370.0,SD-Rapid City,26725.0,86.0499999523163,-0.909999998286366,4.6499999910593,12.6599999964237,1.69999999925494,7.66999998688698,1.44999999925494,3.60999999940395,6.84999999403954,5.56999999284744,10.6999999880791,-1.47999999672174,-0.839999999850988,-0.549999998882413,1.37999999895692,-1.14999999850988,1.12999999895692
371.0,SD-Sioux Falls,108804.0,96.8599998950958,1.10999999940395,5.25,14.5099999904633,2.46999999880791,8.43999999761581,1.25999999791384,3.18999999761581,6.26999999582767,5.26999999582767,13.2299999892712,0.97999999858439,1.28999999910593,0.629999998956919,2.48999999463558,1.91999999806285,1.11999999731779
373.0,TN-Chattanooga,74647.0,101.649999856949,1.21999999880791,4.19999998807907,17.5999999642372,5.07999999821186,8.03999999165535,2.35999999940395,4.46999999880791,8.18999999761581,3.8399999961257,9.5799999833107,1.09999999776483,0.839999999850988,0.619999999180436,4.08999998867512,1.75,1.8099999986589
374.0,TN-Jackson,45915.0,85.8899998664856,0.75,2.21999999880791,23.2199999690056,4.50999999046326,9.06999999284744,1.68999999761581,3.43999999761581,8.93999999761581,2.68999999761581,7.59999999403954,,1.0299999974668,0.689999999478459,1.83999999985099,1.88999999687076,1.56999999657273
375.0,TN-Johnson City,28137.0,91.6999998092651,-1.06999999657273,4.65999999642372,20.8799999952316,2.96999999880791,10.4099999964237,2.43999999761581,3.69999999552965,8.16999998688698,3.45999999344349,7.22999998927116,-1.57999999821186,-0.879999998956919,-0.739999998360872,1.61999999731779,-1.21999999880791,0.799999998882413
376.0,TN-Kingsport,50281.0,84.3699998855591,1.00999999791384,4.02999998629093,16.1999999880791,3.82999999821186,7.48999999463558,1.63999999687076,4.28999999165535,9.61999997496605,3.10999999940395,6.02999998629093,-0.569999998435378,0.759999999776483,0.479999999515712,1.71999999880791,0.75,0.869999999180436
377.0,TN-Knoxville,136115.0,92.7399997711182,1.25999999791384,3.96999999880791,16.5599999427795,3.97999999672174,8.20999997854233,1.8099999986589,3.89999999850988,8.73999997973442,3.31999999284744,8.81999999284744,1.08999999985099,0.779999999329448,0.839999999850988,1.81999999657273,1.96999999880791,1.11999999731779
379.0,TN-Memphis,172561.0,90.8599998950958,1.03999999910593,3.3399999961257,22.1199999451637,4.44999998807907,9.05999997258186,2.35999999940395,3.54999999701977,8.40999999642372,2.98999999463558,7.40999999642372,0.949999999254942,1.07999999821186,0.819999998435378,2.12999999523163,1.58999999985099,1.11999999731779
380.0,TN-Nashville,249442.0,93.5999999046326,1.0599999986589,5.87999999523163,19.3599999547005,3.87999999523163,9.22999998927116,2.30999999493361,3.54999999701977,8.21999999880791,3.37999999523163,8.85999998450279,0.649999998509884,1.03999999910593,1.15999999642372,2.67999999970198,1.43999999761581,1.31999999657273
382.0,TX-Abilene,41340.0,108.479999780655,1.15999999642372,7.29999999701977,23.3299999833107,3.79999999701977,13.669999986887,3.36999999731779,3.73999999463558,9.70999997854233,2.50999999791384,8.97999998927116,-0.519999999552965,0.949999999254942,0.799999998882413,5.22999998927116,-0.899999998509884,1.26999999955297
383.0,TX-Amarillo,49717.0,95.9399998188019,1.18999999761581,4.20999999344349,16.25,3.06999999284744,11.419999986887,2.93999999761581,3.86999999731779,8.42999997735024,3.91999999433756,11.3799999952316,,0.609999999403954,0.72999999858439,1.25999999791384,0.899999998509884,1.13999999687076
385.0,TX-Austin,127465.0,87.8199999332428,0.839999999850988,4.78999999165535,14.3599999845028,2.81999999284744,6.83999998867512,1.18999999761581,3.20999999344349,6.95999999344349,3.53999999910593,10.0199999809265,0.609999999403954,0.779999999329448,0.569999998435378,1.28999999910593,1.65999999642372,1.39999999850988
386.0,TX-Beaumont,47641.0,95.2299997806549,1.0299999974668,5.85999999940395,18.4399999976158,4.44999998807907,7.52999998629093,3.80999999493361,3.80999999493361,7.58999998867512,2.96999999880791,10.1499999761581,-0.649999998509884,1.23999999836087,1.50999999791384,2.09999999403954,1.13999999687076,1.42999999970198
388.0,TX-Bryan,23742.0,98.75,-0.839999999850988,7.82999999821186,20.2799999713898,4.33999998867512,8.53999999165535,2.36999999731779,3.72999999672174,7.6499999910593,3.05999999493361,11.0999999940395,,-1.0599999986589,-0.449999999254942,-3.11999999731779,-2.43999999761581,1.26999999955297
390.0,TX-Corpus Christi,43331.0,96.0799999237061,0.899999998509884,5.61999998986721,12.2599999904633,4.07999999821186,4.72999998927116,2.54999999701977,3.82999999821186,7.73999999463558,2.42999999970198,8.75999999046326,-0.879999998956919,0.919999999925494,2.72999999672174,2.98999999463558,-0.929999999701977,1.39999999850988
391.0,TX-Dallas,351663.0,89.9499998092651,1.00999999791384,5.05999998748302,12.0399999916554,3.51999999582767,5.29999999701977,2.36999999731779,3.43999999761581,7.83999998867512,3.21999999880791,9.06999999284744,0.679999999701977,0.679999999701977,0.909999998286366,1.90999999642372,1.0,1.22999999672174
393.0,TX-El Paso,84470.0,87.5,0.819999998435378,4.51999999582767,18.339999973774,2.32999999821186,9.17999997735024,0.97999999858439,3.95999999344349,6.52999998629093,2.91999999433756,7.3999999910593,1.13999999687076,0.53999999910593,0.399999999441206,4.0,0.709999999031425,0.879999998956919
394.0,TX-Fort Worth,147750.0,94.8199999332428,0.829999998211861,6.25,15.2099999785423,3.25999999791384,6.80999998748302,2.11999999731779,3.90999999642372,8.66999998688698,3.20999999344349,9.94999998807907,1.11999999731779,0.629999998956919,1.13999999687076,1.91999999806285,1.06999999657273,0.97999999858439
396.0,TX-Harlingen,44361.0,84.2999999523163,0.639999998733401,5.07999999821186,12.369999974966,4.30999998748302,4.1799999922514,1.26999999955297,4.90999999642372,5.26999999582767,1.64999999850988,7.65999999642372,-0.72999999858439,0.859999999403954,0.709999999031425,1.28999999910593,,1.11999999731779
397.0,TX-Houston,418613.0,88.4899997711182,0.799999998882413,5.22999998927116,14.6099999845028,2.89999999850988,5.87999999523163,2.18999999761581,3.60999999940395,7.29999999701977,2.88999999314547,8.78999999165535,0.78999999910593,0.759999999776483,0.97999999858439,2.10999999940395,0.919999999925494,1.11999999731779
399.0,TX-Longview,23089.0,98.7399997711182,-1.36999999731779,6.81999999284744,13.669999986887,3.53999999910593,6.15999999642372,2.72999999672174,4.45999999344349,8.62999999523163,4.1799999922514,10.6099999845028,,-1.16999999806285,-0.589999999850988,-2.72999999672174,,1.0599999986589
400.0,TX-Lubbock,73987.0,105.209999799728,0.969999998807907,5.6499999910593,22.7999999523163,3.75999999791384,10.3999999761581,2.41999999433756,5.00999999046326,9.87999999523163,3.75,12.5599999725819,0.579999998211861,1.00999999791384,0.859999999403954,2.16999999433756,1.98999999836087,1.0299999974668
402.0,TX-McAllen,46459.0,88.9499998092651,0.559999998658895,3.79999999701977,15.7699999809265,5.6499999910593,4.4299999922514,1.78999999910593,5.47999998927116,5.32999999821186,1.71999999880791,8.50999999046326,-0.439999999478459,0.819999998435378,1.13999999687076,1.48999999836087,,1.68999999761581
406.0,TX-Odessa,34202.0,86.6899998188019,0.869999999180436,5.40999999642372,16.1499999761581,2.88999999314547,6.68999999761581,2.8399999961257,3.3399999961257,9.01999998092651,2.42999999970198,9.75,-0.889999998733401,1.20999999716878,1.42999999970198,2.97999999672174,,0.949999999254942
411.0,TX-San Angelo,21631.0,105.979999780655,-1.2799999974668,6.90999999642372,28.2799999713898,3.54999999701977,14.669999986887,2.89999999850988,4.04999999701977,8.29999998211861,2.66999999433756,10.919999986887,,-0.839999999850988,-1.33999999985099,-2.57999999821186,-3.54999999701977,1.70999999716878
412.0,TX-San Antonio,216889.0,86.7699999809265,0.649999998509884,4.94999998807907,15.0399999916554,3.40999999642372,6.76999999582767,1.61999999731779,3.88999999314547,6.86999998986721,2.41999999433756,8.92999997735024,0.639999998733401,0.739999998360872,1.16999999806285,2.04999999701977,1.23999999836087,0.959999999031425
413.0,TX-Temple,43800.0,78.5899999141693,0.779999999329448,3.02999999374151,12.7099999785423,3.92999999970198,5.18999999761581,1.2799999974668,2.87999999523163,7.52999998629093,3.15999999642372,10.1799999773502,,0.649999998509884,0.319999999366701,0.579999998211861,2.05999999493361,1.88999999687076
416.0,TX-Tyler,74293.0,96.1599998474121,1.33999999985099,6.34999999403954,14.8899999856949,4.1499999910593,5.82999999821186,3.48999999463558,4.00999999046326,8.14999997615814,3.09999999403954,10.0499999821186,0.629999998956919,0.78999999910593,1.53999999910593,2.06999999284744,0.649999998509884,1.11999999731779
417.0,TX-Victoria,20032.0,102.299999952316,-0.679999999701977,7.18999999761581,15.4699999988079,2.63999999314547,8.19999998807907,2.85999999940395,3.79999999701977,7.16999998688698,2.77999999374151,13.7199999988079,-1.7799999974668,-1.04999999701977,-0.609999999403954,-4.25,,1.10999999940395
418.0,TX-Waco,40236.0,85.5,0.589999999850988,6.66999998688698,14.0099999904633,3.61999999731779,8.19999998807907,1.63999999687076,3.36999999731779,7.51999999582767,2.78999999910593,9.25,-1.31999999657273,0.739999998360872,0.829999998211861,0.72999999858439,-2.29999999701977,1.25999999791384
420.0,TX-Wichita Falls,27512.0,88.9499998092651,-1.0299999974668,6.29999999701977,10.8599999845028,3.46999999880791,4.45999999344349,3.71999999880791,3.84999999403954,9.55999997258186,3.25999999791384,11.2399999797344,,,,,,0.839999999850988
421.0,UT-Ogden,28886.0,88.4299998283386,0.679999999701977,5.98999999463558,11.5,4.37999999523163,5.8999999910593,1.5,2.89999999850988,6.41999998688698,4.63999998569489,13.7299999892712,,-0.459999999962747,,1.71999999880791,-1.32999999821186,1.82999999821186
422.0,UT-Provo,24311.0,94.6999998092651,-0.419999999925494,5.50999999046326,14.5099999904633,2.96999999880791,7.27999998629093,1.0,4.04999999701977,6.29999999701977,5.27999998629093,13.25,-1.17999999970198,,,3.15999999642372,,1.46999999880791
423.0,UT-Salt Lake City,130609.0,85.9199998378754,0.639999998733401,6.11999998986721,10.9099999964237,2.32999999821186,5.43999999761581,1.16999999806285,3.28999999910593,6.45999999344349,5.63999998569489,11.9899999797344,0.78999999910593,0.46999999973923,0.589999999850988,1.76999999955297,1.83999999985099,1.19999999925494
424.0,VT-Burlington,78444.0,76.1399998664856,1.03999999910593,2.89999999850988,13.4899999797344,2.93999999761581,7.08999998867512,1.43999999761581,2.5,6.52999998629093,4.32999999821186,7.4299999922514,0.739999998360872,0.75,1.01999999955297,3.21999999880791,1.00999999791384,1.66999999806285
426.0,VA-Arlington,177009.0,69.7099997997284,0.689999999478459,4.59999999403954,6.65999999642372,2.04999999701977,2.79999999701977,1.35999999940395,2.50999999791384,5.71999999880791,3.85999999940395,8.85999998450279,0.409999999217689,0.669999999925494,0.579999998211861,1.61999999731779,1.01999999955297,1.04999999701977
427.0,VA-Charlottesville,69812.0,81.0999999046326,0.97999999858439,5.70999999344349,12.75,3.04999999701977,5.68999999761581,1.28999999910593,2.21999999880791,6.94999998807907,4.04999999701977,9.12999999523163,0.919999999925494,0.709999999031425,0.72999999858439,1.51999999955297,0.97999999858439,1.72999999672174
428.0,VA-Lynchburg,32478.0,84.5999999046326,0.859999999403954,5.58999998867512,12.5999999940395,3.13999999314547,6.28999999165535,1.13999999687076,3.03999999910593,7.91999998688698,3.62999999523163,8.35999998450279,-1.21999999880791,0.969999998807907,0.829999998211861,3.36999999731779,,1.29999999701977
429.0,VA-Newport News,64457.0,79.3599998950958,0.869999999180436,6.1799999922514,11.5799999833107,2.93999999761581,5.35999999940395,1.94999999925494,2.57999999821186,7.02999998629093,4.87999999523163,9.25999999046326,0.399999999441206,0.429999999701977,0.479999999515712,0.899999998509884,1.2799999974668,1.32999999821186
430.0,VA-Norfolk,122709.0,87.0099999904633,1.17999999970198,5.06999999284744,14.089999973774,3.40999999642372,5.51999999582767,1.5299999974668,2.84999999403954,7.15999999642372,3.8399999961257,10.2299999892712,0.779999999329448,0.649999998509884,1.03999999910593,1.01999999955297,0.639999998733401,1.39999999850988
431.0,VA-Richmond,173419.0,87.9099998474121,0.959999999031425,5.12999999523163,14.8499999940395,3.67999999970198,6.50999999046326,1.47999999672174,3.06999999284744,7.04999999701977,3.84999999403954,9.33999997377396,0.959999999031425,0.569999998435378,1.18999999761581,1.23999999836087,1.53999999910593,1.33999999985099
432.0,VA-Roanoke,94255.0,86.8199999332428,1.10999999940395,3.94999999552965,14.8199999928474,3.54999999701977,7.09999999403954,2.21999999880791,3.98999999463558,7.90999999642372,3.77999999374151,8.29999998211861,1.03999999910593,0.899999998509884,1.5599999986589,1.71999999880791,1.12999999895692,1.26999999955297
435.0,VA-Winchester,48993.0,81.2099997997284,0.559999998658895,4.6799999922514,15.3799999952316,2.60999999940395,6.21999999880791,1.64999999850988,3.61999999731779,7.1499999910593,3.48999999463558,9.43999999761581,-0.5,0.809999998658895,0.569999998435378,1.56999999657273,0.639999998733401,1.11999999731779
437.0,WA-Everett,52158.0,80.2399997711182,0.769999999552965,5.29999999701977,8.87999999523163,2.03999999910593,4.40999999642372,1.21999999880791,2.57999999821186,5.75999999046326,4.61999998986721,9.78999999165535,-0.629999998956919,1.09999999776483,0.959999999031425,2.95999999344349,2.34999999403954,1.47999999672174
438.0,WA-Olympia,39013.0,80.1499998569489,0.679999999701977,5.90999999642372,10.5299999713898,2.54999999701977,5.31999999284744,1.56999999657273,3.30999999493361,5.51999999582767,5.21999999880791,9.33999997377396,-1.39999999850988,0.779999999329448,1.14999999850988,1.71999999880791,-1.0599999986589,1.71999999880791
439.0,WA-Seattle,239800.0,77.0599999427795,0.72999999858439,5.3999999910593,9.58999997377396,1.93999999761581,4.95999999344349,1.43999999761581,2.5,5.44999998807907,4.52999998629093,8.47999998927116,0.659999998286366,0.629999998956919,0.819999998435378,2.42999999970198,1.25999999791384,1.19999999925494
440.0,WA-Spokane,160479.0,83.5299999713898,0.799999998882413,5.53999999165535,9.75,2.82999999821186,5.70999999344349,1.54999999701977,2.43999999761581,6.5,5.13999998569489,10.1499999761581,0.579999998211861,0.869999999180436,0.589999999850988,2.13999999314547,1.89999999850988,1.41999999806285
441.0,WA-Tacoma,64753.0,78.9899997711182,0.72999999858439,6.01999999582767,9.78999999165535,2.3399999961257,5.32999999821186,0.889999998733401,2.73999999463558,5.97999998927116,4.41999998688698,8.80999997258186,0.709999999031425,0.699999999254942,0.599999999627471,1.84999999776483,1.37999999895692,1.58999999985099
442.0,WA-Yakima,28148.0,85.9499998092651,0.769999999552965,4.3999999910593,13.0699999928474,2.79999999701977,6.69999998807907,1.61999999731779,1.94999999925494,7.6799999922514,4.48999999463558,9.87999999523163,,-0.78999999910593,-0.669999999925494,5.31999999284744,-0.879999998956919,1.14999999850988
443.0,WV-Charleston,102822.0,99.4199998378754,1.33999999985099,3.11999999731779,23.5299999713898,4.94999998807907,10.6299999952316,3.27999999374151,3.80999999493361,8.14999997615814,2.67999999970198,7.29999999701977,0.909999998286366,1.19999999925494,1.18999999761581,3.67999999970198,1.26999999955297,1.13999999687076
444.0,WV-Huntington,43124.0,101.479999780655,0.959999999031425,3.81999999284744,28.339999973774,4.32999999821186,16.539999961853,2.13999999314547,3.23999999463558,8.56999999284744,3.05999999493361,8.53999999165535,-0.459999999962747,1.18999999761581,0.989999998360872,1.48999999836087,-0.579999998211861,1.10999999940395
445.0,WV-Morgantown,45276.0,92.6099998950958,1.0299999974668,3.09999999403954,19.5499999523163,4.46999999880791,10.3299999833107,2.35999999940395,3.18999999761581,6.87999999523163,2.94999999552965,7.61999998986721,-1.42999999970198,0.97999999858439,1.59999999776483,1.91999999806285,0.549999998882413,1.39999999850988
446.0,WI-Appleton,22770.0,82.0899999141693,-1.0,4.45999999344349,9.50999999046326,2.94999999552965,4.6499999910593,1.67999999970198,3.01999999582767,6.28999999165535,5.34999999403954,10.5099999904633,,-1.10999999940395,-0.779999999329448,-1.91999999806285,-1.90999999642372,1.25
447.0,WI-Green Bay,49885.0,90.8699998855591,0.869999999180436,5.35999999940395,14.5499999821186,3.63999999314547,6.72999998927116,3.27999999374151,3.89999999850988,5.0,4.86999998986721,11.9899999797344,-1.0299999974668,1.0599999986589,0.739999998360872,1.75999999791384,1.84999999776483,1.72999999672174
448.0,WI-La Crosse,31942.0,74.4099998474121,0.829999998211861,1.95999999716878,10.7399999797344,2.98999999463558,4.52999998629093,1.87999999895692,2.46999999880791,5.32999999821186,4.91999998688698,11.2799999713898,-0.679999999701977,1.09999999776483,0.519999999552965,2.60999999940395,-0.889999998733401,1.41999999806285
449.0,WI-Madison,120285.0,80.7099997997284,0.839999999850988,3.0899999961257,12.4699999988079,2.73999999463558,6.21999999880791,1.94999999925494,2.8399999961257,5.66999998688698,5.07999999821186,11.2999999821186,0.669999999925494,0.879999998956919,0.449999999254942,2.23999999463558,1.21999999880791,1.39999999850988
450.0,WI-Marshfield,38515.0,89.3899998664856,0.829999998211861,4.12999999523163,16.8599999547005,4.22999998927116,7.11999998986721,1.40999999642372,2.67999999970198,5.77999998629093,4.18999999761581,11.2699999809265,-0.819999998435378,1.01999999955297,0.72999999858439,2.65999999642372,-1.89999999850988,2.09999999403954
451.0,WI-Milwaukee,235563.0,92.6799998283386,1.00999999791384,4.21999999880791,15.4699999988079,3.88999999314547,7.25999999046326,1.84999999776483,3.59999999403954,5.84999999403954,4.68999999761581,10.2199999988079,0.809999998658895,0.849999999627471,0.949999999254942,2.53999999910593,1.54999999701977,1.76999999955297
452.0,WI-Neenah,18232.0,81.539999961853,-0.989999998360872,3.54999999701977,10.589999973774,2.30999999493361,5.58999998867512,1.61999999731779,3.0899999961257,5.54999999701977,5.19999998807907,12.8499999940395,,-0.75,-0.809999998658895,,,1.59999999776483
456.0,WI-Wausau,21553.0,89.3699998855591,-0.869999999180436,4.61999998986721,14.1099999845028,4.18999999761581,6.46999999880791,3.11999999731779,3.22999999672174,5.82999999821186,5.75,9.56999999284744,,-1.15999999642372,-1.45999999716878,-1.82999999821186,-1.36999999731779,1.79999999701977
457.0,WY-Casper,25613.0,94.3399999141693,-0.879999998956919,10.0799999833107,13.669999986887,2.8399999961257,7.62999999523163,2.38999999314547,3.15999999642372,7.31999999284744,4.1799999922514,9.71999999880791,,-1.11999999731779,-0.72999999858439,1.17999999970198,-1.96999999880791,1.32999999821186
999.0,US-United States,28083795.0,89.9199998378754,0.889999998733401,4.73999999463558,15.7399999797344,3.15999999642372,7.54999999701977,1.92999999970198,3.30999999493361,6.6499999910593,3.90999999642372,9.03999999165535,0.799999998882413,0.819999998435378,0.889999998733401,2.40999999642372,1.31999999657273,1.42999999970198
