County ID,County Name,Overall - Number of Medicare beneficiaries (20% Part B sample) (2003-07),Black - Number of Medicare beneficiaries (20% Part B sample) (2003-07),White - Number of Medicare beneficiaries (20% Part B sample) (2003-07),Rate - Overall - Average annual percent of Medicare enrollees having at least one ambulatory visit to a primary care clinician (2003-07),Lower confidence limit - Overall - Average annual percent of Medicare enrollees having at least one ambulatory visit to a primary care clinician (2003-07),Upper confidence limit - Overall - Average annual percent of Medicare enrollees having at least one ambulatory visit to a primary care clinician (2003-07),Rate - Black - Average annual percent of Medicare enrollees having at least one ambulatory visit to a primary care clinician (2003-07),Lower confidence limit - Black - Average annual percent of Medicare enrollees having at least one ambulatory visit to a primary care clinician (2003-07),Upper confidence limit - Black - Average annual percent of Medicare enrollees having at least one ambulatory visit to a primary care clinician (2003-07),Rate - White - Average annual percent of Medicare enrollees having at least one ambulatory visit to a primary care clinician (2003-07),Lower confidence limit - White - Average annual percent of Medicare enrollees having at least one ambulatory visit to a primary care clinician (2003-07),Upper confidence limit - White - Average annual percent of Medicare enrollees having at least one ambulatory visit to a primary care clinician (2003-07),Overall - Number of diabetic Medicare enrollees age 65-75 (2003-07),Black - Number of diabetic Medicare enrollees age 65-75 (2003-07),White - Number of diabetic Medicare enrollees age 65-75 (2003-07),Rate - Overall - Average annual percent of diabetic Medicare enrollees age 65-75 having hemoglobin A1c test (2003-07),Lower confidence limit - Overall - Average annual percent of diabetic Medicare enrollees age 65-75 having hemoglobin A1c test (2003-07),Upper confidence limit - Overall - Average annual percent of diabetic Medicare enrollees age 65-75 having hemoglobin A1c test (2003-07),Rate - Black - Average annual percent of diabetic Medicare enrollees age 65-75 having hemoglobin A1c test (2003-07),Lower confidence limit - Black - Average annual percent of diabetic Medicare enrollees age 65-75 having hemoglobin A1c test (2003-07),Upper confidence limit - Black - Average annual percent of diabetic Medicare enrollees age 65-75 having hemoglobin A1c test (2003-07),Rate - White - Average annual percent of diabetic Medicare enrollees age 65-75 having hemoglobin A1c test (2003-07),Lower confidence limit - White - Average annual percent of diabetic Medicare enrollees age 65-75 having hemoglobin A1c test (2003-07),Upper confidence limit - White - Average annual percent of diabetic Medicare enrollees age 65-75 having hemoglobin A1c test (2003-07),Rate - Overall - Average annual percent of diabetic Medicare enrollees age 65-75 having eye examination (2003-07),Lower confidence limit - Overall - Average annual percent of diabetic Medicare enrollees age 65-75 having eye examination (2003-07),Upper confidence limit - Overall - Average annual percent of diabetic Medicare enrollees age 65-75 having eye examination (2003-07),Rate - Black - Average annual percent of diabetic Medicare enrollees age 65-75 having eye examination (2003-07),Lower confidence limit - Black - Average annual percent of diabetic Medicare enrollees age 65-75 having eye examination (2003-07),Upper confidence limit - Black - Average annual percent of diabetic Medicare enrollees age 65-75 having eye examination (2003-07),Rate - White - Average annual percent of diabetic Medicare enrollees age 65-75 having eye examination (2003-07),Lower confidence limit - White - Average annual percent of diabetic Medicare enrollees age 65-75 having eye examination (2003-07),Upper confidence limit - White - Average annual percent of diabetic Medicare enrollees age 65-75 having eye examination (2003-07),Rate - Overall - Average annual percent of diabetic Medicare enrollees age 65-75 having blood lipids (LDL-C) test (2003-07),Lower confidence limit - Overall - Average annual percent of diabetic Medicare enrollees age 65-75 having blood lipids (LDL-C) test (2003-07),Upper confidence limit - Overall - Average annual percent of diabetic Medicare enrollees age 65-75 having blood lipids (LDL-C) test (2003-07),Rate - Black - Average annual percent of diabetic Medicare enrollees age 65-75 having blood lipids (LDL-C) test (2003-07),Lower confidence limit - Black - Average annual percent of diabetic Medicare enrollees age 65-75 having blood lipids (LDL-C) test (2003-07),Upper confidence limit - Black - Average annual percent of diabetic Medicare enrollees age 65-75 having blood lipids (LDL-C) test (2003-07),Rate - White - Average annual percent of diabetic Medicare enrollees age 65-75 having blood lipids (LDL-C) test (2003-07),Lower confidence limit - White - Average annual percent of diabetic Medicare enrollees age 65-75 having blood lipids (LDL-C) test (2003-07),Upper confidence limit - White - Average annual percent of diabetic Medicare enrollees age 65-75 having blood lipids (LDL-C) test (2003-07),Overall - Number of female Medicare enrollees age 67-69 (2003-07),Black - Number of female Medicare enrollees age 67-69 (2003-07),White - Number of female Medicare enrollees age 67-69 (2003-07),Rate - Overall - Average percent of female Medicare enrollees age 67-69 having at least one mammogram over a two-year period (2003-07),Lower confidence limit - Overall - Average percent of female Medicare enrollees age 67-69 having at least one mammogram over a two-year period (2003-07),Upper confidence limit - Overall - Average percent of female Medicare enrollees age 67-69 having at least one mammogram over a two-year period (2003-07),Rate - Black - Average percent of female Medicare enrollees age 67-69 having at least one mammogram over a two-year period (2003-07),Lower confidence limit - Black - Average percent of female Medicare enrollees age 67-69 having at least one mammogram over a two-year period (2003-07),Upper confidence limit - Black - Average percent of female Medicare enrollees age 67-69 having at least one mammogram over a two-year period (2003-07),Rate - White - Average percent of female Medicare enrollees age 67-69 having at least one mammogram over a two-year period (2003-07),Lower confidence limit - White - Average percent of female Medicare enrollees age 67-69 having at least one mammogram over a two-year period (2003-07),Upper confidence limit - White - Average percent of female Medicare enrollees age 67-69 having at least one mammogram over a two-year period (2003-07),Overall - Number of Medicare beneficiaries (100% Part A) (2003-07),Black - Number of Medicare beneficiaries (100% Part A) (2003-07),White - Number of Medicare beneficiaries (100% Part A) (2003-07),"Rate - Overall - Leg amputations per 1,000 Medicare enrollees (2003-07)","Lower confidence limit - Overall - Leg amputations per 1,000 Medicare enrollees (2003-07)","Upper confidence limit - Overall - Leg amputations per 1,000 Medicare enrollees (2003-07)","Rate - Black - Leg amputations per 1,000 Medicare enrollees (2003-07)","Lower confidence limit - Black - Leg amputations per 1,000 Medicare enrollees (2003-07)","Upper confidence limit - Black - Leg amputations per 1,000 Medicare enrollees (2003-07)","Rate - White - Leg amputations per 1,000 Medicare enrollees (2003-07)","Lower confidence limit - White - Leg amputations per 1,000 Medicare enrollees (2003-07)","Upper confidence limit - White - Leg amputations per 1,000 Medicare enrollees (2003-07)","Rate - Overall - Discharges for ambulatory care sensitive conditions per 1,000 Medicare enrollees (2003-07)","Lower confidence limit - Overall - Discharges for ambulatory care sensitive conditions per 1,000 Medicare enrollees (2003-07)","Upper confidence limit - Overall - Discharges for ambulatory care sensitive conditions per 1,000 Medicare enrollees (2003-07)","Rate - Black - Discharges for ambulatory care sensitive conditions per 1,000 Medicare enrollees (2003-07)","Lower confidence limit - Black - Discharges for ambulatory care sensitive conditions per 1,000 Medicare enrollees (2003-07)","Upper confidence limit - Black - Discharges for ambulatory care sensitive conditions per 1,000 Medicare enrollees (2003-07)","Rate - White - Discharges for ambulatory care sensitive conditions per 1,000 Medicare enrollees (2003-07)","Lower confidence limit - White - Discharges for ambulatory care sensitive conditions per 1,000 Medicare enrollees (2003-07)","Upper confidence limit - White - Discharges for ambulatory care sensitive conditions per 1,000 Medicare enrollees (2003-07)"
51001,VA-Accomack County,5505,1196,4309,87.57,85.08,90.06,86.92,81.64,92.2,86.18,83.41,88.95,738,273,465,81.84,75.31,88.37,80.95,70.28,91.62,82.37,74.12,90.62,64.63,58.83,70.43,61.9,52.57,71.23,66.24,58.84,73.64,71.27,65.18,77.36,61.9,52.57,71.23,76.77,68.81,84.73,442,,,64.03,56.57,71.49,,,,,,,28427,6199,22228,0.9731,0.6677,1.2785,,,,,,,69.7529,66.7304,72.7754,103.9747,96.0301,111.9193,64.6427,61.2419,68.0435
51003,VA-Albemarle County,8543,566,7977,82.38,80.46,84.3,82.9,75.39,90.41,82.43,80.44,84.42,677,,,82.87,76.01,89.73,,,,,,,72.08,65.68,78.48,,,,,,,77.25,70.63,83.87,,,,,,,638,,,70.38,63.87,76.89,,,,,,,47708,3427,44281,0.9119,0.6393,1.1845,,,,0.6061,0.3775,0.8347,57.2674,55.1274,59.4074,94.4097,84.1768,104.6426,54.2488,52.0892,56.4084
51005,VA-Alleghany County,620,,,74.92,68.1,81.74,,,,,,,,,,,,,,,,,,,,,,,,,,,,,,,,,,,,,,,,,,,,,,,,,3970,,,,,,,,,,,,146.4132,134.132,158.6944,,,,,,
51007,VA-Amelia County,1268,373,895,84.79,79.66,89.92,81.99,72.79,91.19,83.36,77.37,89.35,,,,,,,,,,,,,,,,,,,,,,,,,,,,,,,,,,,,,,,,,,,7204,1952,5252,,,,,,,,,,58.5747,53.0382,64.1112,70.9852,59.3096,82.6608,60.0092,53.0785,66.9399
51009,VA-Amherst County,4215,649,3566,84.86,82.07,87.65,79.96,73.05,86.87,84.99,81.96,88.02,552,,,81.34,73.82,88.86,,,,,,,73.37,66.22,80.52,,,,,,,77.72,70.37,85.07,,,,,,,378,,,52.65,45.34,59.96,,,,,,,20955,3472,17483,1.5318,1.0571,2.0065,,,,,,,79.1396,75.3267,82.9525,90.5293,80.5634,100.4952,80.1107,75.8181,84.4033
51011,VA-Appomattox County,1705,259,1446,87.07,82.61,91.53,88.61,77.06,100.16,86.05,81.26,90.84,,,,,,,,,,,,,,,,,,,,,,,,,,,,,,,,,,,,,,,,,,,8171,1163,7008,,,,,,,,,,78.2431,72.1717,84.3145,105.0035,86.6688,123.3382,75.9595,69.3798,82.5392
51013,VA-Arlington County,12371,1151,11220,65.96,64.53,67.39,56.19,51.84,60.54,66.84,65.33,68.35,766,,,80.55,74.19,86.91,,,,,,,65.93,60.18,71.68,,,,,,,76.63,70.43,82.83,,,,,,,852,,,64.67,59.27,70.07,,,,,,,73532,6768,66764,0.6072,0.4354,0.779,2.2742,1.1599,3.3885,0.4651,0.3039,0.6263,49.7483,48.1774,51.3192,73.4788,67.1326,79.825,47.6339,46.0179,49.2499
51015,VA-Augusta County,5939,,,84.29,81.95,86.63,,,,,,,813,,,85.36,79.01,91.71,,,,,,,75.89,69.9,81.88,,,,,,,81.92,75.7,88.14,,,,,,,537,,,72.63,65.42,79.84,,,,,,,30681,556,30125,,,,,,,,,,64.8395,61.8515,67.8275,78.4231,55.5095,101.3367,63.148,60.2011,66.0949
51017,VA-Bath County,394,,,77.65,68.91,86.39,,,,,,,,,,,,,,,,,,,,,,,,,,,,,,,,,,,,,,,,,,,,,,,,,2464,,,,,,,,,,,,127.1607,111.9078,142.4136,,,,,,
51019,VA-Bedford County,8204,294,7910,80.94,78.99,82.89,79.09,68.91,89.27,81.35,79.36,83.34,866,,,86.72,80.52,92.92,,,,,,,76.67,70.84,82.5,,,,,,,79.33,73.4,85.26,,,,,,,801,,,68.66,62.92,74.4,,,,,,,43355,1467,41888,0.7703,0.485,1.0556,,,,,,,62.1269,59.6582,64.5956,69.9682,56.5207,83.4157,60.855,58.3835,63.3265
51021,VA-Bland County,710,,,85.59,78.77,92.41,,,,,,,,,,,,,,,,,,,,,,,,,,,,,,,,,,,,,,,,,,,,,,,,,4495,,,,,,,,,,,,110.2673,100.1017,120.4329,,,,,,
51023,VA-Botetourt County,3579,,,78.59,75.69,81.49,,,,,,,456,,,86.18,77.66,94.7,,,,,,,73.9,66.01,81.79,,,,,,,82.02,73.71,90.33,,,,,,,323,,,64.09,55.36,72.82,,,,,,,19752,493,19259,,,,,,,,,,68.271,64.4602,72.0818,82.6247,57.9284,107.321,66.5645,62.7825,70.3465
51025,VA-Brunswick County,2174,998,1176,85.06,81.1,89.02,77.84,72.37,83.31,85.2,79.92,90.48,298,,,75.5,65.63,85.37,,,,,,,65.44,56.26,74.62,,,,,,,71.81,62.19,81.43,,,,,,,,,,,,,,,,,,,11784,5221,6563,1.4193,0.9491,1.8895,,,,,,,85.9205,80.9152,90.9258,108.8744,100.0516,117.6972,88.8868,81.4378,96.3358
51027,VA-Buchanan County,2550,,,85.78,82.19,89.37,,,,,,,350,,,74.86,65.8,83.92,,,,,,,52,44.45,59.55,,,,,,,74.57,65.52,83.62,,,,,,,264,,,56.82,47.73,65.91,,,,,,,13864,,,,,,,,,,,,225.2865,216.7282,233.8448,,,,,,
51029,VA-Buckingham County,472,,,88.38,79.72,97.04,,,,,,,,,,,,,,,,,,,,,,,,,,,,,,,,,,,,,,,,,,,,,,,,,2226,774,1452,,,,,,,,,,75.22,64.3806,86.0594,74.8686,55.9242,93.813,87.6021,72.2448,102.9594
51031,VA-Campbell County,4356,675,3681,84.31,81.57,87.05,80.16,73.38,86.94,84.3,81.33,87.27,605,,,80.99,73.82,88.16,,,,,,,67.6,61.05,74.15,,,,,,,80,72.87,87.13,,,,,,,387,,,55.81,48.37,63.25,,,,,,,23628,3721,19907,1.5239,1.0736,1.9742,,,,,,,68.3169,64.9808,71.653,78.3986,69.4823,87.3149,68.9607,65.232,72.6894
51033,VA-Caroline County,2442,814,1628,81.95,78.3,85.6,79.57,73.4,85.74,80.02,75.66,84.38,305,,,83.28,73.04,93.52,,,,,,,70.49,61.07,79.91,,,,,,,73.11,63.51,82.71,,,,,,,,,,,,,,,,,,,13324,4376,8948,,,,,,,,,,63.8523,59.676,68.0286,74.6541,66.5625,82.7457,67.6658,62.1156,73.216
51035,VA-Carroll County,4010,,,85.44,82.59,88.29,,,,,,,414,,,85.02,76.14,93.9,,,,,,,70.29,62.21,78.37,,,,,,,76.81,68.37,85.25,,,,,,,341,,,65.1,56.54,73.66,,,,,,,20759,,,,,,,,,,,,76.6506,72.7612,80.54,,,,,,
51036,VA-Charles City County,645,414,231,91.47,83.85,99.09,87.75,78.74,96.76,83.62,71.73,95.51,,,,,,,,,,,,,,,,,,,,,,,,,,,,,,,,,,,,,,,,,,,3312,2051,1261,,,,,,,,,,56.142,48.6199,63.6641,77.3092,65.2544,89.364,50.6467,37.3815,63.9119
51037,VA-Charlotte County,2329,649,1680,84.35,80.57,88.13,79.77,72.89,86.65,83.77,79.38,88.16,293,,,82.25,71.87,92.63,,,,,,,67.24,57.85,76.63,,,,,,,78.5,68.35,88.65,,,,,,,,,,,,,,,,,,,11629,3038,8591,,,,,,,,,,66.1206,61.5782,70.663,76.5237,66.8822,86.1652,68.8041,63.1655,74.4427
51041,VA-Chesterfield County,23426,2234,21192,82.98,81.81,84.15,76.81,73.18,80.44,83.46,82.23,84.69,2606,495,2111,86.07,82.51,89.63,80,72.12,87.88,87.49,83.5,91.48,72.26,69,75.52,67.47,60.23,74.71,73.38,69.73,77.03,81.43,77.97,84.89,72.32,64.83,79.81,83.56,79.66,87.46,2115,267,1848,65.63,62.18,69.08,64.42,54.79,74.05,65.8,62.1,69.5,126502,12084,114418,0.952,0.7824,1.1216,2.4517,1.5436,3.3598,0.8447,0.673,1.0164,53.0809,51.7784,54.3834,68.8401,64.0305,73.6497,51.7945,50.4371,53.1519
51043,VA-Clarke County,1799,,,80.08,75.94,84.22,,,,,,,204,,,86.27,73.52,99.02,,,,,,,70.1,58.61,81.59,,,,,,,87.25,74.43,100.07,,,,,,,,,,,,,,,,,,,10139,845,9294,,,,,,,,,,82.2069,76.5315,87.8823,85.7971,66.6332,104.961,82.3078,76.3329,88.2827
51045,VA-Craig County,670,,,74.22,67.72,80.72,,,,,,,,,,,,,,,,,,,,,,,,,,,,,,,,,,,,,,,,,,,,,,,,,2947,,,,,,,,,,,,94.6277,82.9673,106.2881,,,,,,
51047,VA-Culpeper County,4391,502,3889,85.02,82.29,87.75,74.32,66.8,81.84,86.04,83.12,88.96,518,,,88.61,80.5,96.72,,,,,,,58.88,52.27,65.49,,,,,,,80.89,73.14,88.64,,,,,,,360,,,63.33,55.11,71.55,,,,,,,22406,3043,19363,1.0026,0.6172,1.388,,,,,,,70.4436,66.949,73.9382,94.7047,83.7478,105.6616,68.3629,64.6089,72.1169
51049,VA-Cumberland County,3889,1063,2826,84.91,81.98,87.84,78.54,73.21,83.87,85.02,81.61,88.43,463,,,83.59,75.26,91.92,,,,,,,66.09,58.68,73.5,,,,,,,77.54,69.52,85.56,,,,,,,306,,,67.32,58.13,76.51,,,,,,,20139,6040,14099,1.2589,0.8826,1.6352,,,,,,,69.6114,66.1358,73.087,74.8185,68.0686,81.5684,75.8627,71.315,80.4104
51051,VA-Dickenson County,1838,,,80.2,76.12,84.28,,,,,,,296,,,81.42,71.14,91.7,,,,,,,58.45,49.74,67.16,,,,,,,76.69,66.71,86.67,,,,,,,,,,,,,,,,,,,11461,,,,,,,,,,,,208.4797,199.6835,217.2759,,,,,,
51053,VA-Dinwiddie County,2189,819,1370,88.35,84.35,92.35,86.31,79.93,92.69,85.39,80.49,90.29,371,,,77.63,68.66,86.6,,,,,,,69.54,61.05,78.03,,,,,,,77.63,68.66,86.6,,,,,,,204,,,63.73,52.77,74.69,,,,,,,11380,4343,7037,,,,,,,,,,79.0004,73.9608,84.04,95.4126,86.2105,104.6147,83.8499,76.7179,90.9819
51057,VA-Essex County,1580,448,1132,80.28,75.82,84.74,67.62,59.99,75.25,82.97,77.67,88.27,238,,,78.57,67.31,89.83,,,,,,,61.34,51.39,71.29,,,,,,,76.05,64.97,87.13,,,,,,,,,,,,,,,,,,,8305,2573,5732,,,,,,,,,,67.4114,62.0038,72.819,88.2545,76.8733,99.6357,66.4478,59.6402,73.2554
51059,VA-Fairfax County,67430,2885,64545,70.52,69.89,71.15,60.33,57.49,63.17,71.23,70.58,71.88,5262,495,4767,81.76,79.32,84.2,80,72.12,87.88,81.94,79.37,84.51,67.83,65.6,70.06,58.99,52.22,65.76,68.74,66.39,71.09,80.81,78.38,83.24,71.72,64.26,79.18,81.75,79.18,84.32,5480,255,5225,59.73,57.68,61.78,50.59,41.86,59.32,60.17,58.07,62.27,399752,18072,381680,0.602,0.521,0.683,2.3937,1.661,3.1264,0.4576,0.389,0.5262,48.1106,47.4105,48.8107,65.4636,61.6279,69.2993,46.6793,45.978,47.3806
51061,VA-Fauquier County,5524,566,4958,79.31,76.96,81.66,78.61,71.27,85.95,79.17,76.69,81.65,571,,,84.06,76.54,91.58,,,,,,,59.37,53.05,65.69,,,,,,,79.16,71.86,86.46,,,,,,,503,,,53.48,47.09,59.87,,,,,,,31635,3468,28167,0.8518,0.5418,1.1618,,,,,,,67.7816,64.8467,70.7165,86.4191,76.6561,96.1821,66.4122,63.2988,69.5256
51063,VA-Floyd County,1851,,,78.8,74.76,82.84,,,,,,,,,,,,,,,,,,,,,,,,,,,,,,,,,,,,,,,,,,,,,,,,,9770,245,9525,,,,,,,,,,72.9369,67.4986,78.3752,,,,71.5744,66.1748,76.974
51065,VA-Fluvanna County,3700,452,3248,83.13,80.18,86.08,80.42,72.09,88.75,83.09,79.95,86.23,538,,,88.29,80.35,96.23,,,,,,,68.4,61.41,75.39,,,,,,,84.01,76.26,91.76,,,,,,,346,,,71.97,63.03,80.91,,,,,,,19101,2330,16771,,,,,,,,,,56.4436,52.9382,59.949,58.5517,48.711,68.3924,57.4685,53.6276,61.3094
51067,VA-Franklin County,6490,493,5997,80.93,78.74,83.12,80.49,72.56,88.42,80.97,78.69,83.25,752,,,84.44,77.87,91.01,,,,,,,65.82,60.02,71.62,,,,,,,79.79,73.41,86.17,,,,,,,620,,,57.9,51.91,63.89,,,,,,,33843,2398,31445,1.01,0.6654,1.3546,,,,,,,74.7038,71.7063,77.7013,82.3648,71.1171,93.6125,74.06,70.9511,77.1689
51069,VA-Frederick County,7250,,,78.98,76.94,81.02,,,,,,,969,,,87.93,82.03,93.83,,,,,,,69.66,64.4,74.92,,,,,,,84.21,78.43,89.99,,,,,,,651,,,61.29,55.28,67.3,,,,,,,37703,547,37156,1.3631,0.9407,1.7855,,,,,,,83.9547,80.8702,87.0392,93.7215,66.9269,120.5161,81.8148,78.7838,84.8458
51071,VA-Giles County,2641,,,83.98,80.5,87.46,,,,,,,310,,,86.45,76.1,96.8,,,,,,,77.42,67.63,87.21,,,,,,,75.16,65.51,84.81,,,,,,,230,,,74.35,63.21,85.49,,,,,,,13761,209,13552,,,,,,,,,,105.6577,100.1583,111.1571,,,,103.7151,98.2822,109.148
51073,VA-Gloucester County,4118,523,3595,81.49,78.72,84.26,75.11,67.63,82.59,81.95,78.99,84.91,440,,,85,76.39,93.61,,,,,,,65.68,58.11,73.25,,,,,,,75,66.91,83.09,,,,,,,395,,,61.27,53.55,68.99,,,,,,,22658,3212,19446,1.7391,1.2419,2.2363,,,,,,,57.7071,54.5457,60.8685,51.4116,43.7943,59.0289,60.9056,57.3145,64.4967
51075,VA-Goochland County,1931,562,1369,81.12,77.04,85.2,73.57,66.42,80.72,81.78,76.98,86.58,262,,,89.31,77.87,100.75,,,,,,,64.12,54.42,73.82,,,,,,,86.26,75.01,97.51,,,,,,,,,,,,,,,,,,,9931,2638,7293,,,,,,,,,,47.9172,43.6482,52.1862,60.1478,50.914,69.3816,48.184,42.9128,53.4552
51077,VA-Grayson County,2337,,,84.23,80.52,87.94,,,,,,,288,,,86.11,75.39,96.83,,,,,,,61.11,52.08,70.14,,,,,,,82.29,71.81,92.77,,,,,,,,,,,,,,,,,,,11583,,,,,,,,,,,,77.0098,71.8296,82.19,,,,,,
51079,VA-Greene County,1409,,,81.88,77.14,86.62,,,,,,,,,,,,,,,,,,,,,,,,,,,,,,,,,,,,,,,,,,,,,,,,,7546,360,7186,,,,,,,,,,71.9234,65.6064,78.2404,77.5161,48.8037,106.2285,70.8808,64.4726,77.289
51081,VA-Greensville County,,,,,,,,,,,,,,,,,,,,,,,,,,,,,,,,,,,,,,,,,,,,,,,,,,,,,,,565,292,273,,,,,,,,,,73.5986,52.3296,94.8676,84.0707,51.115,117.0264,,,
51083,VA-Halifax County,5495,1636,3859,82.7,80.27,85.13,82.99,78.58,87.4,79.99,77.17,82.81,806,307,499,83.75,77.43,90.07,85.99,75.62,96.36,82.36,74.4,90.32,62.78,57.31,68.25,58.96,50.37,67.55,65.13,58.05,72.21,74.07,68.13,80.01,71.99,62.5,81.48,75.35,67.73,82.97,464,,,57.97,51.04,64.9,,,,,,,28679,8519,20160,1.3899,1.0571,1.7227,4.5434,3.1527,5.9341,,,,72.603,69.6228,75.5832,86.4952,80.4211,92.5693,75.3846,71.5709,79.1983
51085,VA-Hanover County,9898,1172,8726,84.17,82.36,85.98,77.94,72.86,83.02,84.62,82.69,86.55,1091,240,851,83.59,78.16,89.02,73.33,62.5,84.16,86.49,80.24,92.74,70.85,65.86,75.84,65.42,55.19,75.65,72.39,66.67,78.11,79.56,74.27,84.85,74.17,63.27,85.07,81.08,75.03,87.13,862,,,66.24,60.81,71.67,,,,,,,52331,6077,46254,1.161,0.883,1.439,,,,0.8909,0.6148,1.167,52.6709,50.6885,54.6533,58.265,52.2793,64.2507,52.8861,50.7469,55.0253
51087,VA-Henrico County,30935,3526,27409,80.64,79.64,81.64,74.08,71.24,76.92,81.15,80.09,82.21,2792,647,2145,83.7,80.31,87.09,82.23,75.24,89.22,84.15,80.27,88.03,68.98,65.9,72.06,66.31,60.04,72.58,69.79,66.25,73.33,78.65,75.36,81.94,74.5,67.85,81.15,79.91,76.13,83.69,2335,390,1945,68.35,65,71.7,64.62,56.64,72.6,69.1,65.41,72.79,165895,19349,146546,0.9858,0.8434,1.1282,4.0998,3.1957,5.0039,0.7006,0.5666,0.8346,53.6593,52.5818,54.7368,70.3644,66.626,74.1028,52.3042,51.1698,53.4386
51089,VA-Henry County,6070,747,5323,82.74,80.44,85.04,73.74,67.56,79.92,83.57,81.11,86.03,811,,,81.13,74.93,87.33,,,,,,,55.98,50.83,61.13,,,,,,,73.61,67.71,79.51,,,,,,,545,,,69.72,62.71,76.73,,,,,,,32029,4150,27879,1.3187,0.9417,1.6957,,,,,,,92.7532,89.3496,96.1568,104.621,94.6859,114.5561,93.1541,89.4479,96.8603
51091,VA-Highland County,495,,,82.99,74.94,91.04,,,,,,,,,,,,,,,,,,,,,,,,,,,,,,,,,,,,,,,,,,,,,,,,,2519,,,,,,,,,,,,84.15,72.6305,95.6695,,,,,,
51093,VA-Isle of Wight County,3798,959,2839,86.91,83.91,89.91,85.92,80.05,91.79,85.19,81.78,88.6,547,,,76.97,69.62,84.32,,,,,,,75.5,68.22,82.78,,,,,,,76.23,68.91,83.55,,,,,,,373,,,65.95,57.71,74.19,,,,,,,20398,5088,15310,1.04,0.6739,1.4061,,,,,,,59.849,56.5029,63.1951,66.8975,59.7444,74.0506,62.8191,58.6989,66.9393
51095,VA-James City County,5134,517,4617,87.37,84.8,89.94,88.28,80.15,96.41,87.04,84.34,89.74,487,,,88.71,80.34,97.08,,,,,,,75.77,68.04,83.5,,,,,,,86.24,77.99,94.49,,,,,,,519,,,80.92,73.18,88.66,,,,,,,28094,2769,25325,0.7417,0.4245,1.0589,,,,,,,48.3424,45.6451,51.0397,75.4653,64.9537,85.9769,45.7127,42.9291,48.4963
51097,VA-King and Queen County,918,318,600,87.92,81.78,94.06,81.24,71.4,91.08,87.84,80.33,95.35,,,,,,,,,,,,,,,,,,,,,,,,,,,,,,,,,,,,,,,,,,,4409,1545,2864,,,,,,,,,,61.6871,54.7297,68.6445,86.8651,72.5776,101.1526,57.4325,48.5332,66.3318
51099,VA-King George County,1650,295,1355,73.57,69.39,77.75,72.3,62.54,82.06,72.94,68.37,77.51,247,,,86.23,74.65,97.81,,,,,,,68.42,58.1,78.74,,,,,,,80.97,69.75,92.19,,,,,,,,,,,,,,,,,,,8686,1625,7061,,,,,,,,,,72.2192,66.4974,77.941,83.6442,69.6376,97.6508,73.4612,66.8548,80.0676
51101,VA-King William County,1742,436,1306,86.87,82.44,91.3,82.31,73.75,90.87,86.39,81.33,91.45,219,,,84.02,71.88,96.16,,,,,,,63.01,52.5,73.52,,,,,,,75.34,63.84,86.84,,,,,,,,,,,,,,,,,,,8509,2223,6286,,,,,,,,,,60.4697,55.3552,65.5842,65.266,54.9578,75.5742,65.0377,58.5241,71.5513
51103,VA-Lancaster County,3391,460,2931,83.37,80.28,86.46,89.27,80.63,97.91,81.87,78.59,85.15,316,,,84.18,74.06,94.3,,,,,,,71.84,62.49,81.19,,,,,,,81.01,71.09,90.93,,,,,,,280,,,66.43,56.88,75.98,,,,,,,17580,2649,14931,,,,,,,,,,54.07,50.717,57.423,71.2209,61.25,81.1918,52.7341,49.0866,56.3816
51105,VA-Lee County,2820,,,82.47,79.13,85.81,,,,,,,376,,,79.52,70.51,88.53,,,,,,,56.38,48.79,63.97,,,,,,,81.65,72.52,90.78,,,,,,,259,,,55.6,46.52,64.68,,,,,,,15388,,,,,,,,,,,,188.6692,181.6456,195.6928,,,,,,
51107,VA-Loudoun County,10784,688,10096,78.23,76.56,79.9,74.14,67.69,80.59,78.62,76.89,80.35,883,,,83.69,77.66,89.72,,,,,,,67.27,61.86,72.68,,,,,,,81.2,75.26,87.14,,,,,,,891,,,59.93,54.85,65.01,,,,,,,63339,4205,59134,0.914,0.6702,1.1578,,,,0.6517,0.4417,0.8617,63.6024,61.5775,65.6273,69.7521,61.6961,77.8081,62.9193,60.8354,65.0032
51109,VA-Louisa County,4189,864,3325,82.67,79.89,85.45,79.48,73.53,85.43,82.15,79.06,85.24,627,204,423,85.33,78.1,92.56,89.22,76.26,102.18,83.45,74.74,92.16,59.97,53.91,66.03,57.35,46.96,67.74,61.23,53.77,68.69,76.24,69.41,83.07,75,63.12,86.88,76.83,68.48,85.18,428,,,58.41,51.17,65.65,,,,,,,21482,4080,17402,1.192,0.7853,1.5987,,,,,,,69.8866,66.2719,73.5013,86.094,77.0871,95.1009,69.8526,65.6961,74.0091
51111,VA-Lunenburg County,1847,662,1185,88.08,83.74,92.42,83.13,76.16,90.1,87.01,81.7,92.32,228,,,85.96,73.93,97.99,,,,,,,71.49,60.51,82.47,,,,,,,83.33,71.48,95.18,,,,,,,,,,,,,,,,,,,9460,3470,5990,,,,,,,,,,80.7832,75.3298,86.2366,111.2198,100.1672,122.2724,76.6875,69.6332,83.7418
51113,VA-Madison County,1479,,,84.12,79.42,88.82,,,,,,,,,,,,,,,,,,,,,,,,,,,,,,,,,,,,,,,,,,,,,,,,,7833,785,7048,,,,,,,,,,54.5404,49.3118,59.769,85.3922,64.9449,105.8395,51.5511,46.158,56.9442
51115,VA-Mathews County,1959,,,85.4,81.29,89.51,,,,,,,200,,,85.5,72.68,98.32,,,,,,,81,68.53,93.47,,,,,,,79.5,67.14,91.86,,,,,,,,,,,,,,,,,,,10062,1031,9031,,,,,,,,,,47.7357,43.4246,52.0468,71.0715,55.0927,87.0503,45.4856,40.9999,49.9713
51117,VA-Mecklenburg County,5342,1526,3816,83.77,81.29,86.25,82.21,77.67,86.75,81.94,79.07,84.81,707,244,463,84.3,77.53,91.07,86.89,75.19,98.59,82.94,74.64,91.24,63.22,57.36,69.08,63.11,53.14,73.08,63.28,56.03,70.53,80.48,73.87,87.09,81.97,70.61,93.33,79.7,71.57,87.83,473,,,62.79,55.65,69.93,,,,,,,28261,8036,20225,1.5409,1.1799,1.9019,5.5418,3.9403,7.1433,,,,81.8885,78.6332,85.1438,93.3291,86.7582,99.9,86.6466,82.4733,90.8199
51119,VA-Middlesex County,1752,211,1541,84.89,80.55,89.23,75.62,63.9,87.34,85.75,81.11,90.39,227,,,79.3,67.72,90.88,,,,,,,66.08,55.51,76.65,,,,,,,70.93,59.97,81.89,,,,,,,,,,,,,,,,,,,9390,1167,8223,,,,,,,,,,51.4275,46.8123,56.0427,55.9883,42.7775,69.1991,51.9745,46.9312,57.0178
51121,VA-Montgomery County,6898,,,81.1,78.98,83.22,,,,,,,741,,,83.13,76.57,89.69,,,,,,,65.45,59.62,71.28,,,,,,,74.22,68.02,80.42,,,,,,,583,,,67.41,60.75,74.07,,,,,,,36970,1002,35968,1.2191,0.8315,1.6067,,,,,,,80.8758,77.8987,83.8529,116.7484,96.5228,136.974,78.2832,75.3342,81.2322
51125,VA-Nelson County,2592,380,2212,87.68,84.05,91.31,84.39,75.17,93.61,87.52,83.61,91.43,335,,,86.57,76.61,96.53,,,,,,,64.78,56.16,73.4,,,,,,,75.82,66.5,85.14,,,,,,,247,,,63.16,53.25,73.07,,,,,,,13645,2133,11512,,,,,,,,,,70.6402,66.0655,75.2149,100.3311,87.0124,113.6498,67.4125,62.4114,72.4136
51127,VA-New Kent County,1856,437,1419,84.23,80,88.46,87.58,78.79,96.37,81.44,76.72,86.16,287,,,89.55,78.6,100.5,,,,,,,73.87,63.93,83.81,,,,,,,85.02,74.35,95.69,,,,,,,206,,,62.62,51.81,73.43,,,,,,,9825,2098,7727,,,,,,,,,,51.8185,47.1924,56.4446,67.084,55.8093,78.3587,51.0259,45.6493,56.4025
51131,VA-Northampton County,2421,914,1507,88.67,84.86,92.48,86.23,80.21,92.25,85.88,81.2,90.56,307,,,88.93,78.38,99.48,,,,,,,64.82,55.81,73.83,,,,,,,74.92,65.24,84.6,,,,,,,,,,,,,,,,,,,12199,4620,7579,,,,,,,,,,60.2152,56.1309,64.2995,73.0708,65.448,80.6936,63.3024,57.651,68.9538
51133,VA-Northumberland County,2334,382,1952,86.05,82.26,89.84,82.21,73.09,91.33,85.91,81.79,90.03,313,,,80.51,70.57,90.45,,,,,,,71.57,62.2,80.94,,,,,,,72.2,62.79,81.61,,,,,,,,,,,,,,,,,,,11974,2307,9667,,,,,,,,,,50.7572,46.6924,54.822,63.846,53.6285,74.0635,50.3916,45.7305,55.0527
51135,VA-Nottoway County,2416,812,1604,80.67,77.04,84.3,73.3,67.41,79.19,81.26,76.85,85.67,297,,,83.5,73.11,93.89,,,,,,,71.72,62.09,81.35,,,,,,,72.05,62.4,81.7,,,,,,,,,,,,,,,,,,,12603,4381,8222,,,,,,,,,,69.4061,65.0782,73.734,86.8737,78.3813,95.3661,70.8243,65.0899,76.5587
51137,VA-Orange County,4693,381,4312,81.56,78.97,84.15,72.09,63.51,80.67,82.35,79.63,85.07,539,,,92.02,83.92,100.12,,,,,,,67.16,60.24,74.08,,,,,,,77.92,70.47,85.37,,,,,,,457,,,64.55,57.18,71.92,,,,,,,23686,2098,21588,,,,,,,,,,63.3876,60.0456,66.7296,63.4032,52.504,74.3024,63.8127,60.2779,67.3475
51139,VA-Page County,3229,,,80.1,77.02,83.18,,,,,,,500,,,84.8,76.73,92.87,,,,,,,64.6,57.55,71.65,,,,,,,80.4,72.54,88.26,,,,,,,283,,,54.77,46.15,63.39,,,,,,,17399,388,17011,,,,,,,,,,98.4606,93.6375,103.2837,78.8115,51.0678,106.5552,96.9178,92.1237,101.7119
51141,VA-Patrick County,2925,,,85.3,81.95,88.65,,,,,,,343,,,89.8,79.77,99.83,,,,,,,67.93,59.21,76.65,,,,,,,81.34,71.8,90.88,,,,,,,282,,,67.38,57.8,76.96,,,,,,,15705,674,15031,,,,,,,,,,88.4896,83.732,93.2472,86.4666,64.9433,107.9899,87.5336,82.7137,92.3535
51143,VA-Pittsylvania County,5927,1326,4601,81.31,79,83.62,79.38,74.59,84.17,80.33,77.74,82.92,679,,,82.33,75.51,89.15,,,,,,,65.54,59.45,71.63,,,,,,,80.41,73.67,87.15,,,,,,,528,,,59.85,53.25,66.45,,,,,,,32318,6986,25332,1.292,0.9595,1.6245,5.1139,3.4434,6.7844,,,,62.9305,60.2305,65.6305,76.0632,69.6177,82.5087,63.4918,60.333,66.6506
51145,VA-Powhatan County,2023,247,1776,86.05,81.98,90.12,82.07,70.7,93.44,86.16,81.82,90.5,223,,,76.68,65.19,88.17,,,,,,,64.13,53.62,74.64,,,,,,,70.4,59.39,81.41,,,,,,,,,,,,,,,,,,,10906,1701,9205,,,,,,,,,,51.2396,46.9098,55.5694,65.4129,53.709,77.1168,50.4813,45.6418,55.3208
51147,VA-Prince Edward County,942,347,595,82,76.12,87.88,78.22,68.91,87.53,80.42,73.19,87.65,,,,,,,,,,,,,,,,,,,,,,,,,,,,,,,,,,,,,,,,,,,5112,1847,3265,,,,,,,,,,76.7982,69.4534,84.143,101.1814,86.7561,115.6067,75.629,65.876,85.382
51149,VA-Prince George County,3807,1133,2674,80.26,77.38,83.14,73.51,68.49,78.53,80.62,77.22,84.02,522,263,259,75.1,67.67,82.53,71.1,60.91,81.29,79.15,68.31,89.99,68.2,61.12,75.28,60.84,51.41,70.27,75.68,65.09,86.27,73.95,66.57,81.33,72.24,61.97,82.51,75.68,65.09,86.27,365,,,56.44,48.73,64.15,,,,,,,20752,6125,14627,1.2417,0.8616,1.6218,,,,,,,81.5704,77.7724,85.3684,99.9372,91.9205,107.9539,83.1726,78.4169,87.9283
51153,VA-Prince William County,14087,1686,12401,71.82,70.41,73.23,65.92,62.04,69.8,72.28,70.78,73.78,1687,325,1362,79.37,75.12,83.62,76,66.52,85.48,80.18,75.42,84.94,62.42,58.65,66.19,58.46,50.15,66.77,63.36,59.13,67.59,76.59,72.41,80.77,68.92,59.89,77.95,78.41,73.71,83.11,1452,,,52.07,48.36,55.78,,,,,,,81478,9641,71837,0.918,0.7116,1.1244,3.0052,1.85,4.1604,0.7578,0.5478,0.9678,68.7333,66.8285,70.6381,76.7754,70.94,82.6108,68.8608,66.8114,70.9102
51155,VA-Pulaski County,4237,,,84.15,81.4,86.9,,,,,,,575,,,81.74,74.35,89.13,,,,,,,68.87,62.09,75.65,,,,,,,74.96,67.88,82.04,,,,,,,363,,,66.67,58.27,75.07,,,,,,,22155,845,21310,,,,,,,,,,116.7785,112.1486,121.4084,155.4705,129.3408,181.6002,113.4614,108.8324,118.0904
51157,VA-Rappahannock County,1217,,,83.63,78.47,88.79,,,,,,,,,,,,,,,,,,,,,,,,,,,,,,,,,,,,,,,,,,,,,,,,,6824,502,6322,,,,,,,,,,77.5807,70.6618,84.4996,75.5147,51.5045,99.5249,77.8509,70.6175,85.0843
51159,VA-Richmond County,1889,400,1489,80.97,76.89,85.05,69.53,61.36,77.7,82.66,78.04,87.28,211,,,78.67,66.7,90.64,,,,,,,62.56,51.89,73.23,,,,,,,71.09,59.71,82.47,,,,,,,,,,,,,,,,,,,9145,1817,7328,,,,,,,,,,70.9563,65.623,76.2896,94.98,81.0657,108.8943,68.9351,62.8987,74.9715
51161,VA-Roanoke County,9450,,,80.49,78.69,82.29,,,,,,,850,,,85.76,79.53,91.99,,,,,,,79.18,73.2,85.16,,,,,,,79.06,73.08,85.04,,,,,,,719,,,74.69,68.37,81.01,,,,,,,48195,1138,47057,0.6379,0.3927,0.8831,,,,,,,58.8469,56.6695,61.0243,81.6432,65.3956,97.8908,57.084,54.9344,59.2336
51163,VA-Rockbridge County,3819,,,85.12,82.2,88.04,,,,,,,393,,,86.26,77.08,95.44,,,,,,,74.3,65.78,82.82,,,,,,,87.02,77.8,96.24,,,,,,,298,,,68.79,59.37,78.21,,,,,,,20921,1003,19918,,,,,,,,,,51.7541,48.6147,54.8935,48.2797,34.8973,61.6621,51.3928,48.1978,54.5878
51165,VA-Rockingham County,7226,,,81.89,79.81,83.97,,,,,,,801,,,84.89,78.51,91.27,,,,,,,72.91,67,78.82,,,,,,,84.14,77.79,90.49,,,,,,,543,,,54.51,48.3,60.72,,,,,,,38920,482,38438,1.0247,0.6697,1.3797,,,,,,,74.6919,71.9073,77.4765,77.4743,52.8411,102.1075,72.8397,70.1053,75.5741
51167,VA-Russell County,3373,,,86.19,83.07,89.31,,,,,,,539,,,87.01,79.14,94.88,,,,,,,54.17,47.96,60.38,,,,,,,81.63,74,89.26,,,,,,,298,,,62.42,53.45,71.39,,,,,,,17468,,,,,,,,,,,,199.7133,192.693,206.7336,,,,,,
51169,VA-Scott County,2575,,,87.28,83.69,90.87,,,,,,,308,,,84.09,73.85,94.33,,,,,,,53.25,45.1,61.4,,,,,,,78.25,68.37,88.13,,,,,,,221,,,47.96,38.83,57.09,,,,,,,12949,,,,,,,,,,,,80.7435,75.7415,85.7455,,,,,,
51171,VA-Shenandoah County,6246,,,79.91,77.7,82.12,,,,,,,699,,,84.84,78.01,91.67,,,,,,,70.53,64.3,76.76,,,,,,,80.54,73.89,87.19,,,,,,,574,,,65.51,58.89,72.13,,,,,,,32171,350,31821,1.578,1.089,2.067,,,,,,,81.778,78.5522,85.0038,122.6252,85.5391,159.7113,79.2797,76.1255,82.4339
51173,VA-Smyth County,5056,,,83.2,80.69,85.71,,,,,,,705,,,83.83,77.07,90.59,,,,,,,67.94,61.86,74.02,,,,,,,72.77,66.47,79.07,,,,,,,455,,,57.14,50.19,64.09,,,,,,,26052,,,,,,,,,,,,82.8604,79.2234,86.4974,,,,,,
51175,VA-Southampton County,1355,585,770,86.22,81.19,91.25,80.61,73.33,87.89,85.12,78.61,91.63,,,,,,,,,,,,,,,,,,,,,,,,,,,,,,,,,,,,,,,,,,,7309,3022,4287,,,,,,,,,,88.5248,82.0719,94.9777,108.2998,96.8384,119.7612,94.045,84.5892,103.5008
51177,VA-Spotsylvania County,7687,778,6909,78.04,76.06,80.02,70.73,64.79,76.67,78.65,76.56,80.74,1028,,,83.37,77.79,88.95,,,,,,,65.66,60.71,70.61,,,,,,,76.75,71.39,82.11,,,,,,,675,,,61.04,55.15,66.93,,,,,,,41813,4603,37210,1.2159,0.8886,1.5432,,,,0.989,0.6613,1.3167,80.4386,77.6419,83.2353,80.0244,71.6525,88.3963,81.6379,78.6285,84.6473
51179,VA-Stafford County,6039,549,5490,76.69,74.47,78.91,72.35,65.25,79.45,77,74.67,79.33,764,,,79.06,72.75,85.37,,,,,,,57.2,51.84,62.56,,,,,,,71.6,65.6,77.6,,,,,,,613,,,60.03,53.9,66.16,,,,,,,33476,2969,30507,1.2967,0.9045,1.6889,,,,,,,78.567,75.4105,81.7235,97.1211,85.5363,108.7059,77.1335,73.8423,80.4247
51181,VA-Surry County,770,372,398,85.34,78.65,92.03,82.85,73.58,92.12,80.96,72.08,89.84,,,,,,,,,,,,,,,,,,,,,,,,,,,,,,,,,,,,,,,,,,,4125,1977,2148,,,,,,,,,,54.1487,47.554,60.7434,69.9584,58.492,81.4248,55.0973,45.0706,65.124
51183,VA-Sussex County,1398,651,747,86.28,81.32,91.24,83.37,76.33,90.41,82.62,76.13,89.11,209,,,76.56,64.7,88.42,,,,,,,66.51,55.45,77.57,,,,,,,67.94,56.77,79.11,,,,,,,,,,,,,,,,,,,6967,3218,3749,,,,,,,,,,76.012,70.0044,82.0196,105.5969,94.454,116.7398,70.6059,62.1839,79.0279
51185,VA-Tazewell County,6442,,,80.07,77.89,82.25,,,,,,,933,,,79.1,73.39,84.81,,,,,,,58.52,53.61,63.43,,,,,,,78.14,72.47,83.81,,,,,,,606,,,57.76,51.71,63.81,,,,,,,36060,651,35409,1.0086,0.6415,1.3757,,,,,,,145.2288,141.1449,149.3127,106.3964,82.4756,130.3172,142.934,138.8828,146.9852
51187,VA-Warren County,3422,,,81.18,78.16,84.2,,,,,,,415,,,85.54,76.64,94.44,,,,,,,72.53,64.34,80.72,,,,,,,84.58,75.73,93.43,,,,,,,300,,,64,54.95,73.05,,,,,,,17607,832,16775,,,,,,,,,,96.0305,91.3206,100.7404,85.071,65.5557,104.5863,95.6145,90.814,100.415
51191,VA-Washington County,5359,,,84.02,81.57,86.47,,,,,,,718,,,81.34,74.74,87.94,,,,,,,64.9,59.01,70.79,,,,,,,77.44,71,83.88,,,,,,,417,,,72.18,64.03,80.33,,,,,,,29069,413,28656,,,,,,,,,,82.855,79.4329,86.2771,81.6818,54.6206,108.743,80.9305,77.5616,84.2994
51193,VA-Westmoreland County,2623,532,2091,81.32,77.84,84.8,79.55,71.99,87.11,80.48,76.62,84.34,324,,,82.1,72.23,91.97,,,,,,,59.88,51.45,68.31,,,,,,,78.4,68.76,88.04,,,,,,,243,,,66.26,56.03,76.49,,,,,,,14845,3245,11600,,,,,,,,,,69.0399,64.8029,73.2769,80.1418,70.3052,89.9784,70.6839,65.675,75.6928
51195,VA-Wise County,4071,,,83.89,81.09,86.69,,,,,,,624,,,86.22,78.93,93.51,,,,,,,62.66,56.45,68.87,,,,,,,83.01,75.86,90.16,,,,,,,347,,,68.01,59.33,76.69,,,,,,,24320,336,23984,,,,,,,,,,183.0465,177.5638,188.5292,170.1186,128.7614,211.4758,178.9997,173.5971,184.4023
51197,VA-Wythe County,3905,,,83.05,80.2,85.9,,,,,,,490,,,83.67,75.57,91.77,,,,,,,74.9,67.24,82.56,,,,,,,72.65,65.1,80.2,,,,,,,321,,,54.21,46.16,62.26,,,,,,,20286,425,19861,,,,,,,,,,92.2936,87.9743,96.6129,98.347,69.2873,127.4067,90.2362,85.9592,94.5132
51199,VA-York County,4301,413,3888,83.28,80.54,86.02,86,76.96,95.04,82.83,79.96,85.7,475,,,79.58,71.56,87.6,,,,,,,76.21,68.36,84.06,,,,,,,76.21,68.36,84.06,,,,,,,404,,,71.29,63.06,79.52,,,,,,,23218,2380,20838,,,,,,,,,,47.7104,44.7896,50.6312,55.3738,45.7431,65.0045,47.3715,44.2731,50.4699
51510,VA-Alexandria city,8397,1358,7039,68.83,67.05,70.61,65.52,61.22,69.82,68.77,66.83,70.71,615,227,388,75.77,68.89,82.65,72.25,61.19,83.31,77.84,69.06,86.62,66.67,60.22,73.12,62.56,52.27,72.85,69.07,60.8,77.34,72.03,65.32,78.74,63.44,53.08,73.8,77.06,68.33,85.79,658,,,59.27,53.39,65.15,,,,,,,48937,8073,40864,0.9108,0.6722,1.1494,3.3639,2.095,4.6328,0.7,0.4452,0.9548,55.8343,53.8007,57.8679,98.0118,91.1814,104.8422,49.7964,47.6691,51.9237
51515,VA-Bedford city,3038,279,2759,82.38,79.15,85.61,81.2,70.61,91.79,82.36,78.97,85.75,341,,,82.7,73.05,92.35,,,,,,,75.37,66.16,84.58,,,,,,,82.99,73.32,92.66,,,,,,,207,,,57,46.71,67.29,,,,,,,15117,1469,13648,,,,,,,,,,62.4083,58.4808,66.3358,80.1362,65.798,94.4744,60.9859,56.886,65.0858
51520,VA-Bristol city,3744,,,81.92,79.03,84.81,,,,,,,432,,,87.5,78.68,96.32,,,,,,,67.82,60.05,75.59,,,,,,,75.93,67.71,84.15,,,,,,,272,,,62.5,53.1,71.9,,,,,,,19712,376,19336,,,,,,,,,,86.8207,82.6665,90.9749,78.1852,50.662,105.7084,85.1046,80.9944,89.2148
51530,VA-Buena Vista city,1220,,,84.6,79.46,89.74,,,,,,,,,,,,,,,,,,,,,,,,,,,,,,,,,,,,,,,,,,,,,,,,,6233,,,,,,,,,,,,65.9389,59.3693,72.5085,,,,,,
51540,VA-Charlottesville city,4357,791,3566,80.51,77.84,83.18,76.39,70.34,82.44,80.39,77.45,83.33,418,,,84.69,75.87,93.51,,,,,,,60.29,52.85,67.73,,,,,,,76.32,67.94,84.7,,,,,,,350,,,71.43,62.58,80.28,,,,,,,23599,3875,19724,0.8171,0.4902,1.144,,,,,,,63.8676,60.7183,67.0169,97.8807,88.0262,107.7352,59.6607,56.2865,63.0349
51550,VA-Chesapeake city,17388,4348,13040,87.05,85.65,88.45,80.97,78.29,83.65,87.08,85.48,88.68,2629,986,1643,82.12,78.66,85.58,78.7,73.16,84.24,84.18,79.74,88.62,71.55,68.32,74.78,69.98,64.76,75.2,72.49,68.37,76.61,77.1,73.74,80.46,70.18,64.95,75.41,81.25,76.89,85.61,1488,454,1034,66.67,62.52,70.82,58.37,51.34,65.4,70.31,65.2,75.42,93213,23515,69698,1.1412,0.961,1.3214,4.042,3.216,4.868,0.9308,0.6991,1.1625,68.5007,66.8309,70.1705,71.4293,67.9627,74.8959,73.6007,71.5259,75.6755
51560,VA-Clifton Forge city,966,,,79.06,73.47,84.65,,,,,,,,,,,,,,,,,,,,,,,,,,,,,,,,,,,,,,,,,,,,,,,,,6044,517,5527,,,,,,,,,,133.8372,124.6766,142.9978,99.2381,72.7691,125.7071,137.8258,128.0653,147.5863
51570,VA-Colonial Heights city,3399,,,83.3,80.24,86.36,,,,,,,379,,,78.89,69.95,87.83,,,,,,,75.46,66.71,84.21,,,,,,,85.49,76.18,94.8,,,,,,,285,,,63.16,53.93,72.39,,,,,,,18006,991,17015,,,,,,,,,,73.2183,69.2488,77.1878,96.5463,77.9008,115.1918,71.2095,67.1871,75.2319
51580,VA-Covington city,2230,,,75.56,71.95,79.17,,,,,,,223,,,83.86,71.84,95.88,,,,,,,61.88,51.56,72.2,,,,,,,82.51,70.59,94.43,,,,,,,,,,,,,,,,,,,12176,728,11448,,,,,,,,,,121.2311,114.9607,127.5015,87.5708,67.056,108.0856,123.1366,116.6065,129.6667
51590,VA-Danville city,9747,1985,7762,77.93,76.17,79.69,74.11,70.32,77.9,77.67,75.72,79.62,1209,393,816,84.04,78.87,89.21,78.88,70.1,87.66,86.52,80.14,92.9,70.31,65.58,75.04,66.16,58.12,74.2,72.3,66.47,78.13,82.22,77.11,87.33,76.59,67.94,85.24,84.93,78.61,91.25,775,,,63.1,57.51,68.69,,,,,,,50399,10753,39646,1.7815,1.4692,2.0938,6.7919,5.2338,8.35,1.3074,0.952,1.6628,70.6663,68.4323,72.9003,88.6921,83.0845,94.2997,70.2105,67.6476,72.7734
51595,VA-Emporia city,1905,789,1116,82.2,78.07,86.33,79.37,73.16,85.58,79.49,74.27,84.71,239,,,83.68,72.08,95.28,,,,,,,69.04,58.51,79.57,,,,,,,66.53,56.19,76.87,,,,,,,,,,,,,,,,,,,9607,4032,5575,,,,,,,,,,129.5182,122.7958,136.2406,180.8022,167.8624,193.742,120.4032,111.3267,129.4797
51600,VA-Fairfax city,,,,,,,,,,,,,,,,,,,,,,,,,,,,,,,,,,,,,,,,,,,,,,,,,,,,,,,,,,,,,,,,,,,,,,,,,,,
51610,VA-Falls Church city,1318,,,70.15,65.64,74.66,,,,,,,,,,,,,,,,,,,,,,,,,,,,,,,,,,,,,,,,,,,,,,,,,7760,,,,,,,,,,,,48.9208,44.053,53.7886,,,,,,
51620,VA-Franklin city,1818,673,1145,88,83.61,92.39,81.42,74.59,88.25,87.79,82.35,93.23,259,,,75.29,64.72,85.86,,,,,,,62.93,53.27,72.59,,,,,,,66.41,56.49,76.33,,,,,,,,,,,,,,,,,,,9744,3601,6143,,,,,,,,,,91.9476,86.3186,97.5766,125.0061,113.6683,136.3439,88.2222,80.9021,95.5423
51630,VA-Fredericksburg city,2344,373,1971,75.35,71.83,78.87,69.47,61.01,77.93,75.73,71.9,79.56,228,,,77.63,66.19,89.07,,,,,,,62.28,52.04,72.52,,,,,,,67.98,57.28,78.68,,,,,,,,,,,,,,,,,,,11899,1941,9958,,,,,,,,,,83.5111,78.5095,88.5127,114.2222,98.9894,129.455,80.6902,75.2815,86.0989
51640,VA-Galax city,2845,,,82.31,78.99,85.63,,,,,,,322,,,83.54,73.56,93.52,,,,,,,69.88,60.75,79.01,,,,,,,74.53,65.1,83.96,,,,,,,269,,,54.65,45.82,63.48,,,,,,,14710,325,14385,,,,,,,,,,71.5627,67.147,75.9784,110.8899,76.087,145.6928,69.1279,64.7776,73.4782
51650,VA-Hampton city,13214,4926,8288,79.61,78.07,81.15,72.19,69.81,74.57,80.28,78.35,82.21,1876,972,904,76.49,72.53,80.45,71.5,66.18,76.82,81.86,75.96,87.76,72.81,68.95,76.67,71.19,65.89,76.49,74.56,68.93,80.19,70.63,66.83,74.43,65.23,60.15,70.31,76.44,70.74,82.14,1254,534,720,63.24,58.84,67.64,64.04,57.25,70.83,62.64,56.86,68.42,70377,26735,43642,1.0446,0.8677,1.2215,3.3743,2.6693,4.0793,1.087,0.7729,1.4011,50.7144,49.1097,52.3191,55.1073,52.258,57.9566,57.2354,54.9455,59.5253
51660,VA-Harrisonburg city,5422,,,80.44,78.06,82.82,,,,,,,564,,,84.22,76.65,91.79,,,,,,,69.5,62.62,76.38,,,,,,,84.22,76.65,91.79,,,,,,,387,,,59.95,52.24,67.66,,,,,,,28536,612,27924,,,,,,,,,,69.9071,66.8912,72.923,111.5828,84.8641,138.3015,67.5323,64.5703,70.4943
51670,VA-Hopewell city,3175,516,2659,82.19,79.03,85.35,82.11,74.32,89.9,81.36,77.93,84.79,403,,,82.88,73.99,91.77,,,,,,,71.71,63.44,79.98,,,,,,,83.87,74.93,92.81,,,,,,,285,,,55.79,47.12,64.46,,,,,,,17464,2919,14545,,,,,,,,,,83.4808,79.2074,87.7542,125.022,111.9981,138.0459,78.4455,73.8348,83.0562
51680,VA-Lynchburg city,11360,1789,9571,83.73,82.04,85.42,77.53,73.45,81.61,84.09,82.26,85.92,1357,362,995,84.52,79.63,89.41,80.66,71.41,89.91,85.93,80.17,91.69,75.39,70.77,80.01,58.29,50.42,66.16,81.61,76,87.22,78.33,73.62,83.04,68.78,60.24,77.32,81.81,76.19,87.43,924,,,59.85,54.86,64.84,,,,,,,61494,9872,51622,1.352,1.0934,1.6106,4.3172,3.0416,5.5928,1.1713,0.8774,1.4652,60.851,58.9633,62.7387,77.5552,72.1538,82.9566,59.8578,57.7838,61.9318
51683,VA-Manassas city,2187,205,1982,75.14,71.51,78.77,70.52,59.08,81.96,75.48,71.66,79.3,222,,,83.33,71.32,95.34,,,,,,,68.47,57.58,79.36,,,,,,,79.28,67.57,90.99,,,,,,,,,,,,,,,,,,,12270,1219,11051,,,,,,,,,,70.2262,65.4456,75.0068,73.5021,58.4824,88.5218,70.6761,65.5735,75.7787
51685,VA-Manassas Park city,1072,,,75.59,70.38,80.8,,,,,,,,,,,,,,,,,,,,,,,,,,,,,,,,,,,,,,,,,,,,,,,,,7126,473,6653,,,,,,,,,,73.3383,66.5319,80.1447,65.6367,41.7474,89.526,73.7781,66.6968,80.8594
51690,VA-Martinsville city,5176,1267,3909,81.39,78.91,83.87,72.64,67.94,77.34,82.42,79.58,85.26,583,231,352,79.76,72.51,87.01,77.06,65.74,88.38,81.53,72.1,90.96,63.98,57.49,70.47,57.58,47.79,67.37,68.18,59.55,76.81,71.01,64.17,77.85,61.9,51.75,72.05,76.99,67.82,86.16,428,,,66.82,59.08,74.56,,,,,,,27262,6738,20524,1.5988,1.216,1.9816,5.3572,3.6539,7.0605,,,,82.9954,79.7374,86.2534,107.1712,99.5366,114.8058,81.9462,78.0913,85.8011
51700,VA-Newport News city,15624,4109,11515,81.6,80.17,83.03,72.75,70.14,75.36,82.7,81.04,84.36,2053,794,1259,77.35,73.55,81.15,69.52,63.72,75.32,82.29,77.28,87.3,70.43,66.8,74.06,63.6,58.05,69.15,74.74,69.96,79.52,71.46,67.8,75.12,63.85,58.29,69.41,76.25,71.43,81.07,1357,396,961,69.12,64.7,73.54,60.61,52.94,68.28,72.63,67.24,78.02,84006,22429,61577,1.2595,1.0656,1.4534,4.431,3.5582,5.3038,1.0425,0.7851,1.2999,50.438,48.9671,51.9089,66.2988,62.9278,69.6698,49.4517,47.6912,51.2122
51710,VA-Norfolk city,19590,6854,12736,85.08,83.77,86.39,79.23,77.13,81.33,84.68,83.09,86.27,2631,1328,1303,73.05,69.78,76.32,72.29,67.72,76.86,73.83,69.16,78.5,67.46,64.32,70.6,65.66,61.3,70.02,69.3,64.78,73.82,70.35,67.15,73.55,66.19,61.81,70.57,74.6,69.91,79.29,1422,604,818,65.89,61.67,70.11,65.4,58.95,71.85,66.26,60.68,71.84,103816,36077,67739,0.9883,0.8474,1.1292,3.8716,3.2414,4.5018,0.6302,0.444,0.8164,59.1032,57.7249,60.4815,77.8014,74.977,80.6258,58.1252,56.3565,59.8939
51720,VA-Norton city,658,,,83.5,76.53,90.47,,,,,,,,,,,,,,,,,,,,,,,,,,,,,,,,,,,,,,,,,,,,,,,,,4110,,,,,,,,,,,,206.113,191.7853,220.4407,,,,,,
51730,VA-Petersburg city,4492,2558,1934,85.86,83.09,88.63,79.25,75.82,82.68,84.81,80.71,88.91,710,448,262,76.9,70.45,83.35,76.12,68.04,84.2,78.24,67.53,88.95,70.7,64.52,76.88,71.88,64.03,79.73,68.7,58.66,78.74,75.07,68.7,81.44,73.44,65.5,81.38,77.86,67.18,88.54,418,,,61.48,53.96,69,,,,,,,23202,13047,10155,1.0922,0.8181,1.3663,3.5712,2.5502,4.5922,,,,83.8059,80.3764,87.2354,101.1702,95.7492,106.5912,96.1604,90.0647,102.2561
51735,VA-Poquoson city,1323,,,82.52,77.64,87.4,,,,,,,,,,,,,,,,,,,,,,,,,,,,,,,,,,,,,,,,,,,,,,,,,7598,,,,,,,,,,,,45.3348,40.3043,50.3653,,,,,,
51740,VA-Portsmouth city,11031,4522,6509,87.03,85.26,88.8,81.92,79.28,84.56,85.69,83.45,87.93,1571,861,710,81.09,76.64,85.54,78.4,72.49,84.31,84.37,77.61,91.13,72.18,67.98,76.38,72.94,67.24,78.64,71.27,65.06,77.48,76.96,72.62,81.3,73.52,67.79,79.25,81.13,74.5,87.76,895,397,498,59.66,54.6,64.72,57.68,50.21,65.15,61.24,54.37,68.11,58727,24877,33850,1.1824,0.9886,1.3762,3.9707,3.2001,4.7413,1.182,0.8202,1.5438,58.7999,56.9919,60.6079,73.8114,70.4889,77.1339,60.6753,58.1206,63.23
51750,VA-Radford city,2381,,,83.88,80.21,87.55,,,,,,,250,,,81.2,70.03,92.37,,,,,,,68.4,58.15,78.65,,,,,,,72.4,61.85,82.95,,,,,,,,,,,,,,,,,,,11881,549,11332,,,,,,,,,,79.5604,74.4634,84.6574,95.2666,69.1202,121.413,77.8047,72.6786,82.9308
51760,VA-Richmond city,16655,10038,6617,76.79,75.43,78.15,70.03,68.4,71.66,76.91,74.8,79.02,2283,1754,529,78.45,74.82,82.08,79.25,75.08,83.42,75.8,68.38,83.22,63.03,59.77,66.29,62.71,59,66.42,64.08,57.26,70.9,66.84,63.49,70.19,66.08,62.28,69.88,69.38,62.28,76.48,1276,899,377,60.82,56.54,65.1,61.51,56.38,66.64,59.15,51.39,66.91,89449,54031,35418,1.0351,0.903,1.1672,3.6775,3.1678,4.1872,0.9667,0.6509,1.2825,61.69,60.2309,63.1491,79.2898,76.9308,81.6488,64.6069,62.0879,67.1259
51770,VA-Roanoke city,12748,1979,10769,76.1,74.58,77.62,71.05,67.35,74.75,76.32,74.68,77.96,1327,390,937,82.14,77.26,87.02,81.79,72.81,90.77,82.28,76.47,88.09,70.08,65.58,74.58,64.36,56.4,72.32,72.47,67.02,77.92,75.89,71.2,80.58,72.05,63.63,80.47,77.48,71.84,83.12,933,,,59.16,54.22,64.1,,,,,,,68328,11313,57015,0.8572,0.6632,1.0512,2.9262,1.9426,3.9098,0.7066,0.4903,0.9229,73.2004,71.255,75.1458,75.836,70.8367,80.8353,75.3826,73.1934,77.5718
51775,VA-Salem city,5646,,,78.3,76,80.6,,,,,,,580,,,82.24,74.86,89.62,,,,,,,76.03,68.93,83.13,,,,,,,73.97,66.97,80.97,,,,,,,444,,,64.41,56.94,71.88,,,,,,,28881,942,27939,0.8747,0.5092,1.2402,,,,,,,72.8767,69.741,76.0124,69.7704,53.765,85.7758,71.8263,68.6799,74.9727
51790,VA-Staunton city,5615,357,5258,83.9,81.51,86.29,75.16,66.23,84.09,84.61,82.13,87.09,743,,,84.93,78.3,91.56,,,,,,,83.31,76.75,89.87,,,,,,,79.41,73,85.82,,,,,,,459,,,68.63,61.05,76.21,,,,,,,28051,1781,26270,1.3396,0.902,1.7772,,,,,,,61.5137,58.6158,64.4116,54.6224,43.9164,65.3284,61.6676,58.6747,64.6605
51800,VA-Suffolk city,7094,2506,4588,85.88,83.69,88.07,83.85,80.27,87.43,83.33,80.69,85.97,906,491,415,79.14,73.35,84.93,72.71,65.17,80.25,86.75,77.79,95.71,70.2,64.74,75.66,64.97,57.84,72.1,76.39,67.98,84.8,75.39,69.74,81.04,70.88,63.43,78.33,80.72,72.08,89.36,637,245,392,65.31,59.03,71.59,57.14,47.67,66.61,70.41,62.1,78.72,37874,13345,24529,1.418,1.1358,1.7002,5.4307,4.1933,6.6681,,,,67.7136,65.1983,70.2289,93.4416,88.3125,98.5707,64.1816,60.9433,67.4199
51810,VA-Virginia Beach city,35118,3647,31471,84.57,83.61,85.53,81.03,78.11,83.95,84.73,83.71,85.75,4341,871,3470,80.28,77.61,82.95,78.42,72.54,84.3,80.75,77.76,83.74,71.99,69.47,74.51,66.82,61.39,72.25,73.29,70.44,76.14,78.6,75.96,81.24,72.22,66.58,77.86,80.2,77.22,83.18,3207,417,2790,67.2,64.36,70.04,65.23,57.48,72.98,67.49,64.44,70.54,187860,20560,167300,0.9457,0.8098,1.0816,3.8962,3.0202,4.7722,0.6802,0.5531,0.8073,56.3349,55.2418,57.428,66.1984,62.597,69.7998,55.8546,54.6945,57.0147
51820,VA-Waynesboro city,4633,220,4413,81.98,79.38,84.58,80.99,69.22,92.76,82.27,79.6,84.94,524,,,85.11,77.21,93.01,,,,,,,82.63,74.85,90.41,,,,,,,83.78,75.94,91.62,,,,,,,413,,,70.22,62.14,78.3,,,,,,,24321,1107,23214,,,,,,,,,,63.0111,59.818,66.2042,71.4399,55.2715,87.6083,61.791,58.5782,65.0038
51830,VA-Williamsburg city,6818,667,6151,83.19,81.02,85.36,76.61,69.94,83.28,83.71,81.42,86,533,,,83.3,75.55,91.05,,,,,,,78.42,70.9,85.94,,,,,,,75.98,68.58,83.38,,,,,,,562,,,80.96,73.52,88.4,,,,,,,37159,3613,33546,0.5511,0.3208,0.7814,,,,,,,56.6505,54.2395,59.0615,106.1268,95.674,116.5796,51.6435,49.2064,54.0806
51840,VA-Winchester city,3259,,,74.7,71.74,77.66,,,,,,,298,,,83.22,72.86,93.58,,,,,,,70.47,60.94,80,,,,,,,79.53,69.4,89.66,,,,,,,251,,,71.71,61.23,82.19,,,,,,,18137,1093,17044,,,,,,,,,,84.133,79.9172,88.3488,107.6189,88.2009,127.0369,82.0373,77.7582,86.3164
