hrr,hrr_lab,pop2002,esrdstat2002,pop2003,esrdstat2003,pop2004,esrdstat2004,pop2005,esrdstat2005,pop2006,esrdstat2006,pop2007,esrdstat2007,pop2008,esrdstat2008,pop2009,esrdstat2009,pop2010,esrdstat2010,pop2011,esrdstat2011,pop2012,esrdstat2012,pop2013,esrdstat2013
10,AK- ANCHORAGE,47925,384,50058,420,52047,459,54490,471,56970,495,59778,513,62808,562,65773,552,69009,591,72842,626,76814,632,80240,654
1,AL- BIRMINGHAM,375615,3923,379612,4014,386255,4054,395394,4123,402958,4304,411465,4422,419223,4555,425741,4595,433325,4667,445092,4754,458390,4819,471920,5034
2,AL- DOTHAN,64145,655,65458,661,67253,718,68426,723,70529,762,72193,739,74101,793,75514,785,76810,790,77776,783,79818,807,82215,845
5,AL- HUNTSVILLE,81693,901,85556,910,87528,907,91283,943,94510,998,96496,1001,99570,1000,102089,982,105947,1029,109604,1049,116154,1099,118088,1144
6,AL- MOBILE,122207,1447,125541,1493,128651,1590,132038,1587,134898,1632,138274,1623,142472,1680,145590,1758,149145,1756,154587,1787,160549,1783,165840,1846
7,AL- MONTGOMERY,68223,908,69070,921,70199,929,71777,926,72778,922,74158,958,76430,1005,78015,1046,79718,1068,82211,1099,85073,1163,87988,1239
9,AL- TUSCALOOSA,39580,478,40519,502,41384,513,42405,505,43797,511,44725,518,46849,552,47721,588,48705,601,49660,607,50121,637,50634,657
16,AR- FORT SMITH,62040,344,63128,374,64514,385,66350,387,68013,408,69944,412,71802,457,73034,480,74272,492,76939,502,79090,526,79945,527
18,AR- JONESBORO,41057,205,41546,203,42407,218,43285,229,44161,243,45460,255,46619,270,47525,299,47895,319,48823,350,50295,350,51131,358
19,AR- LITTLE ROCK,258613,2253,261827,2270,266252,2293,273194,2349,279744,2406,286316,2432,293180,2567,298954,2573,305584,2644,313493,2702,321698,2709,328981,2825
21,AR- SPRINGDALE,65914,368,67439,389,68954,394,70861,455,73069,496,75413,523,78358,558,80501,555,82957,621,86219,635,89739,633,92546,654
22,AR- TEXARKANA,44252,426,44585,419,45077,426,45916,430,46777,441,47807,460,48918,466,49752,479,50646,491,51687,469,53599,512,53982,513
11,AZ- MESA,127134,1151,131892,1192,137688,1290,143935,1344,147766,1320,152928,1335,158563,1431,163560,1591,169600,1544,178098,1594,187302,1597,197814,1701
12,AZ- PHOENIX,353246,3516,364034,3698,376939,3991,392479,4134,404702,4287,419398,4511,435142,4693,448913,4767,467945,5225,492023,5490,516435,5667,538657,5895
14,AZ- SUN CITY,84112,403,86564,403,88844,414,91137,459,91727,476,92583,500,93141,532,93323,531,93805,580,94950,586,96331,550,97638,547
15,AZ- TUCSON,171422,1437,176115,1525,181637,1661,188285,1699,193313,1661,199090,1663,204852,1736,209420,1756,215238,1909,222840,2028,232361,2055,238607,2055
65,CA- ALAMEDA CO.,170818,2096,171916,2216,173502,2283,176396,2359,179238,2364,183382,2358,188125,2476,193303,2536,200143,2634,207593,2694,217062,2678,224163,2716
25,CA- BAKERSFIELD,112297,1301,114637,1373,117105,1400,119590,1412,121888,1417,124433,1514,127294,1630,129762,1744,133183,1929,136738,2058,141047,2081,145266,2169
31,CA- CHICO,53236,323,53886,344,54476,380,55391,402,56121,427,56952,427,58090,439,59023,437,59911,450,61323,462,63283,449,65032,466
33,CA- CONTRA COSTA CO.,117417,1072,120055,1148,122373,1224,125465,1290,128195,1314,132608,1426,137535,1471,141892,1482,147291,1519,154253,1593,161794,1632,169022,1681
43,CA- FRESNO,126749,1341,128825,1383,130878,1415,133736,1440,136103,1464,139152,1594,142470,1699,145337,1779,149015,1901,154092,1962,159419,1982,164279,2097
56,CA- LOS ANGELES,1055138,13594,1069541,14702,1082382,15264,1099223,15553,1112501,15951,1132830,16260,1159027,17103,1184138,17643,1215527,18423,1257366,19210,1302115,19535,1342450,20304
58,CA- MODESTO,105597,1032,107265,1152,109019,1175,111301,1182,113265,1260,115821,1315,118681,1380,121233,1440,124772,1557,130300,1646,135168,1643,138235,1683
62,CA- NAPA,48555,367,48838,372,49181,373,49691,385,50282,377,51558,381,52926,383,53943,375,55481,384,57474,391,59698,384,61518,398
23,CA- ORANGE CO.,335714,2916,343257,3150,350048,3315,358331,3410,366313,3558,377670,3742,390743,3936,402090,4118,416447,4358,437032,4569,456447,4663,473256,4784
69,CA- PALM SPR/RANCHO MIR.,66163,368,67967,384,68792,389,72121,431,70918,444,75191,489,77149,520,78199,533,77923,514,79375,522,82199,521,86189,595
73,CA- REDDING,61366,346,62504,348,63647,324,65306,355,66822,378,68647,376,70043,374,71572,385,73484,405,74084,410,76548,413,80496,419
77,CA- SACRAMENTO,319065,2755,326532,2874,333362,3001,342318,3202,350001,3261,359586,3365,372580,3515,383098,3621,396478,3796,413328,3942,431864,4015,450055,4228
78,CA- SALINAS,44227,459,44422,483,44497,486,44828,460,45341,486,46005,476,47143,516,48353,509,50037,525,51766,556,53685,582,55582,616
79,CA- SAN BERNARDINO,298322,3259,305044,3547,310358,3715,317079,3882,322891,4126,330200,4358,339264,4572,349031,4785,360858,5156,376041,5408,393924,5610,408922,5973
80,CA- SAN DIEGO,412350,3668,416873,3890,420953,4077,426036,4234,435138,4388,442718,4494,455176,4692,464741,4854,481098,5095,495524,5267,516042,5338,535196,5666
81,CA- SAN FRANCISCO,201091,2114,202257,2232,204454,2250,207113,2297,209387,2280,213186,2245,217696,2255,221869,2318,227345,2409,234656,2502,243121,2546,251053,2638
82,CA- SAN JOSE,172970,1769,176718,1904,180969,2078,186174,2161,190881,2214,196649,2216,203087,2378,209309,2433,216083,2463,224325,2558,233021,2659,240793,2716
83,CA- SAN LUIS OBISPO,39007,170,39177,178,39481,184,39891,193,40539,202,41586,226,42627,225,43476,227,44250,252,45733,222,47570,215,49295,236
85,CA- SAN MATEO CO.,103223,941,104258,983,105071,1044,106747,1067,108254,1057,110262,1106,112905,1137,115333,1211,118226,1243,121955,1301,126171,1280,129650,1307
86,CA- SANTA BARBARA,60875,366,61132,405,61439,416,62026,419,62663,417,63810,466,65194,491,66372,523,67743,530,69440,539,71599,550,73830,598
87,CA- SANTA CRUZ,29789,259,30231,245,30425,247,31075,247,31656,257,32813,260,34054,258,35310,259,36603,277,38490,304,40668,318,42809,316
89,CA- SANTA ROSA,67835,467,68265,502,68805,530,70005,547,71188,545,72970,567,75438,572,77832,599,80676,612,84315,633,88946,625,93124,610
91,CA- STOCKTON,64015,689,65272,738,66271,795,68249,875,69600,904,71524,939,72836,943,74533,979,76920,1073,79539,1116,82337,1145,87486,1229
96,CA- VENTURA,96520,893,98515,965,100203,1015,102392,1065,104675,1167,108010,1205,111761,1259,114749,1241,118777,1233,123654,1247,129391,1296,134296,1367
101,CO- BOULDER,26346,148,27250,158,28640,173,29595,171,31058,179,31557,175,34808,199,34936,200,36694,204,38553,219,41226,213,43651,223
102,CO- COLORADO SPRINGS,91935,569,93789,625,95802,652,98563,680,101504,712,105668,735,109172,765,112568,767,116371,799,121746,819,127855,805,133627,818
103,CO- DENVER,273426,2106,278053,2264,283260,2400,291799,2544,300749,2645,311946,2698,322428,2835,334447,2944,347511,3059,365338,3091,385438,3101,403205,3206
104,CO- FORT COLLINS,34409,198,35094,208,36066,202,37377,215,38510,227,40058,236,41548,227,43080,218,44584,225,46453,217,48536,234,51165,249
105,CO- GRAND JUNCTION,42949,196,44021,188,45009,199,46569,219,47821,221,49001,222,50278,228,51535,229,52847,254,55011,241,57638,250,60167,267
106,CO- GREELEY,40471,263,41364,265,42477,294,43887,301,45308,304,46843,302,48651,305,50154,318,52033,330,54408,324,57162,330,59623,330
107,CO- PUEBLO,29871,246,30278,250,30786,251,31492,271,32188,269,32905,304,33481,298,34137,306,34823,296,35693,293,36928,295,38051,297
109,CT- BRIDGEPORT,99977,804,99822,827,99254,836,98817,835,98666,830,99384,810,100757,797,101512,832,103181,878,105232,885,107455,911,108964,949
110,CT- HARTFORD,233948,1666,235887,1746,237005,1814,239030,1821,241228,1849,245417,1879,250287,1949,253560,1933,257868,1955,264129,1985,271314,1940,277430,1984
111,CT- NEW HAVEN,220348,1817,222496,1810,223907,1819,225969,1842,228742,1864,233459,1940,239702,1986,243522,2057,248047,2118,253488,2036,260975,2039,266975,2018
113,DC- WASHINGTON,294718,4415,299949,4658,304352,4795,310563,5038,317164,5092,325834,5107,336110,5294,345478,5308,356407,5388,370538,5494,386347,5446,401091,5621
112,DE- WILMINGTON,101992,1090,104058,1174,106574,1192,109761,1241,112465,1316,115688,1375,119140,1350,121602,1420,124680,1471,128757,1492,133045,1465,137775,1538
115,FL- BRADENTON,57394,322,57992,352,58795,367,59325,375,59426,377,60204,389,67685,398,68729,403,70590,421,66321,422,76776,452,72474,462
116,FL- CLEARWATER,117037,518,116631,575,116509,571,116063,618,115202,611,115410,603,116509,622,117156,666,117997,742,120462,749,124086,786,127064,818
118,FL- FORT LAUDERDALE,502183,3701,503417,4030,504725,4079,503978,4207,500036,4318,503778,4337,510637,4519,515289,4606,525302,4890,539551,4920,556889,5099,572920,5195
119,FL- FORT MYERS,219288,1136,225006,1248,230504,1286,234125,1348,236577,1375,243419,1364,251436,1440,257663,1477,267696,1562,279867,1617,293530,1649,307252,1734
120,FL- GAINESVILLE,81082,899,83038,965,85404,977,88336,951,90887,977,92736,936,95573,949,97365,977,99565,995,102731,1010,105956,1009,109413,1058
122,FL- HUDSON,112041,506,112724,557,113173,537,113266,534,113058,538,113739,556,114747,546,115428,584,116472,567,118758,543,121502,544,124122,569
123,FL- JACKSONVILLE,192876,2043,197935,2296,203550,2343,210813,2441,217490,2610,224820,2754,232831,2965,239346,3074,248659,3318,260813,3441,274019,3538,286397,3623
124,FL- LAKELAND,59184,444,60466,438,61807,452,63167,464,64034,464,65296,481,66690,513,67799,537,69254,595,71565,577,73920,599,76017,615
127,FL- MIAMI,417219,3759,422200,4119,426970,4192,437015,4303,440918,4415,447445,4423,456863,4677,466365,4925,480203,5082,496295,5312,512789,5487,528681,5751
129,FL- OCALA,122875,694,128501,744,135253,776,142668,839,149002,893,155565,885,161682,889,166197,905,171802,944,178825,974,185388,992,191242,1025
130,FL- ORLANDO,540547,4302,554918,4592,567753,4641,579485,4897,588866,5120,601728,5260,617200,5642,630000,5814,647921,6151,673382,6392,703164,6610,733783,6863
131,FL- ORMOND BEACH,89257,588,91350,648,93002,637,93870,638,94683,670,96102,677,98167,700,99557,668,101772,694,105005,687,108958,705,112651,724
133,FL- PANAMA CITY,33705,297,34464,306,35028,313,35746,325,36099,343,36884,350,37805,357,38533,356,39786,376,41544,372,43308,407,44540,409
134,FL- PENSACOLA,116770,1043,120488,1079,123224,1102,124887,1169,126406,1247,129623,1217,133513,1326,136731,1383,140160,1445,145339,1481,151267,1534,157151,1558
137,FL- SARASOTA,112505,511,113625,581,114604,571,114855,604,114987,607,116527,619,112652,576,113782,576,116061,594,126250,638,123265,597,134830,653
139,FL- ST PETERSBURG,88706,598,87887,651,87237,639,86867,641,86039,650,86224,660,86901,716,87282,772,88698,775,90745,769,93330,838,95665,859
140,FL- TALLAHASSEE,102099,1325,103943,1404,106056,1408,109276,1447,112205,1482,115973,1508,118396,1600,120907,1635,124493,1677,128622,1658,133476,1661,138580,1670
141,FL- TAMPA,164216,1264,168296,1428,173201,1481,179121,1558,182529,1668,186888,1676,192258,1775,197081,1835,203870,1983,212738,2065,222618,2089,232250,2185
142,GA- ALBANY,30123,612,30235,614,30703,621,31444,640,32228,663,32761,676,33353,685,33960,709,34829,757,35894,769,36931,801,37067,796
144,GA- ATLANTA,541831,7210,558144,7761,576916,8133,605167,8591,631338,9094,659984,9562,690900,9907,718067,10320,749663,10886,789764,11365,837831,11526,880585,12024
145,GA- AUGUSTA,91437,1524,93280,1630,95459,1651,98303,1669,100969,1702,103877,1755,106187,1793,108726,1835,111715,1916,115327,1976,120177,2038,123748,2097
146,GA- COLUMBUS,46524,808,46754,836,46683,834,48191,888,47912,893,49743,925,50344,962,51160,968,52410,959,54650,954,56300,993,58819,1073
147,GA- MACON,105384,1623,107026,1708,108637,1710,111404,1772,114253,1807,117067,1844,119841,1969,121792,2031,124337,2179,127162,2252,131250,2333,135185,2418
148,GA- ROME,44326,337,45012,359,46026,420,47365,445,48484,480,49446,505,51113,503,51987,550,53275,593,54914,606,56323,637,58589,651
149,GA- SAVANNAH,103667,1380,106153,1461,108839,1474,112491,1482,115930,1528,119868,1519,124097,1541,127625,1618,131397,1692,137112,1717,143681,1746,149364,1776
150,HI- HONOLULU,179173,2327,182286,2404,185745,2563,189915,2662,193905,2829,198189,2881,203574,2967,209403,3068,215493,3133,223423,3186,231905,3238,239984,3402
190,IA- CEDAR RAPIDS,43987,271,44100,284,44641,294,45445,296,46169,317,47249,292,47836,301,48631,291,49442,274,50824,305,52383,327,53463,326
191,IA- DAVENPORT,83850,634,85052,644,85643,657,86981,700,88213,695,89618,732,90675,788,91688,786,92812,796,95311,788,97586,773,99049,786
192,IA- DES MOINES,165884,975,166878,959,168110,1026,170025,1109,171598,1138,173540,1147,176061,1184,177893,1169,180268,1202,184292,1210,189440,1180,194702,1212
193,IA- DUBUQUE,26557,221,27208,231,27556,242,27956,235,28332,241,28782,205,29182,201,29542,196,29853,194,29941,189,31245,186,32065,174
194,IA- IOWA CITY,50157,302,50347,304,50697,319,51733,348,52230,361,53333,354,54271,381,54900,346,55779,347,56277,319,58063,328,60081,343
195,IA- MASON CITY,30399,151,30290,148,30094,151,30100,153,30009,152,29387,148,29601,152,29638,143,29636,151,29987,150,30202,164,30535,158
196,IA- SIOUX CITY,45492,341,45203,353,45253,383,45380,360,45417,381,45419,389,45837,386,45778,383,45862,400,46290,382,46972,389,47348,417
197,IA- WATERLOO,37479,302,37748,305,37906,316,38190,293,38530,303,39188,314,39419,326,39534,345,39824,333,40433,333,41352,335,41999,338
151,ID- BOISE,95726,599,98934,613,102673,616,107364,653,111396,669,115705,699,119997,740,124320,761,128980,791,135187,813,142881,859,149421,896
152,ID- IDAHO FALLS,23290,169,23975,173,24567,161,25251,183,26162,192,27092,210,27851,217,28531,224,29370,224,30317,241,31333,248,32384,255
154,IL- AURORA,24410,286,25421,307,26456,312,26872,339,28000,390,29636,426,30913,458,32009,468,33219,498,34298,509,36110,519,37728,533
175,IL- BLOOMINGTON,23238,185,23655,208,24046,195,24500,173,24917,159,26010,188,26678,205,27123,200,27513,198,27927,194,28728,203,30004,215
155,IL- BLUE ISLAND,129827,1489,130520,1561,131205,1538,131785,1591,133170,1703,134895,1860,137135,1974,138724,2028,140818,2006,144049,2046,148305,2073,151372,2186
156,IL- CHICAGO,311360,4893,310366,5129,309458,5130,309254,5310,308800,5417,311102,5736,313535,5887,316065,5961,320851,6103,326890,6224,334384,6285,340765,6298
158,IL- ELGIN,64490,545,67227,594,70312,635,73638,674,77232,710,81900,789,86097,825,89423,847,93633,899,98500,915,103974,928,108967,945
161,IL- EVANSTON,145433,897,146719,1005,147466,999,148334,997,149865,1042,152296,1132,155003,1178,156587,1162,159355,1188,163447,1164,168221,1156,171412,1216
163,IL- HINSDALE,45172,395,46506,422,47548,431,50072,468,51704,467,53909,483,56213,508,58032,532,60476,569,63539,558,66936,576,69914,565
164,IL- JOLIET,71103,636,73907,684,76748,730,79577,809,82403,844,85079,918,87635,959,89657,995,92581,1064,96674,1045,100629,1087,103818,1088
166,IL- MELROSE PARK,165613,1573,166280,1643,166903,1650,167604,1694,168947,1805,171451,1896,174471,1870,177590,1867,181640,1896,187097,1934,193773,1921,199705,1954
170,IL- PEORIA,111392,891,111753,878,112071,862,112815,880,113402,873,114278,871,115908,874,116596,863,116912,871,119130,861,121747,866,123229,908
171,IL- ROCKFORD,107887,774,109589,770,111513,851,113835,868,116175,914,118911,973,121907,962,124037,957,126264,1010,130272,1039,133767,1098,136843,1120
172,IL- SPRINGFIELD,151818,1151,152541,1177,153207,1172,154354,1170,155567,1192,157379,1248,159264,1298,160569,1255,161756,1282,165024,1302,168404,1328,171372,1338
173,IL- URBANA,68991,470,69511,474,69823,459,70502,461,71069,497,72078,525,73087,549,73732,538,74681,529,76159,578,77911,562,79329,564
179,IN- EVANSVILLE,119582,876,120889,925,121872,955,123245,983,124524,1022,125828,1021,127949,1031,129145,1027,130608,1035,132901,1050,136384,1044,138675,1143
180,IN- FORT WAYNE,123637,1004,125181,1063,127000,1040,129352,1114,131558,1103,135952,1143,138868,1205,141672,1205,145050,1209,149015,1251,154190,1204,157205,1265
181,IN- GARY,75962,1014,77197,1074,78374,1091,79971,1141,81411,1133,83127,1177,84396,1187,85866,1214,87418,1226,89842,1251,92690,1258,95337,1285
183,IN- INDIANAPOLIS,378214,3304,384438,3499,390222,3489,398496,3823,406492,3990,415768,4216,426896,4384,435787,4405,446069,4587,459257,4609,475820,4728,491271,4903
184,IN- LAFAYETTE,27545,158,28048,172,28431,168,29188,185,29688,184,30382,224,31180,243,31889,241,32686,250,33800,260,34898,285,35841,305
185,IN- MUNCIE,28758,203,28986,228,29249,231,29584,235,29982,252,30410,250,31026,244,31538,244,31993,255,32765,260,33735,266,34310,279
186,IN- MUNSTER,48475,573,48721,581,48549,539,48580,563,48750,597,49070,646,49438,654,49649,695,49964,685,50876,702,52037,704,53061,775
187,IN- SOUTH BEND,101657,711,102785,740,103781,756,105158,808,106664,874,107565,887,110363,897,112266,892,114473,896,118482,880,122112,884,125066,927
188,IN- TERRE HAUTE,31561,194,31442,211,31406,212,31710,210,32140,233,32456,275,32739,287,33123,293,33500,281,33983,313,34704,342,35378,372
200,KS- TOPEKA,67670,435,68154,464,68856,466,69671,475,70333,497,71223,509,71994,513,72831,496,74743,521,76017,532,77944,542,80134,569
201,KS- WICHITA,206325,1401,206524,1460,207048,1485,208579,1590,209644,1589,211477,1603,213500,1644,215668,1645,217777,1681,222107,1749,227164,1774,231087,1819
203,KY- COVINGTON,50072,414,50839,437,51996,480,53659,529,54926,548,56378,576,57990,587,58814,568,60245,536,62846,557,65479,571,66931,573
204,KY- LEXINGTON,240254,1563,245531,1665,250416,1775,257893,1911,263646,1931,270832,2019,277806,2057,283044,2137,289821,2226,298352,2159,308026,2151,315845,2245
205,KY- LOUISVILLE,259168,1878,262438,1983,267092,2053,273563,2310,279479,2481,286104,2607,292683,2739,299258,2817,306184,2908,317447,3039,327755,3035,337346,3102
207,KY- OWENSBORO,24338,177,24638,180,25202,178,25883,192,26436,185,27251,197,27825,190,28272,195,28848,207,29831,220,30950,217,31564,189
208,KY- PADUCAH,73283,493,74046,523,74788,514,76321,572,77733,581,79154,616,80469,627,81513,636,82570,664,83990,691,85906,658,87343,657
209,LA- ALEXANDRIA,47454,457,47605,478,47967,459,49870,495,50689,496,51382,469,51886,481,52737,531,54127,550,54472,549,55682,555,56957,578
210,LA- BATON ROUGE,101083,1582,103271,1714,105600,1735,115280,1883,119197,1961,122322,1964,125347,1948,127967,1933,132570,2034,137708,2051,142245,2058,148505,2166
212,LA- HOUMA,36435,485,37822,501,38685,482,40497,483,41346,521,42147,540,42918,537,43475,512,43704,507,45077,525,46260,506,48215,542
213,LA- LAFAYETTE,85261,1052,86422,1169,87663,1177,91705,1223,93081,1218,94610,1235,96141,1282,97318,1307,98736,1303,101714,1287,104473,1260,107276,1267
214,LA- LAKE CHARLES,36346,464,37087,465,37706,486,38113,455,38389,427,39247,412,40455,426,41073,443,42162,468,43677,468,45245,434,46303,486
216,LA- METAIRIE,64719,694,66056,738,67425,776,69013,791,71787,854,73443,866,75247,888,76628,907,78381,921,80835,925,83724,930,86129,963
217,LA- MONROE,43284,646,43551,688,43782,711,44915,736,45352,724,45494,738,46451,744,46749,749,46654,762,48297,778,49712,750,50866,768
218,LA- NEW ORLEANS,116894,2109,116659,2172,116792,2230,74454,1349,75392,1228,80747,1390,85822,1501,89387,1648,93894,1783,98590,1908,103211,1921,106459,2055
219,LA- SHREVEPORT,106899,1701,107769,1758,108412,1784,111209,1867,112616,1905,114539,1923,115955,1970,117256,1956,118823,2018,121610,2000,124429,2016,127798,2047
220,LA- SLIDELL,26084,279,26884,276,28736,319,28014,316,28265,307,30447,312,31472,370,32376,374,33389,408,34828,405,36374,421,37682,441
227,MA- BOSTON,735843,4695,737157,4908,738306,5013,743260,5119,751166,5221,764068,5267,779770,5386,792882,5370,809875,5476,833761,5474,860992,5544,885760,5669
230,MA- SPRINGFIELD,124765,896,125216,937,126336,986,126981,985,128871,983,130553,997,133520,975,135583,986,138581,1030,142187,1031,146841,1014,151116,1037
231,MA- WORCESTER,119027,599,118357,604,119519,664,120613,671,121981,674,124503,695,126869,711,128461,698,131086,729,135101,721,139827,747,143899,749
223,MD- BALTIMORE,347816,4574,350825,4758,353222,4769,357374,4862,361939,4971,368578,4944,375221,4993,381102,5122,388605,5213,401354,5274,415378,5234,429583,5295
225,MD- SALISBURY,74359,731,76624,790,78554,839,81199,913,83735,957,86724,935,89777,923,92254,978,94742,978,98138,996,102593,1014,106593,1057
226,MD- TAKOMA PARK,90201,1209,91383,1271,92679,1351,94454,1412,95891,1510,98272,1563,100934,1592,103448,1588,107077,1624,110802,1671,117305,1629,121598,1626
221,ME- BANGOR,77040,297,78326,353,79943,398,80979,413,82457,435,84841,418,86620,454,88070,458,89483,457,92004,453,95534,471,97731,468
222,ME- PORTLAND,176582,1071,179589,1129,182644,1176,186767,1185,190372,1179,196034,1143,201360,1179,205868,1134,210896,1090,218058,1055,226456,1060,234469,1052
232,MI- ANN ARBOR,178337,1322,180766,1447,184175,1632,188036,1767,192855,1867,198552,1942,205514,1975,211056,2041,217392,2068,225942,2143,236293,2118,245379,2227
233,MI- DEARBORN,87007,660,86827,697,86431,739,86409,772,86771,819,87633,819,88542,862,89114,832,90693,892,92680,905,95331,910,97217,903
234,MI- DETROIT,284269,4311,282938,4459,282636,4767,282922,4884,283650,4929,285471,4897,288318,4973,290279,4909,293978,5016,300631,5006,307172,4933,312673,5010
235,MI- FLINT,83460,914,85386,973,87021,1091,89132,1175,91371,1220,93980,1216,96247,1277,99424,1358,102319,1330,104639,1320,108458,1288,112342,1316
236,MI- GRAND RAPIDS,150824,975,154348,1022,157354,1151,161144,1271,165430,1257,168934,1310,174205,1350,178404,1403,183399,1432,189364,1467,196823,1432,204037,1483
238,MI- KALAMAZOO,101099,841,102855,858,104674,920,106662,939,108632,968,111126,940,113647,991,115855,991,118418,977,122297,1009,126316,1052,130060,1075
239,MI- LANSING,90649,737,92190,753,93740,917,95740,988,98056,984,101997,1051,105665,1035,107671,997,110561,1015,115227,1023,119707,1054,123029,1054
240,MI- MARQUETTE,39929,234,40253,220,40429,225,41076,255,41445,272,42203,259,42945,254,43614,272,44339,294,45061,265,46235,251,46964,230
242,MI- MUSKEGON,45175,364,46100,364,47047,386,47488,427,48217,407,49271,405,50472,419,51606,405,52774,430,55075,432,56989,445,58406,461
243,MI- PETOSKEY,33489,170,34211,168,35196,179,35838,183,35428,177,37765,185,38835,186,39633,193,40457,186,41634,189,43160,204,44805,212
244,MI- PONTIAC,53210,473,54799,489,56537,549,58430,578,60686,643,63271,670,65786,701,68084,713,70685,704,74356,699,78275,706,81325,721
245,MI- ROYAL OAK,101610,767,102757,816,103143,903,104731,979,106532,993,109153,996,112237,1073,114593,1136,117883,1268,122453,1336,127205,1353,131319,1349
246,MI- SAGINAW,124694,859,126704,891,128523,948,130660,1023,134130,1073,135708,1112,138466,1098,140900,1108,143405,1112,146842,1130,150590,1163,153981,1191
248,MI- ST JOSEPH,25438,211,25845,220,26178,246,26508,271,26771,285,27168,316,27626,332,28030,324,28475,328,28987,324,29838,320,30570,327
249,MI- TRAVERSE CITY,44549,211,45511,204,46825,212,47991,225,49153,244,50701,255,52295,267,53609,271,55094,313,56844,323,59034,325,60858,334
250,MN- DULUTH,64848,367,65418,359,65758,370,66246,392,67092,401,68161,411,69291,420,70308,390,71123,394,72613,391,74562,408,75958,369
251,MN- MINNEAPOLIS,405317,2591,411131,2619,418146,2891,424894,3064,435323,3278,448785,3310,461351,3387,472621,3452,485842,3529,501910,3502,520715,3466,537464,3446
253,MN- ROCHESTER,65659,437,66215,429,67034,445,68018,442,69245,456,71575,469,72489,451,74163,453,75457,429,76787,449,78718,440,80632,458
254,MN- ST CLOUD,33180,163,33843,149,34550,177,37013,189,37570,210,37150,212,38010,209,38821,225,39830,236,41034,224,42568,232,43835,229
256,MN- ST PAUL,121095,840,123000,870,125357,982,128403,1082,131453,1120,135562,1119,140058,1128,143783,1139,148266,1177,154171,1196,161108,1210,167690,1248
263,MO- CAPE GIRARDEAU,49143,424,49737,452,50318,479,51138,487,51802,510,52488,509,53314,510,53930,495,53993,465,55178,485,56816,503,57303,498
264,MO- COLUMBIA,111705,763,113023,760,114421,754,116407,791,118227,814,120444,786,122466,797,124558,850,126898,850,129072,816,134754,827,136541,801
267,MO- JOPLIN,64836,358,65430,353,66275,386,67370,405,67954,420,69023,424,70131,429,71934,430,73025,429,74247,420,75827,450,76726,501
268,MO- KANSAS CITY,325673,2951,329906,3006,334746,3054,341124,3083,347483,3233,354250,3300,362807,3365,369746,3369,377970,3444,390653,3417,405176,3457,417316,3536
270,MO- SPRINGFIELD,149494,850,152965,891,156670,925,161685,958,166969,1010,171205,1055,175587,1084,178664,1072,182800,1103,188061,1113,194042,1129,198543,1176
273,MO- ST LOUIS,527143,4948,530612,5105,535336,5300,541903,5438,549373,5729,559048,5944,569020,6143,576271,6320,586966,6402,600333,6465,616033,6475,634510,6551
257,MS- GULFPORT,29598,358,30502,346,30632,361,27641,346,28481,376,28036,390,28994,421,29615,423,30674,435,32072,445,33592,477,34931,481
258,MS- HATTIESBURG,47191,656,47387,635,48264,651,49964,688,50979,704,51777,721,53021,745,53792,751,54286,753,55755,759,57717,773,58083,778
259,MS- JACKSON,162494,2338,163531,2471,165754,2586,170903,2731,173187,2903,175174,2955,177096,3033,179131,3095,181657,3143,186559,3171,191838,3162,195377,3225
260,MS- MERIDIAN,35390,448,36437,459,36714,465,37419,490,37786,491,38245,514,38560,527,38786,534,38650,559,39341,554,40044,570,41098,597
261,MS- OXFORD,24064,298,24355,315,24700,319,25397,341,25833,344,26252,357,26838,370,27235,377,27750,386,28427,382,29177,379,29785,402
262,MS- TUPELO,64050,635,65514,663,66934,693,68511,710,69899,741,71291,771,72680,810,73832,856,75313,878,77736,942,79092,944,81553,950
274,MT- BILLINGS,80469,491,81725,522,83049,545,84906,561,87292,557,89195,547,91572,556,93437,544,96023,562,99283,564,103359,587,106897,581
275,MT- GREAT FALLS,25019,177,25261,190,25485,206,25765,188,25656,189,26557,196,27059,203,27426,206,27984,214,28370,206,29100,213,29818,227
276,MT- MISSOULA,58436,303,59756,290,60987,289,62748,307,64625,336,66893,342,69358,323,71286,320,73815,319,76829,332,80511,333,84191,368
309,NC- ASHEVILLE,125222,722,127760,718,130285,739,133360,806,136779,838,140162,823,143604,806,146975,791,150275,826,155057,857,160600,873,165656,883
311,NC- CHARLOTTE,276167,2925,282705,3134,288947,3201,298891,3424,310875,3604,323115,3758,335351,3916,344954,3978,357226,4173,372165,4256,391533,4323,405563,4432
312,NC- DURHAM,203125,2631,208029,2827,210360,2923,214016,3003,220301,3114,226107,3216,231923,3335,232130,3313,238280,3454,243715,3459,251546,3483,258207,3584
313,NC- GREENSBORO,86754,1062,87032,1082,88941,1104,93105,1154,93672,1135,96559,1157,99391,1186,101915,1196,104321,1234,110111,1273,114276,1295,118622,1343
314,NC- GREENVILLE,121759,1848,124218,1912,126558,1905,129267,1903,130953,1927,134245,1888,139142,1932,141950,1943,144928,1973,152715,2110,157484,2116,161946,2157
315,NC- HICKORY,43481,392,44578,416,47265,437,48796,474,50675,473,52441,462,54282,459,55730,461,57296,480,58945,480,59238,472,63101,504
318,NC- RALEIGH,206118,2868,212384,3093,220167,3271,228003,3415,236985,3584,247877,3700,256922,3778,270296,3888,280755,4071,288950,4133,303242,4157,315093,4304
319,NC- WILMINGTON,64355,624,66572,645,68723,683,71821,741,74550,779,77393,779,79157,802,81318,827,84500,818,87833,828,92520,865,97155,872
320,NC- WINSTON-SALEM,173362,1541,176991,1630,180949,1698,186266,1858,191034,1905,196411,1999,202194,2092,206942,2103,212277,2157,218874,2184,227082,2183,233420,2179
321,ND- BISMARCK,37322,227,37806,231,37859,262,38138,278,38480,299,38981,306,39320,342,39568,336,40026,341,40643,337,41413,333,42208,328
322,ND- FARGO MOORHEAD -MN,84910,549,85447,551,85999,595,87046,630,88211,684,89648,703,91581,731,92618,741,93996,788,96595,815,99208,788,102513,803
323,ND- GRAND FORKS,27399,175,27522,193,27592,222,27663,224,27777,225,27946,227,28302,234,28821,251,29009,251,29040,233,29493,227,29939,230
324,ND- MINOT,22527,156,22422,149,22270,150,22231,143,22318,158,22198,153,22303,148,22370,152,22331,150,22183,151,22067,152,22050,160
277,NE- LINCOLN,92370,653,92888,650,93271,690,93955,688,95012,711,95952,687,97504,664,98505,662,99207,672,100943,637,103889,610,106095,599
278,NE- OMAHA,187319,1450,188252,1470,189761,1456,191662,1499,194215,1570,197495,1594,200587,1602,203677,1609,206609,1617,210606,1602,216193,1618,221268,1660
281,NH- LEBANON,70220,359,71133,379,72381,383,73818,407,75349,385,77372,380,79214,394,81085,385,83347,402,86568,373,90215,367,92417,359
282,NH- MANCHESTER,116474,612,118747,629,121733,673,125003,669,128609,694,132887,692,137605,684,141567,692,146380,705,152907,702,160359,679,167513,720
283,NJ- CAMDEN,463120,4291,467187,4380,470931,4518,476092,4680,481568,4826,490444,4869,500563,5131,507621,5219,516842,5280,531373,5446,547978,5510,560715,5555
284,NJ- HACKENSACK,190616,1643,190165,1721,189294,1712,189067,1791,190048,1818,192173,1809,194463,1841,196286,1875,199028,1909,203505,1925,208637,1954,212648,1992
285,NJ- MORRISTOWN,135107,989,136541,1041,137904,1063,139493,1062,141386,1110,144576,1176,148523,1231,151375,1225,154888,1259,159560,1262,166052,1282,169815,1279
288,NJ- NEW BRUNSWICK,128030,1226,129114,1336,130625,1325,132721,1311,135162,1324,138514,1346,141029,1388,143452,1386,146874,1460,151661,1474,156817,1476,161628,1532
289,NJ- NEWARK,202103,3155,200128,3255,198324,3372,197347,3477,196756,3595,197618,3607,198699,3704,200158,3766,202997,3760,207661,3835,212695,3887,216915,3977
291,NJ- PATERSON,53539,669,54013,674,54384,663,55172,705,56293,709,57607,706,59238,736,60153,785,61391,834,63107,857,64916,878,65689,872
292,NJ- RIDGEWOOD,57495,485,57863,474,57819,498,58416,484,59073,493,60234,518,61646,525,62732,534,64111,537,65645,551,67958,566,70269,559
293,NM- ALBUQUERQUE,206628,2357,212542,2469,218905,2550,228126,2690,236337,2783,245074,2843,253354,2963,261285,3033,270192,3096,281635,3129,294264,3162,305215,3163
279,NV- LAS VEGAS,208291,1723,218873,1930,227184,2080,234965,2196,242576,2352,251193,2537,260563,2748,268350,2812,276942,3027,290712,3218,306252,3355,322507,3520
280,NV- RENO,92530,551,96156,608,99536,664,102369,674,105162,714,109249,738,113292,779,117176,798,121729,880,127917,937,134593,961,139697,1014
295,NY- ALBANY,305403,2061,307839,2162,309594,2123,313491,2237,317329,2282,323663,2352,329169,2455,334131,2461,339817,2509,350739,2562,363681,2598,371112,2665
296,NY- BINGHAMTON,69391,398,69624,442,70162,440,70802,472,71760,510,73112,521,73724,554,74941,545,75856,556,76582,518,78276,504,80121,461
297,NY- BRONX,149146,2312,152133,2508,153254,2515,155186,2630,156881,2703,159911,2707,161155,2765,163978,2787,167991,2863,175854,2949,181133,3020,185767,3114
299,NY- BUFFALO,259746,1866,259789,1912,259149,1942,260133,2056,261420,2044,264705,2130,268824,2236,270419,2259,273472,2297,278074,2293,283590,2232,288384,2217
301,NY- EAST LONG ISLAND,690066,6183,691199,6559,692315,6482,695060,6838,698821,6887,708063,7121,719445,7333,728399,7435,741072,7556,759835,7657,781814,7690,799647,7874
300,NY- ELMIRA,65518,488,65178,468,65131,466,65525,479,66055,498,66228,528,67056,569,67686,570,68326,609,69052,593,70593,586,71517,602
303,NY- MANHATTAN,654181,7317,656769,7988,659974,8035,664110,8126,667410,8149,674407,8364,683091,8673,688247,8696,700564,8762,718518,8771,737233,8769,754619,8847
304,NY- ROCHESTER,202418,1561,204549,1645,206851,1653,209759,1737,213049,1829,218118,1875,223750,1955,228132,2006,232397,2034,239516,2065,247390,2064,253963,2107
307,NY- SYRACUSE,172035,1299,173531,1327,174230,1301,176346,1378,178681,1391,181698,1418,185048,1462,187251,1484,190466,1503,194947,1507,199904,1484,204249,1499
308,NY- WHITE PLAINS,167082,1522,165622,1576,166156,1541,167110,1585,168516,1581,171149,1646,176229,1651,178701,1636,182166,1646,184353,1671,188453,1686,194505,1751
325,OH- AKRON,110034,898,110504,948,110860,983,111452,1025,112389,1048,114216,1108,116191,1098,117574,1130,119200,1172,122614,1179,126737,1183,130126,1201
326,OH- CANTON,106752,671,107496,744,108574,756,110503,828,111890,865,113934,885,115509,950,117122,994,119334,1011,123122,1013,126709,986,129222,986
327,OH- CINCINNATI,236386,2081,238112,2218,240166,2265,243168,2411,246491,2604,251173,2706,255904,2879,259446,2940,263820,2982,272034,3043,280451,3056,289373,3160
328,OH- CLEVELAND,357070,3707,356994,3937,357375,4014,358434,4205,359878,4313,364249,4411,370846,4435,373830,4405,378794,4567,385575,4544,396389,4569,404769,4564
329,OH- COLUMBUS,401310,3285,406748,3483,412546,3525,419854,3748,428355,3954,438471,4107,450269,4265,458503,4352,470368,4498,483983,4624,502945,4674,518257,4715
330,OH- DAYTON,178589,1719,180122,1786,181258,1819,182900,1920,184703,1917,187512,1951,190081,1966,192132,1932,194944,1970,199434,1969,205079,2012,209735,2049
331,OH- ELYRIA,38334,375,38896,393,39602,373,40334,413,41357,453,42507,478,43727,461,44461,475,45561,488,47151,471,49024,464,50803,476
332,OH- KETTERING,64350,458,65623,468,66756,487,68337,520,69732,536,71186,542,72934,573,74099,554,75781,557,77806,589,80416,609,82830,601
334,OH- TOLEDO,154805,1462,156475,1570,157370,1617,158924,1714,160614,1690,162987,1764,166097,1858,168459,1884,171772,1970,177207,2017,183028,2015,187829,2020
335,OH- YOUNGSTOWN,135827,1152,135795,1172,134984,1164,135226,1181,136424,1250,137765,1305,137570,1305,138235,1350,139054,1371,142638,1407,145974,1452,148456,1471
336,OK- LAWTON,30024,290,30362,305,30514,319,30844,333,31065,321,31451,345,31881,389,32238,370,32692,377,33345,351,34018,320,34534,350
339,OK- OKLAHOMA CITY,261409,2139,265038,2289,268797,2320,274651,2467,280287,2513,286484,2537,293436,2686,298745,2734,304771,2876,312950,2876,321843,2849,329354,3007
340,OK- TULSA,199771,1714,202603,1819,206182,1842,211390,1936,216200,1964,221487,2013,226789,2040,230894,2111,235439,2209,241081,2292,248268,2278,255749,2431
341,OR- BEND,30425,139,31668,147,32998,139,34746,157,35873,170,37443,170,39018,179,40821,213,42399,211,44932,215,47687,235,50631,255
342,OR- EUGENE,119129,565,121824,611,125069,628,128721,677,131648,704,135190,749,138873,785,142291,836,145963,858,150810,884,156545,891,161185,871
343,OR- MEDFORD,83883,378,85412,389,87018,369,88668,384,90553,400,92281,391,94756,402,97107,396,99495,434,104110,443,107722,454,109480,513
344,OR- PORTLAND,319464,2323,326071,2529,333502,2648,342802,2740,351424,2748,362671,2768,375107,2875,386739,2936,401215,3089,419397,3209,439824,3301,458483,3352
345,OR- SALEM,42799,307,43434,326,44084,340,45486,328,46579,339,47914,336,49132,356,50123,342,51406,365,53358,362,55678,397,58776,442
346,PA- ALLENTOWN,195608,1470,198095,1481,200650,1549,203851,1598,207508,1610,212242,1654,217097,1683,220383,1742,223603,1806,230916,1829,236635,1782,243671,1841
347,PA- ALTOONA,58211,423,57761,432,58222,438,59886,462,60883,476,62065,483,62913,480,63639,508,64539,537,67357,546,67322,537,69635,555
350,PA- DANVILLE,96286,558,98450,584,99386,569,100064,613,101341,640,103038,630,105231,678,106320,713,107606,745,109248,702,111469,694,113945,728
351,PA- ERIE,137370,1041,138396,1064,139259,1137,140719,1200,142552,1176,145169,1177,147193,1120,148588,1156,150551,1086,153411,1087,157070,1081,160156,1070
352,PA- HARRISBURG,161127,1141,164043,1217,166544,1216,169954,1238,173513,1258,177722,1313,182184,1350,185593,1384,189794,1417,194054,1393,202076,1468,208602,1568
354,PA- JOHNSTOWN,51021,334,50445,335,50965,345,51076,350,51755,362,51871,400,52269,416,52394,444,52690,442,53592,445,54241,408,54077,390
355,PA- LANCASTER,93719,529,94492,550,96762,565,99463,631,102084,636,106333,620,109562,647,111828,673,114771,709,117800,749,122477,772,126396,826
356,PA- PHILADELPHIA,639312,6826,639704,6974,638728,7046,641171,7128,644352,7296,652770,7326,661469,7363,668808,7546,678625,7648,694165,7900,714183,7859,731107,7928
357,PA- PITTSBURGH,597972,4788,597737,4949,596724,4988,597212,5110,598642,5192,604133,5265,608710,5207,609287,5323,611893,5354,621357,5320,634114,5302,644130,5361
358,PA- READING,99426,629,100327,649,101287,650,102275,651,103551,664,103855,646,105670,675,106872,703,108392,715,112191,753,115359,797,118237,863
359,PA- SAYRE,36069,202,36496,198,36833,224,37301,227,38002,239,39001,237,40116,245,40877,252,41297,244,41800,278,43069,266,43318,249
360,PA- SCRANTON,67654,371,67836,376,68113,379,68486,418,69038,414,69879,417,70793,439,71212,428,71968,486,73405,475,75083,488,76088,474
362,PA- WILKES-BARRE,54362,318,53263,312,52841,318,52790,330,52874,333,53133,330,53469,355,53533,342,54432,379,54318,376,56962,380,56938,388
363,PA- YORK,63218,351,64517,374,66131,408,67925,439,69835,480,71914,511,74012,536,75597,522,77450,518,80092,525,83298,506,85811,550
364,RI- PROVIDENCE,200458,1373,200653,1419,201416,1415,202409,1463,203705,1397,206477,1393,209830,1428,212358,1452,215921,1442,221496,1452,227933,1464,233410,1497
365,SC- CHARLESTON,132769,1701,137710,1833,143946,1951,150408,2043,153681,2108,160289,2193,167833,2276,174239,2350,181613,2390,191403,2379,202842,2431,211712,2484
366,SC- COLUMBIA,162344,2363,165291,2446,168857,2589,174725,2675,179488,2791,185173,2852,190296,2949,196026,2967,202136,3018,208371,2996,217346,3019,223679,3194
367,SC- FLORENCE,57004,828,57938,861,57607,910,59183,942,62701,1051,64259,1146,66372,1190,67275,1214,68612,1280,71916,1311,74445,1330,78866,1395
368,SC- GREENVILLE,129576,1267,132674,1338,136463,1401,141755,1449,146285,1473,151301,1493,156545,1507,160906,1487,165260,1550,170856,1534,177188,1505,184940,1596
369,SC- SPARTANBURG,61367,606,62714,628,64012,648,65422,641,67210,670,69146,699,71358,722,72878,734,74651,741,77238,745,79734,808,81357,817
370,SD- RAPID CITY,31613,278,31878,294,32583,292,33362,304,34111,301,35200,338,36303,335,37427,308,38348,330,39733,331,41306,328,42982,354
371,SD- SIOUX FALLS,133999,877,134631,819,134994,907,136202,918,137064,931,138640,873,140254,854,140743,855,142079,899,144211,871,147167,905,151017,933
373,TN- CHATTANOOGA,106048,998,107982,1010,110395,970,113535,984,117944,1024,121391,1073,124240,1102,127161,1125,130389,1178,134146,1254,139183,1260,144405,1313
374,TN- JACKSON,60217,605,60707,642,61352,648,62367,637,63365,652,64791,688,65920,701,66851,750,68154,823,69938,851,71935,847,73552,845
375,TN- JOHNSON CITY,44554,242,45687,237,46771,259,48185,260,49733,273,51293,277,52584,302,53942,311,55129,316,56944,321,58794,311,62533,331
376,TN- KINGSPORT,104558,546,105907,529,108405,545,111277,594,113583,551,115947,523,117114,542,119942,592,121223,595,123336,599,125965,574,127060,588
377,TN- KNOXVILLE,226349,1438,231970,1481,237304,1524,244712,1596,252766,1687,260875,1835,269491,1923,274685,1984,281320,2120,292540,2243,302916,2338,308462,2375
379,TN- MEMPHIS,243599,3809,246489,3887,249973,4055,255725,4246,258968,4323,263842,4477,269678,4676,274151,4802,280041,5017,287544,5224,298421,5377,306978,5553
380,TN- NASHVILLE,346640,3088,354914,3179,363931,3244,377630,3384,388449,3564,400792,3676,415120,3786,425577,3871,438484,3979,455182,4074,474444,4130,491126,4265
382,TX- ABILENE,52539,369,52840,386,53156,375,53455,370,53898,401,54395,404,55190,431,55692,437,56458,462,57362,493,58480,511,59234,529
383,TX- AMARILLO,63154,535,62790,553,63326,550,63760,610,64334,602,64926,604,65702,607,66259,601,66962,615,68255,661,69678,656,70785,684
385,TX- AUSTIN,121824,1512,126702,1594,132518,1616,140573,1776,148206,1809,156316,1874,164989,1941,170363,1960,179970,2063,191893,2157,203968,2219,216101,2297
386,TX- BEAUMONT,74999,842,75310,862,76142,874,76495,863,76923,866,78076,862,79046,897,79630,936,80769,935,82483,970,84461,982,86227,1038
388,TX- BRYAN,25345,242,25486,259,25982,271,26743,269,27549,293,28408,303,29449,323,30264,354,31205,386,32433,424,33804,462,35046,471
390,TX- CORPUS CHRISTI,74276,1326,75409,1363,76765,1443,78640,1550,80298,1603,81888,1598,83846,1649,85813,1704,87836,1783,90711,1823,93526,1881,95945,1910
391,TX- DALLAS,408875,5222,419757,5480,433167,5765,451525,6085,469342,6378,487949,6669,508415,6864,526553,7037,547930,7398,573685,7678,603407,7831,632652,8137
393,TX- EL PASO,121384,1786,124449,1888,127642,1959,132229,2066,136618,2232,141182,2349,145795,2451,149783,2525,154486,2624,159714,2710,165464,2755,170649,2915
394,TX- FORT WORTH,198920,2193,204051,2349,210577,2504,219105,2684,227090,2794,235953,2945,245493,3064,254150,3211,264052,3447,277368,3643,291989,3823,303784,4022
396,TX- HARLINGEN,56808,1039,57878,1132,59284,1253,61207,1403,62944,1453,63638,1500,65664,1561,68477,1608,70670,1704,73785,1766,76155,1773,79139,1865
397,TX- HOUSTON,533536,7688,548178,8172,564769,8626,591545,9144,611839,9618,635962,10007,659656,10419,682306,10836,709855,11335,745448,11900,785167,12314,821190,12889
399,TX- LONGVIEW,30954,310,31545,322,32111,331,32849,362,34729,381,34054,355,34712,374,35121,355,35820,368,37287,389,38227,412,39062,429
400,TX- LUBBOCK,96151,1117,96616,1105,96886,1141,97919,1178,98754,1181,100001,1224,101429,1288,102460,1318,103508,1352,104763,1376,106863,1370,108572,1364
402,TX- MCALLEN,51241,1031,52825,1105,54788,1181,57140,1275,59148,1413,62668,1515,65279,1591,66558,1670,69437,1734,72138,1761,75421,1807,77716,1846
406,TX- ODESSA,43481,458,43923,458,44475,455,45042,490,45754,501,46068,516,46718,551,47094,538,47775,567,48894,581,49587,586,50026,639
411,TX- SAN ANGELO,25977,172,26059,182,26173,199,26499,235,26880,239,27339,269,27821,288,28083,282,28446,296,29069,313,29831,321,30369,322
412,TX- SAN ANTONIO,294306,4545,301250,4965,309269,5211,320594,5612,331019,5807,342521,6041,355799,6289,367294,6610,380374,6907,396960,7066,414835,7313,430835,7576
413,TX- TEMPLE,44164,513,45437,567,46796,565,48622,591,50314,616,52110,608,53779,635,57963,694,60182,744,63220,798,66460,781,69669,810
416,TX- TYLER,88795,793,90611,812,93115,873,95874,944,96824,950,100597,999,102992,1011,105139,1004,107234,1013,109976,984,113326,1033,114401,1116
417,TX- VICTORIA,24555,240,24757,267,25024,286,25367,306,25788,300,26126,314,26608,333,27064,354,27316,372,27968,381,28769,394,29363,397
418,TX- WACO,52462,501,52871,540,53391,527,54032,535,54759,517,55255,522,56366,540,57184,546,58174,587,60028,600,61189,624,62741,640
420,TX- WICHITA FALLS,34247,210,34232,217,34363,235,35113,254,35169,239,35925,240,36284,277,36639,279,37071,320,37530,305,38209,320,38956,349
421,UT- OGDEN,40434,305,41396,300,42363,329,43632,342,45158,367,46948,378,48778,386,50263,401,51812,420,53959,406,56832,407,59251,419
422,UT- PROVO,37455,269,38399,270,39785,283,41674,304,43476,320,45363,337,47219,309,48889,323,50753,345,52771,377,54757,387,57502,392
423,UT- SALT LAKE CITY,186879,1307,191783,1315,197158,1388,204525,1460,211273,1524,218359,1563,225896,1637,232782,1708,241704,1774,251240,1795,262160,1834,272635,1908
426,VA- ARLINGTON,161179,1580,165813,1740,169831,1780,176900,1862,182735,1969,190604,2027,200251,2114,209403,2118,219199,2171,231374,2170,245879,2130,257523,2171
427,VA- CHARLOTTESVILLE,80761,839,82671,849,84614,861,87094,873,89451,896,92080,898,94717,922,96899,924,99410,914,102888,896,106926,902,111335,942
428,VA- LYNCHBURG,42953,476,43273,501,44121,518,45253,549,47149,595,48346,620,49678,644,50766,648,51957,671,56991,681,55464,631,59731,647
429,VA- NEWPORT NEWS,73892,996,75679,1023,77304,1047,79409,1042,81624,1090,84147,1119,86866,1168,88970,1191,91650,1190,94147,1193,97795,1184,101108,1219
430,VA- NORFOLK,156183,2428,158435,2524,160820,2660,163489,2698,165930,2760,169820,2754,174012,2790,177703,2737,181655,2754,187404,2785,194198,2737,200688,2843
431,VA- RICHMOND,213580,2688,218411,2859,222765,2958,229179,3088,234674,3249,241895,3253,248935,3301,255344,3398,262355,3500,273573,3586,285616,3615,296326,3700
432,VA- ROANOKE,130694,1040,132385,1089,134405,1129,137354,1133,140441,1182,143475,1172,146413,1195,148547,1204,151200,1221,151393,1190,158705,1187,160146,1220
435,VA- WINCHESTER,56665,443,58344,466,60450,506,62328,503,64410,518,66839,559,69067,605,70883,595,73406,613,76874,607,81223,615,84984,653
424,VT- BURLINGTON,95115,658,96836,657,98927,662,100588,683,102517,737,105861,785,108750,795,111176,808,114328,785,117295,739,121726,739,125886,743
437,WA- EVERETT,76011,522,78399,561,81047,586,84048,634,86986,670,90182,715,93599,723,97256,804,101308,865,106205,850,111734,893,116972,893
438,WA- OLYMPIA,55010,307,56564,334,58449,357,60683,361,63099,387,65542,374,67495,399,69709,425,71894,428,73632,443,76046,450,81221,457
439,WA- SEATTLE,321773,2247,327031,2386,333302,2457,342157,2575,350888,2675,361138,2659,372560,2669,386546,2806,401462,2955,419325,3058,439805,3063,456014,3151
440,WA- SPOKANE,204481,1326,209792,1394,215667,1452,222511,1541,230133,1584,238390,1623,246431,1707,253215,1750,260620,1836,269892,1821,280735,1846,291288,1880
441,WA- TACOMA,89764,718,91844,773,94141,808,97119,834,99757,876,103023,864,106248,883,109443,924,113058,985,118639,1069,124219,1120,128627,1182
442,WA- YAKIMA,35831,235,36447,265,36899,275,38011,289,38939,280,40050,297,41262,304,42361,316,43501,328,45024,334,46594,354,47933,366
446,WI- APPLETON,47939,318,48614,324,49435,368,49836,339,50914,354,52631,335,53281,346,54346,354,55581,387,57221,401,59023,384,60866,408
447,WI- GREEN BAY,80130,521,81193,531,82438,572,84090,557,85670,594,87583,620,89634,633,91661,629,93626,663,96480,663,99647,637,102844,680
448,WI- LA CROSSE,56867,382,57566,384,58280,414,58924,433,59849,450,60246,463,61572,491,61939,475,62931,479,65236,470,67160,484,68810,467
449,WI- MADISON,144166,878,146725,910,149402,1019,152115,1073,155186,1104,158783,1134,162936,1183,166487,1178,170896,1208,176512,1248,183218,1242,189128,1274
450,WI- MARSHFIELD,66954,387,67685,390,68564,464,69558,482,70499,471,71986,475,73301,478,74634,481,76168,493,78303,496,80425,491,82311,511
451,WI- MILWAUKEE,357798,3193,361047,3389,364693,3685,369430,3815,374094,4067,381006,4069,388315,4202,394718,4279,403141,4374,415087,4311,430309,4310,443227,4488
452,WI- NEENAH,37272,225,37655,234,38043,264,38756,286,39347,311,39964,331,40679,342,41272,344,42105,343,43130,326,44214,321,45300,331
456,WI- WAUSAU,33392,200,33918,207,34478,223,35766,255,36470,264,36886,264,38137,264,38766,269,39555,275,40559,264,41601,253,43170,254
443,WV- CHARLESTON,174966,1320,176319,1342,178359,1407,181143,1426,183627,1469,186442,1438,188848,1413,190249,1439,192467,1421,194283,1458,199286,1486,202519,1532
444,WV- HUNTINGTON,69340,442,70946,467,71907,491,73302,536,74451,544,76125,590,77058,643,77907,639,79104,650,80727,632,82591,641,83543,666
445,WV- MORGANTOWN,70356,515,70721,506,71193,537,71996,571,73042,577,74245,553,75531,541,76244,567,76341,581,79470,587,80326,577,81627,581
457,WY- CASPER,29241,175,29525,167,29898,164,30413,166,30904,166,31469,167,32230,166,32760,177,33235,178,34084,197,35087,192,36052,179
