state,state_lab,age,pop2002,esrdstat2002,pop2003,esrdstat2003,pop2004,esrdstat2004,pop2005,esrdstat2005,pop2006,esrdstat2006,pop2007,esrdstat2007,pop2008,esrdstat2008,pop2009,esrdstat2009,pop2010,esrdstat2010,pop2011,esrdstat2011,pop2012,esrdstat2012,pop2013,esrdstat2013
0,NOT FOUND,1:0-17,,,,,,,,,,,,,,,,,,,,,,,,
0,NOT FOUND,2:18-39,255,22,147,12,746,27,89,,90,,67,,52,,1276,55,94,,65,,51,,34,
0,NOT FOUND,3:40-64,1652,49,1086,28,4181,111,769,17,741,19,653,13,543,,8234,309,720,21,525,12,388,,318,
0,NOT FOUND,4:65-75,5319,29,3584,24,15888,82,2032,16,1713,14,1335,18,1057,14,24473,147,1882,20,1480,13,1198,,954,
0,NOT FOUND,5:75-85,7061,31,5691,33,12789,81,3987,22,3572,28,3031,16,2480,12,13614,90,2609,18,2120,17,1805,,1496,
0,NOT FOUND,6:85+,3685,,3200,,5585,16,2652,11,2496,12,2210,11,1964,,5398,22,1983,13,1773,,1545,,1437,
1,AL-Alabama,1:0-17,59,53,56,52,45,41,39,38,40,39,36,34,39,37,33,32,32,31,47,46,56,54,47,43
1,AL-Alabama,2:18-39,23296,932,24158,870,24719,873,25576,901,26121,908,26649,909,27433,926,27804,910,28836,884,29672,834,30441,817,30810,856
1,AL-Alabama,3:40-64,124923,3866,133314,3920,142679,3984,152444,4085,160402,4286,166562,4398,171961,4514,177093,4640,183995,4779,191641,4844,197830,4893,202900,5053
1,AL-Alabama,4:65-75,310400,1887,313849,1946,316902,2002,324451,2010,331004,2084,340061,2166,352325,2301,359767,2350,367214,2352,382458,2446,402356,2564,418670,2730
1,AL-Alabama,5:75-85,205873,1261,207631,1341,207553,1364,210203,1342,210384,1385,211696,1343,212170,1374,213970,1403,216183,1448,217743,1492,219512,1518,223365,1593
1,AL-Alabama,6:85+,78165,250,77838,277,78182,297,80094,290,81641,303,83128,310,84416,336,85575,321,86912,331,88161,351,89807,396,90643,398
2,AK-Alaska,1:0-17,,,,,,,,,,,,,,,,,,,,,,,,
2,AK-Alaska,2:18-39,1724,50,1754,48,1781,46,1846,50,1910,59,1932,56,1988,57,2087,63,2164,58,2284,62,2343,61,2405,48
2,AK-Alaska,3:40-64,6776,214,7323,225,7817,234,8291,242,8703,249,9109,252,9414,267,9706,259,10147,262,10563,282,10800,291,10782,310
2,AK-Alaska,4:65-75,23913,61,24746,79,25627,102,26618,105,28069,109,29819,114,31872,131,33740,119,35784,143,38415,141,41251,150,43854,165
2,AK-Alaska,5:75-85,12139,49,12647,54,13023,55,13610,62,13878,67,14274,78,14570,85,15062,91,15411,99,15995,111,16585,100,17126,101
2,AK-Alaska,6:85+,3333,,3547,11,3746,16,4121,,4406,,4640,,4957,17,5170,14,5494,21,5578,24,5830,25,6070,27
4,AZ-Arizona,1:0-17,53,46,46,39,45,42,48,46,56,55,54,53,54,54,51,51,49,49,52,52,44,44,43,43
4,AZ-Arizona,2:18-39,16022,624,16988,597,18194,579,19312,607,19915,602,20118,621,20104,608,19028,580,20588,655,21414,663,21743,673,22012,648
4,AZ-Arizona,3:40-64,83748,2726,90026,2914,97638,3173,105434,3308,110763,3394,114763,3549,117464,3676,112898,3542,124770,4093,129710,4282,132763,4351,135530,4481
4,AZ-Arizona,4:65-75,336115,1628,345431,1770,356169,1971,369128,2045,380439,2054,398183,2089,418317,2267,411836,2206,449880,2533,477152,2671,510639,2752,538689,2861
4,AZ-Arizona,5:75-85,233363,1333,237364,1348,242909,1430,248100,1461,249355,1484,251496,1516,253310,1622,245876,1555,260579,1725,266077,1796,272606,1819,280638,1891
4,AZ-Arizona,6:85+,80789,317,83979,342,86444,387,91236,414,95299,431,98514,469,102374,473,103151,498,109976,547,113511,583,116314,583,119267,581
5,AR-Arkansas,1:0-17,36,32,37,36,38,37,47,43,49,45,43,43,48,48,42,42,45,45,39,38,37,35,35,34
5,AR-Arkansas,2:18-39,13372,467,13745,472,14347,440,15101,451,15692,452,16409,473,17178,462,17804,445,18818,478,19607,440,20180,460,20387,449
5,AR-Arkansas,3:40-64,76204,1663,80160,1703,85117,1740,90784,1778,95853,1891,100138,1892,103854,1991,107356,2007,111215,2116,114906,2200,117644,2217,119660,2238
5,AR-Arkansas,4:65-75,193861,790,196360,785,199166,840,203526,882,208972,902,215468,992,222761,1105,228024,1088,231967,1111,241399,1179,252397,1207,261031,1306
5,AR-Arkansas,5:75-85,132279,611,131961,611,131814,603,132582,641,132573,659,133291,657,133882,687,134663,751,135993,763,136320,753,137776,742,140070,780
5,AR-Arkansas,6:85+,52727,121,52604,144,52934,161,53989,174,54945,168,55605,158,56246,173,56768,177,57749,194,58422,197,58804,193,58793,199
6,CA-California,1:0-17,315,290,276,258,254,236,261,245,265,251,237,222,227,212,198,183,189,170,177,157,163,143,167,143
6,CA-California,2:18-39,83725,4287,84089,4261,85599,4187,87833,4224,89166,4170,90567,4132,92662,4132,93771,4130,96910,4171,100523,4119,103519,4061,105395,4015
6,CA-California,3:40-64,435044,17915,457562,18759,482153,19438,509733,20239,529953,20921,546805,21548,562723,22647,578016,23527,599064,24531,617703,25440,631509,25707,642382,26380
6,CA-California,4:65-75,1816870,10076,1836627,11101,1846439,11577,1875791,11862,1910980,12195,1976595,12725,2060811,13395,2130735,13862,2216158,14593,2344486,15388,2496205,15919,2626500,17235
6,CA-California,5:75-85,1350224,8145,1358756,8982,1362753,9436,1371869,9658,1365123,9828,1362890,10038,1360522,10358,1364309,10655,1374163,11300,1388463,11696,1409109,11902,1438532,12365
6,CA-California,6:85+,505007,2015,519673,2347,530342,2604,555746,2808,579652,3061,602337,3309,627625,3658,650839,3858,675353,4162,694124,4519,710271,4645,724617,4895
8,CO-Colorado,1:0-17,39,39,34,34,31,31,40,40,40,38,39,38,42,41,35,34,36,35,27,26,21,20,16,16
8,CO-Colorado,2:18-39,11145,443,11090,433,11083,436,11268,439,11525,434,11882,431,12161,434,12405,444,13107,453,13961,435,14730,406,15277,412
8,CO-Colorado,3:40-64,58428,1552,60655,1627,63203,1701,66299,1806,69033,1902,71679,1996,74290,2078,76549,2123,80102,2225,83858,2229,87067,2241,90196,2251
8,CO-Colorado,4:65-75,227803,828,232111,923,237540,953,244478,1034,254036,1056,266651,1024,281893,1112,295304,1166,308930,1201,331001,1244,358254,1261,381876,1355
8,CO-Colorado,5:75-85,151946,617,154723,665,157639,722,161249,738,163560,778,165660,800,167019,806,169196,826,172285,862,175757,855,179374,866,184402,890
8,CO-Colorado,6:85+,57799,100,59442,115,60877,153,64337,166,67695,180,70528,201,73362,225,75777,224,78809,219,81274,253,83659,247,85961,272
9,CT-Connecticut,1:0-17,22,21,19,18,13,,19,18,20,20,21,21,21,21,18,16,13,11,11,,,,,
9,CT-Connecticut,2:18-39,12087,354,12079,335,11965,327,11826,319,11767,319,11813,312,11952,306,11872,301,11951,307,12277,295,12506,266,12623,276
9,CT-Connecticut,3:40-64,51924,1611,54146,1675,56528,1687,59069,1708,61348,1753,63127,1767,64901,1789,66320,1857,68374,1870,70256,1861,71331,1905,72250,1904
9,CT-Connecticut,4:65-75,218452,1045,217818,1057,216312,1062,215764,1060,218240,1056,225693,1065,235366,1112,241917,1123,249395,1197,261425,1195,276703,1211,287808,1261
9,CT-Connecticut,5:75-85,180242,911,180360,936,179607,1001,178645,1002,176065,1014,173829,1058,171158,1048,168654,1025,167004,1014,165541,1019,164264,977,164257,970
9,CT-Connecticut,6:85+,78044,238,80088,263,81760,282,84224,295,86692,283,88928,316,91193,366,93337,403,95399,448,96887,428,97938,425,98851,425
10,DE-Delaware,1:0-17,,,,,,,,,,,,,,,,,,,,,,,,
10,DE-Delaware,2:18-39,2956,119,3022,119,3075,113,3143,115,3206,127,3226,105,3226,113,3205,121,3312,114,3396,101,3404,101,3503,109
10,DE-Delaware,3:40-64,14199,552,15315,590,16624,599,17964,610,19110,635,20034,693,20810,706,21549,738,22397,756,23222,776,23671,781,24036,781
10,DE-Delaware,4:65-75,55402,322,56285,336,57438,357,59061,404,60894,428,63619,431,66711,395,68700,429,71156,455,75288,474,80655,463,85111,499
10,DE-Delaware,5:75-85,37235,208,38051,259,38541,261,39444,290,39822,311,40375,300,40494,293,40754,313,41381,324,41996,307,42663,313,43903,342
10,DE-Delaware,6:85+,12855,37,13392,50,13951,66,14689,73,15235,77,15970,90,16721,85,17316,88,17668,88,18010,100,18548,102,18928,120
11,DC-District of Columbia,1:0-17,12,12,,,,,,,,,,,,,,0,,,,,,,,
11,DC-District of Columbia,2:18-39,1868,158,1846,166,1837,159,1848,150,1850,147,1879,130,1988,133,2025,122,2103,123,2263,113,2361,108,2475,104
11,DC-District of Columbia,3:40-64,8546,861,8759,897,9075,885,9474,917,9796,905,10107,922,10431,923,10822,918,11426,944,12121,965,12690,945,13043,939
11,DC-District of Columbia,4:65-75,30546,406,30212,441,30079,451,30291,473,30764,484,31179,458,32043,482,32880,459,33804,462,35302,450,37121,471,38491,513
11,DC-District of Columbia,5:75-85,24077,323,23712,340,23395,344,23066,340,22360,313,21883,309,21576,317,21286,320,21061,335,20848,322,20822,311,20949,309
11,DC-District of Columbia,6:85+,11344,64,11250,60,11234,72,11364,77,11537,78,11670,95,11743,100,11903,107,11993,111,12110,125,12184,125,12242,123
12,FL-Florida,1:0-17,210,191,182,170,192,180,194,180,196,178,184,161,184,166,182,169,168,157,160,148,141,132,149,142
12,FL-Florida,2:18-39,55292,2207,56067,2267,56277,2194,56830,2225,56840,2269,56808,2273,57229,2311,57830,2276,60814,2310,63993,2297,66238,2357,68064,2340
12,FL-Florida,3:40-64,306211,9140,325268,9819,344101,10075,360944,10537,371326,10904,378837,11155,386192,11611,396053,12119,414778,12793,436789,13136,453350,13398,471099,13719
12,FL-Florida,4:65-75,1302308,5254,1316689,5777,1334003,5842,1355484,5954,1375513,6280,1419964,6262,1476884,6827,1515123,7132,1564024,7541,1643007,7813,1739694,8283,1825571,8755
12,FL-Florida,5:75-85,995047,4564,1004933,5129,1011667,5121,1016912,5373,1008143,5456,1005955,5347,1003952,5567,1003147,5611,1010567,5893,1019561,6089,1032184,6186,1052268,6411
12,FL-Florida,6:85+,370639,1201,379091,1413,385511,1477,398149,1626,409978,1737,421522,1827,435543,1951,449443,2075,463203,2235,475128,2234,488500,2319,499793,2430
13,GA-Georgia,1:0-17,97,91,105,99,111,102,102,96,99,97,94,92,82,80,91,90,77,76,85,84,86,85,87,84
13,GA-Georgia,2:18-39,29297,1720,29581,1736,29518,1741,29928,1824,30213,1889,30727,1905,31354,1906,31678,1873,32721,1875,34191,1900,35585,1801,36458,1803
13,GA-Georgia,3:40-64,158824,6749,166969,7168,175395,7465,185708,7809,193177,8319,199656,8724,206521,8997,212910,9326,220986,9810,230822,10146,239885,10281,248078,10579
13,GA-Georgia,4:65-75,435218,3129,445146,3389,457629,3454,477614,3690,498419,3789,523029,3975,552154,4242,574679,4449,599236,4759,635019,4947,680912,5191,720270,5496
13,GA-Georgia,5:75-85,275135,2027,278969,2146,282018,2215,288714,2234,293603,2270,299235,2336,303285,2468,308366,2596,315377,2790,321828,2877,329656,2951,339657,3053
13,GA-Georgia,6:85+,103631,438,105466,482,107733,516,112165,551,116603,602,120413,633,123867,643,126526,698,129935,733,132549,775,136037,793,138844,852
15,HI-Hawaii,1:0-17,14,14,13,13,14,14,,,,,,,,,,,,,,,,,,
15,HI-Hawaii,2:18-39,2949,223,2917,208,2893,200,2941,212,2982,206,3031,207,3133,215,3200,222,3321,225,3508,227,3615,216,3653,208
15,HI-Hawaii,3:40-64,14438,987,15421,1007,16405,1058,17228,1108,17935,1173,18487,1210,18849,1241,19217,1227,19829,1290,20630,1371,21020,1408,21353,1502
15,HI-Hawaii,4:65-75,78312,580,78105,594,78589,641,79625,667,81165,720,83395,723,87315,750,91737,796,96029,825,102051,808,108702,854,115281,906
15,HI-Hawaii,5:75-85,61589,412,62907,465,63784,506,64657,507,64815,543,64629,558,64334,574,63492,602,63123,568,62407,555,62298,532,62469,538
15,HI-Hawaii,6:85+,21847,111,22903,117,24044,144,25446,162,26993,182,28638,181,29930,181,31742,213,33164,217,34807,218,36255,222,37212,239
16,ID-Idaho,1:0-17,16,15,13,12,,,11,,,,13,12,12,11,,,,,,,11,11,,
16,ID-Idaho,2:18-39,4285,137,4568,137,4853,127,5156,147,5537,160,5748,156,5840,166,6047,174,6407,173,6737,183,7067,179,7318,181
16,ID-Idaho,3:40-64,19918,520,21561,509,23320,506,25078,534,26660,555,28099,588,29062,588,30187,609,31695,634,33153,644,34330,677,35586,710
16,ID-Idaho,4:65-75,80070,256,82415,270,85406,273,89058,289,92854,286,97634,307,103090,365,107338,374,111776,415,117772,418,125916,442,132921,454
16,ID-Idaho,5:75-85,55504,206,56223,215,57189,240,57992,246,58322,243,59007,242,59542,256,60372,279,61502,295,62813,299,64562,275,66948,297
16,ID-Idaho,6:85+,22142,46,23072,43,23460,50,24418,55,25539,54,26361,79,27076,91,27849,90,28536,98,29231,101,29431,91,29796,93
17,IL-Illinois,1:0-17,123,103,110,92,105,87,115,97,100,89,94,82,90,80,95,87,85,76,84,69,85,69,79,65
17,IL-Illinois,2:18-39,40312,1666,41118,1615,41856,1595,42866,1595,43225,1633,43563,1669,43920,1653,44338,1615,45365,1626,46361,1565,46682,1484,46893,1437
17,IL-Illinois,3:40-64,173770,6730,182073,7067,191548,7134,202363,7382,211095,7725,218113,8133,224068,8329,230735,8519,239793,8663,248299,8746,254467,8788,259172,8859
17,IL-Illinois,4:65-75,728410,3933,732371,4201,732275,4294,737173,4417,748962,4578,773207,4916,799841,5263,817673,5298,836321,5436,871177,5600,917861,5798,953109,6036
17,IL-Illinois,5:75-85,551472,3354,551135,3549,551193,3552,552963,3697,547898,3816,543396,4104,537581,4141,532985,4151,533067,4220,532809,4300,534509,4322,540304,4443
17,IL-Illinois,6:85+,226956,850,230299,927,231862,969,237259,1068,243122,1166,248686,1344,254889,1427,259969,1472,266032,1569,271138,1651,275366,1693,278342,1724
18,IN-Indiana,1:0-17,63,52,66,57,57,49,63,55,62,56,70,68,75,72,70,67,68,64,71,64,64,60,53,49
18,IN-Indiana,2:18-39,23600,853,24258,849,24678,796,25625,814,25943,820,26323,837,27081,846,27631,802,28497,764,29489,748,29909,773,30151,793
18,IN-Indiana,3:40-64,107227,3091,112902,3337,118915,3451,126010,3715,131940,3907,136812,4037,142626,4179,148657,4188,156356,4283,164469,4368,170518,4429,176107,4567
18,IN-Indiana,4:65-75,388876,1844,391031,1925,392693,1912,398655,1995,406853,2059,419733,2206,434708,2311,445541,2303,455360,2421,474416,2496,500142,2605,520258,2813
18,IN-Indiana,5:75-85,282381,1562,283989,1656,284862,1609,286630,1805,285535,1811,284753,1872,282726,1900,280968,1933,280709,1952,280584,1960,281687,1949,284867,2093
18,IN-Indiana,6:85+,107487,359,109536,369,110424,372,114124,416,117921,476,121072,534,124814,583,128319,627,131685,683,134674,694,137018,670,138774,689
19,IA-Iowa,1:0-17,40,37,35,29,35,33,34,32,30,30,25,25,28,28,22,21,27,20,33,26,27,24,23,21
19,IA-Iowa,2:18-39,11026,340,11144,293,11459,290,11675,282,11614,292,11762,295,11816,304,11808,297,12058,297,12436,274,12595,271,12972,270
19,IA-Iowa,3:40-64,45174,1148,47543,1150,50136,1180,52514,1220,54515,1243,56069,1275,57542,1282,59049,1266,60952,1284,62973,1319,64397,1344,65882,1340
19,IA-Iowa,4:65-75,206636,734,206380,742,206247,790,207485,797,209949,847,214546,836,219841,892,223004,887,226492,891,233793,891,244982,904,254392,999
19,IA-Iowa,5:75-85,164422,788,163844,803,163779,853,163500,836,161754,796,160854,796,159180,807,157372,785,156761,808,156361,738,155865,764,156243,779
19,IA-Iowa,6:85+,74323,197,75328,224,75519,223,77099,258,79020,308,80176,305,81412,305,82325,307,83653,305,84777,320,85755,320,86075,306
20,KS-Kansas,1:0-17,17,16,23,21,22,20,23,19,20,19,24,23,20,19,21,20,24,21,34,28,28,25,30,27
20,KS-Kansas,2:18-39,8984,301,9059,302,9205,303,9460,302,9524,310,9641,318,9877,309,10269,296,10762,313,11387,299,11916,278,12206,271
20,KS-Kansas,3:40-64,40200,1241,42290,1278,44803,1295,47525,1351,49730,1367,51666,1412,53526,1447,55690,1435,58037,1484,60193,1509,61690,1573,63171,1587
20,KS-Kansas,4:65-75,169893,675,169761,696,170140,719,170888,752,172748,774,176470,765,181882,821,185915,866,189807,872,197749,888,209323,913,218407,959
20,KS-Kansas,5:75-85,133139,595,133031,641,132980,633,132826,660,131653,674,130936,677,129417,683,128428,643,127754,619,127295,627,126780,631,127220,651
20,KS-Kansas,6:85+,58517,141,58991,140,59353,142,60871,160,62271,191,63171,184,64134,191,64919,187,66297,228,67027,238,67514,247,68059,254
21,KY-Kentucky,1:0-17,43,39,40,37,41,36,38,34,40,37,34,32,24,21,22,19,24,17,24,18,18,14,23,20
21,KY-Kentucky,2:18-39,23554,557,24042,548,24571,529,25331,543,25884,545,26235,562,26551,540,26760,512,27641,488,28514,482,28767,478,28516,466
21,KY-Kentucky,3:40-64,124822,2022,130532,2151,137333,2238,144547,2431,150521,2500,155837,2584,160649,2704,165131,2825,171599,2906,177823,2957,181697,2878,184191,2929
21,KY-Kentucky,4:65-75,270763,1175,274675,1208,278360,1267,285558,1415,292933,1473,302234,1516,312559,1554,319725,1588,327126,1667,341817,1706,360882,1792,375465,1882
21,KY-Kentucky,5:75-85,182378,790,183273,870,184699,937,186632,1057,186286,1062,186919,1128,187223,1145,187853,1182,189028,1228,189859,1233,191046,1210,194791,1228
21,KY-Kentucky,6:85+,67529,157,67821,168,67843,167,69922,208,72193,247,73841,280,75585,310,77314,317,78973,351,80287,345,81974,362,82944,352
22,LA-Louisiana,1:0-17,72,71,68,68,64,63,63,61,57,55,55,53,53,52,52,51,51,50,58,58,59,58,56,56
22,LA-Louisiana,2:18-39,19936,1036,20269,1035,20637,1015,19238,922,20304,923,21212,936,21714,938,22025,975,22809,980,24172,951,25175,949,25885,959
22,LA-Louisiana,3:40-64,96077,4181,100779,4393,105868,4514,103453,4240,109821,4309,115439,4428,120456,4584,124165,4697,129249,4955,134242,5044,138689,5019,142233,5165
22,LA-Louisiana,4:65-75,269301,2056,271215,2237,273042,2229,265829,2088,271679,2141,279255,2246,289647,2303,297143,2345,304320,2446,319349,2536,336312,2578,350843,2756
22,LA-Louisiana,5:75-85,184513,1473,185859,1583,186541,1632,179481,1601,179343,1531,180067,1477,179604,1482,179978,1477,180892,1480,181386,1495,182669,1483,185071,1554
22,LA-Louisiana,6:85+,69696,318,69875,345,70156,393,69221,388,69722,368,71425,394,72674,417,73659,438,75340,444,76902,429,78627,407,79483,446
23,ME-Maine,1:0-17,,,14,13,13,12,,,,,,,,,,,,,,,,,,
23,ME-Maine,2:18-39,7834,128,8121,135,8377,138,8618,136,8744,134,9041,121,9367,109,9461,107,9681,90,9903,86,10130,90,10074,85
23,ME-Maine,3:40-64,33627,448,35620,485,37843,507,40058,510,41782,547,43762,536,44988,559,46036,553,47547,551,48882,542,49838,553,50679,535
23,ME-Maine,4:65-75,96309,329,96714,354,97280,378,98396,375,100091,366,103367,361,107917,389,111319,392,114316,382,120051,367,128331,382,135303,393
23,ME-Maine,5:75-85,68603,279,69344,292,70228,325,70597,341,70936,338,71463,307,71237,325,71215,302,71369,296,71637,296,72050,281,72785,265
23,ME-Maine,6:85+,27322,65,27815,82,28179,90,28907,97,29763,96,30759,106,31426,114,32291,110,33216,100,34024,95,34854,87,35537,96
24,MD-Maryland,1:0-17,68,61,61,59,53,53,54,52,47,45,48,46,48,45,45,43,34,33,34,30,33,31,26,25
24,MD-Maryland,2:18-39,14617,888,14540,854,14620,839,14851,828,15165,833,15484,788,15941,761,16368,731,17234,717,18510,717,19458,698,20104,696
24,MD-Maryland,3:40-64,70517,3843,74505,4078,78371,4149,82453,4309,86301,4500,89448,4561,92043,4701,95034,4783,99434,4855,104313,4900,108087,4852,111123,4795
24,MD-Maryland,4:65-75,307736,2086,310276,2185,312710,2257,316051,2334,322952,2410,334597,2483,349574,2590,361323,2671,373954,2698,393883,2804,419655,2807,441581,2983
24,MD-Maryland,5:75-85,222230,1607,223887,1677,224779,1770,225277,1849,223514,1871,223035,1855,221895,1857,221191,1903,221589,1952,222627,1982,225156,1913,230169,2016
24,MD-Maryland,6:85+,81274,333,83974,368,86370,412,90807,490,94851,518,98615,507,101787,508,105115,532,108251,563,111004,600,113670,615,115774,653
25,MA-Massachusetts,1:0-17,33,28,27,25,25,24,27,26,29,28,22,22,20,20,28,28,28,27,31,30,25,25,23,22
25,MA-Massachusetts,2:18-39,28370,536,28523,533,28882,515,29413,494,29909,478,30646,485,31345,477,31913,438,33340,436,34940,418,36045,425,37030,432
25,MA-Massachusetts,3:40-64,114741,2182,119393,2257,125647,2333,132052,2385,138057,2482,143170,2489,147599,2478,152413,2544,158804,2588,164247,2506,168573,2538,172708,2592
25,MA-Massachusetts,4:65-75,398158,1578,393701,1590,389919,1608,388940,1666,393141,1640,404594,1714,421050,1781,433405,1771,447138,1858,471982,1933,503187,1970,529338,2081
25,MA-Massachusetts,5:75-85,323969,1581,322738,1688,321464,1795,319097,1791,315715,1775,313195,1797,308726,1787,304597,1694,301988,1701,299965,1710,298753,1674,299007,1680
25,MA-Massachusetts,6:85+,137051,432,139279,499,140718,514,144478,563,148491,641,151867,640,156037,694,159742,738,163874,787,166845,779,169155,809,171814,803
26,MI-Michigan,1:0-17,87,80,80,77,82,80,99,99,83,83,75,75,73,73,58,58,73,70,66,64,58,56,61,55
26,MI-Michigan,2:18-39,39713,1461,40753,1454,41835,1442,42997,1392,43596,1393,43993,1363,45050,1335,46003,1312,48089,1274,50363,1273,51910,1244,52601,1237
26,MI-Michigan,3:40-64,185159,5483,195237,5800,206119,6232,218078,6682,227630,6848,235567,7013,244611,7159,255295,7244,269870,7392,285019,7371,295616,7349,305199,7423
26,MI-Michigan,4:65-75,628667,3123,629270,3251,629565,3607,633268,3700,645774,3774,669427,3906,697268,4108,715645,4206,732202,4432,765112,4566,809496,4675,845198,4876
26,MI-Michigan,5:75-85,466155,2701,468132,2756,470526,3134,472291,3392,469687,3482,466802,3425,461783,3487,458087,3415,457116,3428,455762,3453,455842,3407,459905,3467
26,MI-Michigan,6:85+,173760,538,178499,591,181496,723,188117,843,195478,950,201505,1025,207239,1083,212943,1167,219595,1224,224773,1295,229516,1247,232726,1236
27,MN-Minnesota,1:0-17,46,43,35,34,29,27,31,30,40,40,40,40,48,48,46,45,36,35,33,32,28,27,27,25
27,MN-Minnesota,2:18-39,16577,466,17078,431,17630,411,18239,429,18905,459,19364,452,19865,440,20407,441,21283,454,22220,459,22917,484,23392,491
27,MN-Minnesota,3:40-64,64080,1551,67895,1603,72390,1714,76998,1853,80936,1987,84144,2002,87218,2087,90599,2074,94852,2137,98978,2128,101973,2084,104977,2142
27,MN-Minnesota,4:65-75,294910,1042,297445,999,300552,1138,304772,1179,312014,1224,323600,1226,337073,1293,347758,1377,358229,1440,374851,1484,397121,1546,415818,1512
27,MN-Minnesota,5:75-85,222676,1098,223184,1115,224454,1250,225353,1309,225536,1348,225616,1363,225596,1333,225580,1296,227030,1307,228454,1249,230611,1202,234319,1202
27,MN-Minnesota,6:85+,99965,295,101935,329,103014,394,105699,434,108839,461,112037,483,114675,477,117061,503,119677,505,121754,510,123709,497,125491,492
28,MS-Mississippi,1:0-17,46,40,40,36,48,44,54,49,44,44,41,40,44,43,37,36,35,34,33,31,36,36,36,36
28,MS-Mississippi,2:18-39,16779,725,17262,709,17602,702,17653,735,17601,739,17574,750,17510,768,17418,796,17587,834,17684,784,17731,745,17623,756
28,MS-Mississippi,3:40-64,83701,2802,88113,2901,93104,3037,97345,3143,100369,3356,102774,3437,105183,3537,107400,3646,110836,3742,114132,3790,116381,3827,118502,3967
28,MS-Mississippi,4:65-75,182396,1370,184721,1401,187469,1463,189782,1490,193671,1579,198594,1670,205305,1732,209140,1730,213359,1777,222256,1833,233268,1877,242152,1964
28,MS-Mississippi,5:75-85,119953,796,121112,833,121328,909,121978,986,121582,968,122229,986,122663,1046,123505,1062,124862,1059,125349,1081,126834,1092,128722,1086
28,MS-Mississippi,6:85+,47961,154,47403,169,47730,172,48371,185,48853,202,49353,217,49901,235,50371,261,51031,275,52153,297,53081,303,53871,272
29,MO-Missouri,1:0-17,57,56,50,46,52,51,53,49,53,50,54,53,51,50,42,40,49,46,51,50,47,44,48,45
29,MO-Missouri,2:18-39,24256,787,24828,766,25272,763,26163,792,26707,801,26905,808,27601,819,28035,797,29261,773,30195,740,31316,724,31842,705
29,MO-Missouri,3:40-64,118363,3205,125666,3314,133942,3419,141966,3567,148405,3790,152863,3847,157597,3971,162552,4080,169496,4210,176343,4172,182382,4157,187578,4218
29,MO-Missouri,4:65-75,385372,1888,387063,1903,389852,1914,394255,1929,402486,2086,414170,2176,427787,2234,437129,2263,446001,2302,462899,2363,486258,2466,504697,2565
29,MO-Missouri,5:75-85,277299,1579,277981,1641,278465,1711,279244,1685,277875,1665,277912,1672,277499,1707,277071,1719,277383,1688,277286,1711,278680,1732,281587,1782
29,MO-Missouri,6:85+,113294,348,113708,388,113861,447,116240,466,119415,494,121668,503,123619,514,125405,524,128239,543,130005,547,131900,558,133595,543
30,MT-Montana,1:0-17,15,14,,,,,,,,,,,,,,,,,,,,,,
30,MT-Montana,2:18-39,2948,94,2987,87,2974,88,3035,80,3103,86,3236,89,3399,89,3536,92,3747,93,3910,87,4114,91,4193,91
30,MT-Montana,3:40-64,16863,391,17654,407,18424,415,19192,431,19753,435,20450,432,21040,436,21608,436,22794,422,23696,432,24472,429,25071,446
30,MT-Montana,4:65-75,63841,175,64840,189,65739,205,67286,215,69518,237,72690,256,76467,256,79034,258,81816,280,85582,287,91106,313,96050,320
30,MT-Montana,5:75-85,44714,186,45045,181,45408,180,45726,173,45925,163,46120,152,46007,150,46144,138,46849,152,47510,147,48198,157,49242,167
30,MT-Montana,6:85+,18626,26,18974,38,19384,48,20111,51,20667,53,21066,50,21530,47,21861,49,22177,48,22490,43,22771,44,23202,54
31,NE-Nebraska,1:0-17,26,24,27,27,25,24,22,22,22,22,17,16,13,13,,,11,,18,16,16,15,14,14
31,NE-Nebraska,2:18-39,5609,196,5720,194,5846,192,5974,200,6124,189,6169,179,6325,188,6389,180,6526,177,6753,168,6948,178,7005,178
31,NE-Nebraska,3:40-64,24509,808,25748,831,27292,858,28733,897,29872,941,30737,919,31770,933,32614,923,33702,926,34751,931,35428,938,35899,951
31,NE-Nebraska,4:65-75,112595,450,112081,445,112080,476,112091,478,113009,491,115403,525,118317,513,120356,538,122655,563,126908,517,133915,526,140202,534
31,NE-Nebraska,5:75-85,86124,428,86375,449,86589,479,86918,469,86884,490,86594,472,85961,436,85500,439,85078,434,85083,417,84711,398,84778,418
31,NE-Nebraska,6:85+,39088,125,39309,137,39182,131,39968,139,40806,144,41630,159,42178,166,42807,164,43708,171,44208,165,44700,142,45167,145
32,NV-Nevada,1:0-17,19,15,17,12,19,11,20,17,24,23,27,26,29,29,27,26,24,21,22,21,15,13,17,15
32,NV-Nevada,2:18-39,5408,268,5766,268,6001,275,6234,279,6346,284,6556,305,6608,336,6720,309,7117,327,7442,333,7815,350,8027,351
32,NV-Nevada,3:40-64,31455,964,34215,1042,36964,1102,39540,1195,41204,1281,42395,1336,43626,1458,44931,1484,47295,1576,49894,1700,51838,1738,53895,1817
32,NV-Nevada,4:65-75,139126,507,144904,591,148852,669,153351,664,158786,695,166604,777,175197,820,181770,900,189078,977,200773,1050,214790,1125,227322,1207
32,NV-Nevada,5:75-85,80358,356,83432,412,85767,447,87656,476,88563,510,90067,525,91382,537,93174,540,95475,632,98462,645,102074,699,106535,770
32,NV-Nevada,6:85+,22739,62,24128,90,25084,97,26624,111,28384,126,29732,143,31161,168,32411,172,34238,182,35556,204,36858,203,38121,217
33,NH-New Hampshire,1:0-17,,,,,,,,,,,,,,,,,,,,,,,,
33,NH-New Hampshire,2:18-39,5221,109,5394,96,5673,103,5982,90,6276,81,6545,78,6883,70,7032,74,7483,70,8096,64,8643,64,9049,68
33,NH-New Hampshire,3:40-64,21353,341,22832,363,24423,366,26414,386,27963,427,29336,410,30509,404,31630,423,33226,422,35111,414,36388,425,37760,417
33,NH-New Hampshire,4:65-75,79286,236,80032,253,80863,273,82239,283,84413,276,88171,280,92558,291,96177,275,99605,306,105391,293,113678,284,120508,296
33,NH-New Hampshire,5:75-85,55873,211,56413,227,57175,257,57729,241,57982,212,58522,211,58655,233,58627,233,59154,237,59653,227,60113,235,61038,276
33,NH-New Hampshire,6:85+,22251,47,22973,51,23646,55,24447,70,25284,77,26061,81,26599,75,27561,81,28542,80,29408,100,29976,89,30605,88
34,NJ-New Jersey,1:0-17,89,77,92,84,75,71,76,73,79,76,62,60,54,53,50,46,44,38,43,38,35,30,37,32
34,NJ-New Jersey,2:18-39,25461,1174,24947,1136,24883,1088,24853,1052,24432,1022,24297,1039,24326,1002,24336,973,25351,989,26344,925,27208,904,27683,890
34,NJ-New Jersey,3:40-64,121688,5059,126797,5201,132688,5267,138662,5399,143551,5625,147185,5646,150942,5815,155478,6005,161198,6137,166592,6177,170956,6209,175105,6201
34,NJ-New Jersey,4:65-75,537731,3091,534097,3145,530563,3275,529850,3294,535284,3382,550803,3459,569600,3592,582766,3672,598671,3838,627451,4025,661979,4157,687873,4355
34,NJ-New Jersey,5:75-85,418950,2762,420014,2933,419705,3070,418067,3187,414578,3286,411282,3246,405826,3352,400934,3312,398235,3218,395716,3331,394766,3373,395332,3387
34,NJ-New Jersey,6:85+,163337,755,166635,847,169401,867,175430,999,181758,1034,187492,1105,193177,1230,198281,1298,203471,1344,207513,1441,211332,1431,214010,1459
35,NM-New Mexico,1:0-17,27,24,21,19,24,21,25,22,23,21,13,11,15,13,15,15,14,14,13,13,12,12,,
35,NM-New Mexico,2:18-39,6096,256,6357,256,6661,265,7004,286,7445,288,7856,255,8156,252,8428,260,8759,251,9227,265,9672,258,9837,260
35,NM-New Mexico,3:40-64,32382,1237,34234,1282,36711,1352,39461,1417,41873,1451,44427,1499,46400,1592,48070,1638,50105,1675,51873,1657,53321,1684,54470,1685
35,NM-New Mexico,4:65-75,115520,679,117830,721,120134,717,124132,759,128006,820,132748,859,138184,878,142581,881,147654,918,155293,944,164805,947,172630,1006
35,NM-New Mexico,5:75-85,74375,413,75607,457,77338,455,79287,484,80432,501,81370,512,82072,540,83511,548,84654,567,86292,562,87727,566,89643,544
35,NM-New Mexico,6:85+,27170,58,27986,69,28278,73,29495,84,30946,95,32095,102,33187,103,34040,115,35126,123,35746,136,36570,148,37435,153
36,NY-New York,1:0-17,175,156,179,158,162,141,170,154,163,149,154,141,140,131,147,134,162,146,153,137,140,128,123,113
36,NY-New York,2:18-39,67780,2382,66834,2308,65935,2195,65833,2119,65550,2110,65982,2081,66920,2068,67544,1990,69852,1962,72606,1918,74267,1843,75161,1813
36,NY-New York,3:40-64,332611,10873,344318,11048,357435,10987,371749,11359,384559,11472,395646,11786,407546,12050,420028,12126,434182,12238,445790,12183,454167,12140,461329,12169
36,NY-New York,4:65-75,1183364,6106,1176833,6697,1173023,6733,1173203,7039,1182540,7165,1211444,7407,1247405,7813,1272061,7826,1302126,7956,1358295,8230,1429374,8356,1486997,8729
36,NY-New York,5:75-85,893713,5093,897393,5717,898309,5765,895437,5947,888292,5967,882424,6165,873106,6350,864736,6458,860666,6522,858509,6541,859425,6488,863355,6533
36,NY-New York,6:85+,374713,1358,379483,1593,383214,1692,393218,1947,402792,2047,412283,2203,422950,2371,430120,2484,440763,2636,449479,2680,456878,2833,463205,2934
37,NC-North Carolina,1:0-17,78,72,79,77,74,71,95,92,93,90,93,90,90,86,80,79,72,70,79,74,83,73,82,73
37,NC-North Carolina,2:18-39,33508,1514,34165,1531,34710,1534,35424,1570,36036,1617,36912,1637,37499,1644,37690,1585,38974,1593,40038,1570,40837,1544,41116,1540
37,NC-North Carolina,3:40-64,189623,6480,201326,6919,212868,7181,225433,7555,235555,7854,244499,8042,251544,8323,259102,8556,268940,8827,276914,9038,282335,8990,287948,9045
37,NC-North Carolina,4:65-75,536378,3314,544103,3468,554109,3568,569440,3757,589886,3970,615071,4092,645163,4164,667051,4180,689808,4367,727401,4438,776046,4720,816875,5063
37,NC-North Carolina,5:75-85,354363,2165,360750,2311,365411,2388,371158,2482,373957,2440,379466,2501,382426,2603,386833,2614,393753,2796,398976,2842,405743,2817,414535,2857
37,NC-North Carolina,6:85+,127667,397,130726,435,133683,451,139661,511,145851,596,151537,611,156656,636,161737,611,166381,624,170900,669,176155,742,180298,763
38,ND-North Dakota,1:0-17,,,,,,,,,,,,,,,,,,,,,,,,
38,ND-North Dakota,2:18-39,2045,60,2060,56,2072,64,2118,62,2153,67,2216,55,2276,64,2282,62,2308,63,2401,61,2473,61,2498,63
38,ND-North Dakota,3:40-64,9012,266,9379,273,9700,280,10149,295,10505,302,10826,286,11175,297,11481,310,11736,309,12042,328,12163,312,12293,332
38,ND-North Dakota,4:65-75,44489,148,44130,137,43602,159,43477,163,43827,199,44341,191,45277,208,45901,203,46677,222,48017,237,50175,242,52194,241
38,ND-North Dakota,5:75-85,34692,141,34905,147,35006,164,34970,188,34760,198,34627,214,34534,214,34365,202,34095,219,33789,213,33395,197,33146,197
38,ND-North Dakota,6:85+,16935,44,17063,52,16971,62,17244,58,17500,69,17639,74,17822,80,18137,94,18439,93,18534,99,18688,85,18833,78
39,OH-Ohio,1:0-17,133,120,110,102,100,90,93,88,102,95,103,98,99,95,86,82,83,77,73,69,72,64,69,60
39,OH-Ohio,2:18-39,44290,1541,45333,1507,46187,1469,47245,1492,47751,1523,48149,1504,49338,1477,49861,1480,51377,1436,53478,1449,54741,1425,55280,1377
39,OH-Ohio,3:40-64,196664,6214,204286,6595,214047,6784,224759,7270,233450,7634,240817,7869,250147,8057,259891,8189,273605,8481,287778,8566,298084,8633,307378,8648
39,OH-Ohio,4:65-75,765543,3967,764323,4298,763161,4296,763534,4361,774630,4425,796423,4638,820420,4811,833053,4862,846248,4988,880555,5213,929798,5379,966821,5606
39,OH-Ohio,5:75-85,576442,3323,577681,3541,578776,3655,578587,3906,572142,3977,567560,4132,560047,4126,555177,4062,552384,4138,550261,4120,549859,4071,553090,4086
39,OH-Ohio,6:85+,213026,736,217488,818,219673,860,227090,955,235207,1104,242162,1175,249803,1320,256162,1406,263519,1502,268741,1478,273552,1497,276747,1516
40,OK-Oklahoma,1:0-17,38,36,42,40,46,45,43,43,44,41,44,39,42,40,44,41,48,45,50,48,50,45,44,42
40,OK-Oklahoma,2:18-39,11477,449,12029,463,12620,465,13575,503,14473,503,15303,520,16086,529,16649,523,17420,540,18158,506,18724,506,18897,537
40,OK-Oklahoma,3:40-64,66907,2047,70827,2148,75482,2173,81123,2258,85829,2329,90610,2380,94680,2483,97710,2534,101760,2689,105818,2739,108268,2726,110346,2850
40,OK-Oklahoma,4:65-75,237715,1130,239968,1199,242967,1220,246444,1260,251579,1239,258000,1244,266059,1315,271770,1388,276494,1402,286908,1470,300409,1466,310766,1606
40,OK-Oklahoma,5:75-85,163060,699,163340,756,163729,795,165126,841,164585,878,164948,907,164971,915,165586,924,166537,944,166998,938,168019,886,170607,955
40,OK-Oklahoma,6:85+,62889,140,63082,181,62858,177,64089,214,65560,198,66420,203,67509,243,68382,243,70155,269,71002,289,71877,291,72662,299
41,OR-Oregon,1:0-17,40,40,41,38,42,40,46,45,48,47,42,41,33,32,27,26,25,25,29,29,30,30,28,28
41,OR-Oregon,2:18-39,11012,353,11088,356,11240,363,11507,363,11570,350,11932,333,12217,361,12555,359,13324,366,14169,354,14814,352,15456,353
41,OR-Oregon,3:40-64,56019,1336,59843,1429,63610,1517,67714,1554,70861,1571,73327,1644,75747,1721,78826,1747,82892,1843,86525,1840,89087,1833,91879,1894
41,OR-Oregon,4:65-75,223820,699,227487,795,232681,777,239541,834,247454,858,259540,836,273222,880,284715,948,297174,1028,315843,1094,338839,1247,358805,1324
41,OR-Oregon,5:75-85,171019,681,171297,726,171859,731,172133,766,171389,762,170103,760,168849,776,168391,762,168973,785,170113,789,172287,795,176468,813
41,OR-Oregon,6:85+,68833,164,70971,176,72678,193,75550,215,78404,232,80758,251,83125,278,84964,296,86975,306,88524,314,89569,293,90283,294
42,PA-Pennsylvania,1:0-17,108,84,103,91,101,90,88,82,91,85,88,81,82,77,80,77,84,78,82,75,80,72,80,71
42,PA-Pennsylvania,2:18-39,45397,1523,47151,1430,48789,1374,50577,1361,52058,1318,53561,1312,55309,1324,56301,1263,58331,1250,60352,1220,61687,1189,62247,1144
42,PA-Pennsylvania,3:40-64,216981,6501,229574,6731,244021,6875,259292,7066,273674,7342,286032,7420,297368,7517,308719,7686,322011,7912,333703,7998,342727,7957,352827,7978
42,PA-Pennsylvania,4:65-75,909285,4438,899137,4519,890213,4476,886485,4581,892736,4648,913688,4679,940819,4794,954644,4972,970887,5120,1011460,5292,1068409,5507,1111276,5853
42,PA-Pennsylvania,5:75-85,743354,4165,741804,4377,739470,4472,734972,4661,725184,4615,716396,4623,703861,4545,690688,4604,681753,4518,673050,4463,665805,4257,663638,4437
42,PA-Pennsylvania,6:85+,283833,951,290399,1031,294882,1122,304038,1321,313388,1362,321947,1418,330285,1541,338378,1735,347428,1781,354616,1818,360298,1832,363907,1776
44,RI-Rhode Island,1:0-17,,,,,,,,,,,,,,,,,,,,,,,,
44,RI-Rhode Island,2:18-39,4789,114,4797,115,4899,108,4949,101,5006,95,5082,95,5156,88,5226,87,5426,88,5550,87,5710,85,5765,87
44,RI-Rhode Island,3:40-64,21832,423,22762,424,24043,428,25185,425,26090,428,26931,406,27790,416,28310,422,29363,438,30413,446,31014,457,31589,465
44,RI-Rhode Island,4:65-75,67834,281,66782,294,65926,282,65413,272,65881,265,67734,283,70143,299,72150,298,74143,289,78077,312,82838,314,86712,326
44,RI-Rhode Island,5:75-85,60211,336,59732,351,59140,350,58325,372,57087,314,55661,299,54376,318,52980,333,51879,315,50648,311,49845,298,49533,308
44,RI-Rhode Island,6:85+,24974,86,25509,102,25951,112,26695,133,27360,128,28118,134,28693,138,29379,145,30091,151,30594,137,30982,142,31210,132
45,SC-South Carolina,1:0-17,56,54,50,50,46,43,52,52,44,43,38,37,36,36,32,32,36,33,27,27,45,38,47,45
45,SC-South Carolina,2:18-39,17490,890,17841,887,18110,848,18404,849,18452,886,18710,916,18874,899,18894,867,19412,866,19992,842,20264,806,20505,795
45,SC-South Carolina,3:40-64,102199,3647,108286,3875,114640,4135,121086,4270,126258,4472,130265,4625,133788,4739,138180,4837,143565,4952,148868,4956,153292,4952,156922,5137
45,SC-South Carolina,4:65-75,269427,1811,274768,1910,282632,2022,294463,2077,307134,2208,322507,2275,340182,2426,353256,2509,367748,2589,389753,2583,416116,2705,439906,2869
45,SC-South Carolina,5:75-85,174583,1143,177346,1234,179225,1302,182230,1349,183698,1311,186838,1367,189448,1418,192404,1396,196302,1446,200501,1479,205284,1533,211433,1642
45,SC-South Carolina,6:85+,60944,187,62174,220,64008,262,67466,284,70818,311,73978,325,76760,319,79171,323,81622,329,83372,328,85648,349,87253,364
46,SD-South Dakota,1:0-17,17,17,14,13,11,11,,,,,,,,,,,,,,,,,,
46,SD-South Dakota,2:18-39,2656,76,2625,76,2614,77,2674,84,2719,83,2808,80,2913,80,2919,80,3035,84,3172,82,3245,78,3329,84
46,SD-South Dakota,3:40-64,11656,379,12131,365,12622,383,13184,386,13595,413,13972,424,14270,421,14610,410,14935,417,15409,414,15865,441,16181,451
46,SD-South Dakota,4:65-75,52662,215,52692,217,53315,227,54026,236,55113,237,57046,233,59197,236,60748,245,62105,264,64510,275,68034,285,71622,287
46,SD-South Dakota,5:75-85,40366,196,40715,193,40917,219,41209,230,41194,230,41241,224,40926,211,40832,195,40870,219,40919,189,40998,185,41179,196
46,SD-South Dakota,6:85+,18548,62,18909,63,19112,89,19512,86,19992,76,20227,81,20771,84,21070,86,21450,78,21727,71,21759,68,21936,69
47,TN-Tennessee,1:0-17,73,68,77,71,65,61,65,62,60,60,57,56,48,47,52,52,40,40,42,40,43,39,35,30
47,TN-Tennessee,2:18-39,26563,1020,26938,981,27525,964,28011,958,28175,941,28433,960,28826,968,28832,935,29599,952,30835,972,31746,972,31727,923
47,TN-Tennessee,3:40-64,142387,3917,149994,4061,159166,4180,168580,4374,176671,4489,182818,4687,188246,4865,193572,5131,201736,5351,210401,5564,216905,5572,222311,5705
47,TN-Tennessee,4:65-75,385250,1984,392102,2037,399764,2074,411728,2156,425150,2231,441613,2346,461299,2486,474977,2533,487693,2703,510869,2845,541579,3017,565357,3267
47,TN-Tennessee,5:75-85,252996,1323,254814,1357,257115,1389,260794,1465,262162,1525,265152,1628,266925,1685,269218,1738,272908,1809,276719,1867,281028,1889,287351,1952
47,TN-Tennessee,6:85+,94630,296,95417,293,96122,302,99124,322,102925,388,105633,412,108081,442,110551,444,113737,462,115492,506,117634,545,119434,539
48,TX-Texas,1:0-17,303,288,278,271,282,276,304,299,287,281,284,276,289,281,275,268,272,259,274,261,267,252,260,246
48,TX-Texas,2:18-39,51756,3670,53457,3675,55918,3716,60126,3826,63548,3936,67066,4003,70614,3978,73400,4131,77998,4178,83649,4174,88041,4114,90171,4093
48,TX-Texas,3:40-64,273441,15161,292452,16227,315824,17142,344428,18453,367548,19306,389387,20161,407929,21055,425509,21750,445563,22934,468223,23752,484701,24251,498543,25077
48,TX-Texas,4:65-75,1135978,7609,1153546,8041,1173532,8368,1204426,8714,1240903,9013,1287044,9365,1346029,9912,1392266,10287,1445507,10819,1528792,11505,1626752,12225,1713944,13047
48,TX-Texas,5:75-85,736094,4667,748975,4967,763355,5229,781129,5665,788604,5821,797908,5969,805200,6093,816067,6303,830431,6569,842957,6728,860783,6902,880974,7211
48,TX-Texas,6:85+,269851,924,273032,1004,278579,1113,290061,1203,301908,1361,312869,1476,322778,1564,332964,1618,344947,1710,355035,1795,364579,1850,373490,1965
49,UT-Utah,1:0-17,23,23,23,22,28,25,31,31,33,32,37,37,32,32,24,23,21,20,24,23,28,27,24,24
49,UT-Utah,2:18-39,5693,291,5927,286,6262,290,6630,300,7031,314,7519,290,7889,292,8072,309,8604,301,9200,306,9623,311,9858,293
49,UT-Utah,3:40-64,21106,699,22569,723,24031,751,25877,749,27867,808,29609,843,30918,840,32200,868,33773,887,35747,903,37614,937,39200,980
49,UT-Utah,4:65-75,102717,311,105124,300,108283,343,112415,397,116338,430,121360,432,127676,468,132242,494,136892,534,143683,534,153172,562,161594,582
49,UT-Utah,5:75-85,70443,255,71348,247,72781,243,74836,279,76079,271,77277,291,78095,301,79710,330,81363,362,82939,380,84734,375,87012,393
49,UT-Utah,6:85+,25942,40,27049,49,27570,60,28889,59,30191,64,31158,78,32326,82,33406,80,34780,82,35862,95,36776,93,37705,99
50,VT-Vermont,1:0-17,,,,,,,,,,,,,,,,,,,,,,,,
50,VT-Vermont,2:18-39,2830,38,2871,37,2925,36,3068,39,3233,35,3328,34,3518,34,3644,39,3909,37,4102,31,4235,28,4338,28
50,VT-Vermont,3:40-64,11793,214,12303,221,13086,217,13802,220,14492,225,15107,231,15636,250,16264,245,16951,247,17637,229,18066,221,18405,206
50,VT-Vermont,4:65-75,40678,137,40938,139,41248,143,41980,152,43101,172,45031,168,47371,166,49134,161,51091,161,54100,158,57885,167,61112,172
50,VT-Vermont,5:75-85,28529,127,28807,130,29272,140,29571,130,29718,147,29790,157,29694,153,29701,146,29918,141,30009,128,30240,135,30648,128
50,VT-Vermont,6:85+,11854,39,12142,40,12349,40,12776,42,13092,36,13537,31,13872,36,14192,40,14671,43,14930,40,15269,41,15452,41
51,VA-Virginia,1:0-17,71,66,64,61,57,54,63,59,68,66,73,69,62,61,55,53,53,50,52,49,56,49,53,45
51,VA-Virginia,2:18-39,24060,1162,24489,1186,24753,1176,25179,1176,26024,1178,26566,1142,27080,1084,27407,1090,28313,1058,29474,1027,30335,984,30652,964
51,VA-Virginia,3:40-64,126443,4777,132868,5110,139854,5319,146982,5563,153535,5800,158470,5833,162335,5979,166320,6023,171346,6124,176304,6110,180271,5982,183405,5998
51,VA-Virginia,4:65-75,428900,2572,435383,2651,442237,2792,453106,2820,465037,2907,483935,2991,507190,3154,525445,3261,543564,3280,573331,3426,609888,3422,639731,3636
51,VA-Virginia,5:75-85,290716,1894,294265,2014,297676,2070,301742,2061,302334,2162,304770,2142,305729,2202,307338,2141,310658,2257,314529,2272,319964,2287,327131,2439
51,VA-Virginia,6:85+,105428,372,108513,417,111068,458,116236,497,121923,506,126292,550,130632,592,134997,625,139509,666,143287,689,146843,689,149704,702
53,WA-Washington,1:0-17,62,60,61,60,56,56,60,60,52,52,54,53,58,58,55,55,66,66,66,66,68,68,73,72
53,WA-Washington,2:18-39,18216,640,18634,662,19249,674,20235,655,21075,642,21857,622,22479,617,22697,639,23890,639,25287,643,26665,639,27474,641
53,WA-Washington,3:40-64,88675,2292,94604,2454,101207,2593,108619,2711,114804,2855,120380,2872,124332,2871,128531,3060,134813,3199,140392,3287,144724,3359,149048,3403
53,WA-Washington,4:65-75,339257,1229,346284,1287,352969,1312,365819,1366,379678,1434,398913,1503,422143,1601,445245,1704,466931,1837,497045,1972,533390,2070,564612,2190
53,WA-Washington,5:75-85,251471,1046,252674,1150,253169,1177,256225,1279,255785,1284,255797,1262,255174,1293,257283,1317,259840,1367,263373,1355,268355,1415,274894,1426
53,WA-Washington,6:85+,99964,249,103314,294,106046,315,111518,370,116947,442,121191,456,124988,444,128386,464,131792,471,134345,505,136179,480,138175,489
54,WV-West Virginia,1:0-17,26,25,25,25,25,24,19,18,19,17,19,17,16,14,13,13,,,,,,,,
54,WV-West Virginia,2:18-39,10719,233,11146,217,11346,205,11595,220,11946,210,12193,216,12406,219,12267,194,12386,195,12484,183,12435,189,12112,175
54,WV-West Virginia,3:40-64,64603,1049,67506,1067,70982,1126,74479,1141,77342,1200,79955,1195,81813,1203,83143,1224,84820,1240,86422,1215,86609,1189,86217,1235
54,WV-West Virginia,4:65-75,144047,674,144188,691,144457,729,145671,736,147995,785,151443,792,155676,776,158170,769,160357,777,166029,831,174842,893,181884,951
54,WV-West Virginia,5:75-85,102243,532,102659,550,102953,596,102889,584,101709,592,101318,554,99774,585,98857,612,98700,592,98410,599,98383,578,98859,614
54,WV-West Virginia,6:85+,36895,118,37120,124,36802,132,37372,140,38405,136,39246,133,40109,144,40780,159,41274,163,42016,176,42638,190,43159,182
55,WI-Wisconsin,1:0-17,55,53,48,46,53,52,59,59,54,54,57,57,47,47,36,36,40,37,34,31,33,29,27,24
55,WI-Wisconsin,2:18-39,19917,672,20334,642,20847,622,21357,619,21627,624,21908,613,22617,607,23239,577,24258,546,25341,548,26063,556,26610,594
55,WI-Wisconsin,3:40-64,80215,2241,84924,2369,90577,2605,96556,2765,101299,2876,105268,2883,109212,2945,114050,2999,120497,3065,126217,3065,130605,3025,134622,3124
55,WI-Wisconsin,4:65-75,352907,1323,353838,1356,355327,1527,357397,1588,363485,1689,374570,1682,387585,1764,396544,1785,407166,1908,425104,1893,449409,1899,470981,1995
55,WI-Wisconsin,5:75-85,265180,1328,266448,1394,268584,1618,270196,1602,269743,1696,269058,1673,267043,1695,265802,1690,266489,1711,266718,1688,267747,1648,269851,1656
55,WI-Wisconsin,6:85+,113692,322,116160,355,117212,405,120225,439,123317,489,126209,567,129105,580,131560,608,134721,645,137191,644,139553,639,141697,639
56,WY-Wyoming,1:0-17,,,,,,,,,,,,,,,,,,,,,,,,
56,WY-Wyoming,2:18-39,1552,50,1512,50,1564,52,1629,44,1639,45,1699,46,1738,43,1768,45,1792,48,1876,45,1977,39,2049,36
56,WY-Wyoming,3:40-64,7580,182,7796,185,8089,180,8441,186,8737,193,9048,194,9313,190,9509,187,9854,197,10269,217,10525,193,10781,198
56,WY-Wyoming,4:65-75,32500,83,32741,85,33212,91,33809,86,34673,82,35963,94,37375,104,38764,103,39854,103,41686,109,44398,121,46663,116
56,WY-Wyoming,5:75-85,20974,63,21471,65,21809,79,22020,89,22081,82,22092,76,22043,68,22190,60,22473,62,22802,68,23119,76,23456,76
56,WY-Wyoming,6:85+,8001,,8070,,8134,,8489,12,8846,16,9062,11,9294,18,9561,17,9774,18,9954,19,10121,20,10438,18
